event,node,start,end,old-value,new-value,change-reason
form start,,1629355177970,,,,
group questions,/data/front_page,1629355177972,1629355182200,,,
group questions,/data/facility_identification,1629355182253,1629355369284,,,
question,/data/facility_identification/b1_4,1629355182254,1629355369284,,Kaliua,
group questions,/data/b2,1629355369319,1629355678582,,,
question,/data/b2/b4_1,1629355369321,1629355678582,,"1, 3, 2, 4, 5, 7, 6",
question,/data/b2/b4_2,1629355369321,1629355678582,,2,
question,/data/b2/b4_3,1629355369321,1629355678582,,0,
question,/data/b2/b2_3,1629355369321,1629355678582,,"2, 3",
question,/data/b2/d1_a_1,1629355369321,1629355678582,,"1, 2, 4",
question,/data/b2/d2_1,1629355369322,1629355678582,,"1, 2, 5, 3, 4",
question,/data/b2/d2_2,1629355369322,1629355678582,,2,
question,/data/b2/d3_2,1629355369322,1629355678582,,3,
question,/data/b2/d3_3,1629355369322,1629355678582,,"1, 2",
question,/data/staff[1]/staff_type,1629355678730,1629355744231,,4,
group questions,/data/b3,1629355744311,1629355749714,,,
question,/data/staff[1]/staff_end,1629355749763,1629355754596,0,1,
question,/data/staff[2]/staff_type,1629355754649,1629355909554,,9,
question,/data/staff[2]/staff_end,1629355916174,1629355918881,1,0,
group questions,/data/b3,1629355918930,1629355920383,,,
question,/data/staff[2]/staff_end,1629355920436,1629355925856,0,1,
question,/data/staff[3]/staff_type,1629355925903,1629355981797,,99,
question,/data/staff[3]/staff_end,1629356000388,1629356002648,1,0,
question,/data/staff[3]/staff_end,1629356014247,1629356017016,0,1,
question,/data/staff[3]/staff_end,1629356018251,1629356020412,1,0,
question,/data/staff[3]/staff_end,1629356030357,1629356039119,0,1,
question,/data/staff[4]/staff_type,1629356039174,1629356071473,,10,
question,/data/staff[4]/staff_end,1629356072889,1629356075111,1,0,
question,/data/staff[4]/staff_end,1629356081190,1629356083349,0,1,
question,/data/staff[4]/staff_end,1629356084718,1629356086574,1,0,
question,/data/staff[4]/staff_end,1629356105558,1629356111720,0,1,
question,/data/staff[4]/staff_end,1629356112884,1629356115228,1,0,
question,/data/staff[4]/staff_end,1629356149947,1629356152740,0,1,
question,/data/staff[5]/staff_type,1629356152783,1629356172803,,10,
group questions,/data/b3,1629356172845,1629356190736,,,
question,/data/b3/b3_a_9,1629356172846,1629356190736,,0,
question,/data/b3/b3_a_10,1629356172846,1629356190736,,1,
group questions,/data/c,1629356190786,1629356656438,,,
question,/data/c/c1_1,1629356190787,1629356656438,,3,
question,/data/c/c2_2,1629356190787,1629356656438,,3,
question,/data/c/c2_4,1629356190787,1629356656438,,1,
question,/data/c/running_water,1629356190787,1629356656438,,1,
question,/data/c/c2_5,1629356190787,1629356656438,,1,
question,/data/c/c2_6,1629356190787,1629356656438,,2,
question,/data/c/c2_7,1629356190787,1629356656438,,"1, 2, 3",
question,/data/c/c2_8,1629356190787,1629356656438,,2,
question,/data/c/c3_a_1,1629356190787,1629356656438,,1,
question,/data/c/c3_b_1,1629356190787,1629356656438,,0,
question,/data/c/c3_b_1b,1629356190787,1629356656438,,0,
group questions,/data/e,1629356656556,1629356893285,,,
question,/data/e/e1_2,1629356656556,1629356893285,,1,
question,/data/e/e1_3,1629356656556,1629356893285,,2,
question,/data/e/e1_4,1629356656556,1629356893285,,1,
question,/data/e/e1_5,1629356656557,1629356893285,,0,
question,/data/e/e1_6,1629356656557,1629356893285,,0,
question,/data/e/e1_8,1629356656557,1629356893285,,0,
question,/data/e/e1_9,1629356656557,1629356893285,,0,
question,/data/e/e1_10,1629356656557,1629356893285,,0,
question,/data/e/e1_11,1629356656557,1629356893285,,0,
question,/data/e/e1_12,1629356656557,1629356893285,,1,
question,/data/e/e2_1,1629356656557,1629356893285,,1,
question,/data/e/e2_3,1629356656557,1629356893285,,0,
question,/data/e/e2_5,1629356656557,1629356893285,,1,
question,/data/e/e2_6,1629356656557,1629356893285,,1,
question,/data/e/e2_7,1629356656557,1629356893285,,1,
question,/data/e/e2_8,1629356656557,1629356893285,,1,
group questions,/data/e3group,1629356893395,1629356952940,,,
question,/data/e3group/e3_1,1629356893396,1629356952940,,0,
question,/data/e3group/e3_4,1629356893396,1629356952940,,0,
question,/data/e3group/e3_5,1629356893396,1629356952940,,0,
question,/data/e3group/e3_6,1629356893396,1629356952940,,0,
question,/data/e3group/e3_7,1629356893396,1629356952940,,0,
question,/data/e3group/e3_8,1629356893396,1629356952940,,97,
group questions,/data/e,1629356952998,1629356964060,,,
group questions,/data/c,1629356964168,1629356986620,,,
question,/data/c/c1_4,1629356964170,1629356986620,2,3,
group questions,/data/e,1629356986742,1629357032490,,,
question,/data/e/e2_9,1629356986743,1629357032490,1,2,
group questions,/data/e3group,1629357032582,1629357071405,,,
question,/data/e3group/e4_1,1629357032583,1629357071405,,96,
group questions,/data/f,1629357071456,1629357206865,,,
question,/data/f/f1_1,1629357071457,1629357206865,,1,
question,/data/f/f4_1,1629357071457,1629357206865,,0,
question,/data/f/f4_3,1629357071457,1629357206865,,0,
group questions,/data/g,1629357206948,1629357440796,,,
question,/data/g/drug_avail1,1629357206950,1629357440796,,1,
question,/data/g/drug_avail2,1629357206950,1629357440796,,1,
question,/data/g/drug_avail3,1629357206950,1629357440796,,4,
question,/data/g/drug_avail4,1629357206950,1629357440796,,4,
question,/data/g/drug_avail5,1629357206950,1629357440796,,4,
question,/data/g/drug_avail6,1629357206950,1629357440796,,0,
question,/data/g/drug_avail7,1629357206950,1629357440796,,1,
question,/data/g/drug_avail8,1629357206950,1629357440796,,1,
question,/data/g/drug_avail9,1629357206950,1629357440796,,1,
question,/data/g/drug_avail10,1629357206950,1629357440796,,4,
question,/data/g/drug_avail11,1629357206950,1629357440796,,4,
question,/data/g/drug_avail12,1629357206950,1629357440796,,1,
question,/data/g/drug_avail13,1629357206950,1629357440796,,4,
question,/data/g/drug_avail14,1629357206950,1629357440796,,4,
question,/data/g/drug_avail15,1629357206950,1629357440796,,1,
question,/data/g/drug_avail16,1629357206950,1629357440796,,4,
question,/data/g/drug_avail17,1629357206950,1629357440796,,1,
question,/data/g/drug_avail18,1629357206950,1629357440796,,0,
question,/data/g/drug_avail19,1629357206950,1629357440796,,0,
question,/data/g/drug_avail20,1629357206950,1629357440796,,1,
question,/data/g/drug_avail21,1629357206951,1629357440796,,0,
question,/data/g/drug_avail22,1629357206951,1629357440796,,0,
question,/data/g/drug_avail23,1629357206951,1629357440796,,4,
question,/data/g/drug_avail24,1629357206951,1629357440796,,0,
question,/data/g/drug_avail25,1629357206951,1629357440796,,1,
question,/data/g/drug_avail26,1629357206951,1629357440796,,4,
question,/data/g/drug_avail27,1629357206951,1629357440796,,1,
question,/data/g/drug_avail28,1629357206951,1629357440796,,1,
question,/data/g/drug_avail29,1629357206951,1629357440796,,1,
question,/data/g/drug_avail30,1629357206951,1629357440796,,1,
question,/data/g/drug_avail31,1629357206951,1629357440796,,1,
question,/data/g/drug_avail32,1629357206951,1629357440796,,4,
question,/data/g/drug_avail33,1629357206951,1629357440796,,0,
question,/data/g/drug_avail34,1629357206951,1629357440796,,0,
question,/data/g/drug_avail35,1629357206951,1629357440796,,1,
question,/data/g/drug_avail36,1629357206951,1629357440796,,1,
question,/data/g/drug_avail37,1629357206951,1629357440796,,1,
question,/data/g/drug_avail38,1629357206951,1629357440796,,0,
question,/data/g/drug_avail39,1629357206951,1629357440796,,0,
question,/data/g/drug_avail40,1629357206951,1629357440796,,1,
question,/data/g/drug_avail41,1629357206951,1629357440796,,1,
question,/data/g/drug_avail42,1629357206951,1629357440796,,1,
question,/data/g/drug_avail43,1629357206951,1629357440796,,1,
question,/data/g/drug_avail44,1629357206951,1629357440796,,4,
question,/data/g/g5_1,1629357206951,1629357440796,,1,
question,/data/g/g5_2,1629357206951,1629357440796,,1,
question,/data/g/g5_3,1629357206951,1629357440796,,2,
group questions,/data/h,1629357441012,1629357584791,,,
question,/data/h/h1_1,1629357441014,1629357584791,,F0010,
question,/data/h/h1_2,1629357441014,1629357584791,,1,
question,/data/h/h1_3,1629357441014,1629357584791,,1,
question,/data/h/h1_4,1629357441014,1629357584791,,2,
question,/data/h/h1_5,1629357441014,1629357584791,,1,
question,/data/h/h1_6,1629357441014,1629357584791,,"3, 1",
question,/data/h/h1_7,1629357441014,1629357584791,,96,
question,/data/h/h2_1,1629357441014,1629357584791,,2,
question,/data/h/h2_3,1629357441014,1629357584791,,"1, 2, 3",
group questions,/data/i,1629357584876,1629358360818,,,
question,/data/i/i1_1,1629357584878,1629358360818,,2,
question,/data/i/i1_2,1629357584878,1629358360818,,5,
question,/data/i/i1_3,1629357584878,1629358360818,,1,
question,/data/i/i1_10,1629357584878,1629358360818,,4,
question,/data/i/i1_11,1629357584878,1629358360818,,98,
question,/data/i/i1_12,1629357584878,1629358360818,,1,
question,/data/i/i2_1,1629357584878,1629358360818,,1,
question,/data/i/i3_1,1629357584878,1629358360818,,96,
question,/data/i/i3_2,1629357584878,1629358360818,,1,
question,/data/i/i3_3,1629357584878,1629358360818,,1,
question,/data/i/i3_4,1629357584878,1629358360818,,"1, 3",
question,/data/i/i3_5,1629357584878,1629358360818,,1,
question,/data/i/i3_6,1629357584878,1629358360818,,4,
question,/data/i/i3_7,1629357584878,1629358360818,,98,
question,/data/i/i3_8,1629357584878,1629358360818,,1,
question,/data/i/i3_9,1629357584878,1629358360818,,98,
question,/data/i/i3_10,1629357584878,1629358360818,,98,
question,/data/i/i3_11,1629357584878,1629358360818,,98,
question,/data/i/i2g/i2_13,1629358218371,1629358360818,7,3,
group questions,/data/j,1629358361020,1629358872745,,,
question,/data/j/j1_1,1629358361021,1629358872745,,1,
question,/data/j/j1_2,1629358361021,1629358872745,,"1, 3, 4, 5",
question,/data/j/j1_19,1629358361021,1629358872745,,1,
question,/data/j/j2_1,1629358361022,1629358872745,,"1, 3, 4",
question,/data/j/j2_2,1629358361022,1629358872745,,28,
question,/data/j/j2_3,1629358361022,1629358872745,,1,
question,/data/j/j2_4,1629358361022,1629358872745,,1,
question,/data/j/j2_5,1629358361022,1629358872745,,1,
question,/data/j/j2_6,1629358361022,1629358872745,,1,
question,/data/j/j2_7,1629358361022,1629358872745,,1,
question,/data/j/j2_8,1629358361022,1629358872745,,1,
question,/data/j/j2_9,1629358361022,1629358872745,,1,
question,/data/j/j2_10,1629358361022,1629358872745,,1,
end screen,,1629358872918,1629358955304,,,
form save,,1629358955959,,,,
form exit,,1629358955959,,,,
form finalize,,1629358955959,,,,
