event,node,start,end,old-value,new-value,change-reason
form start,,1630149157376,,,,
group questions,/data/front_page,1630149157388,1630149239082,,,
group questions,/data/facility_identification,1630149239098,1630149548675,,,
question,/data/facility_identification/b1_4,1630149239100,1630149548675,,Kaliua,
group questions,/data/b2,1630149548717,1630149818896,,,
question,/data/b2/b4_1,1630149548719,1630149818896,,"1, 3, 2, 4, 5, 7, 6",
question,/data/b2/b4_2,1630149548720,1630149818896,,5,
question,/data/b2/b4_3,1630149548720,1630149818896,,0,
question,/data/b2/b2_3,1630149548720,1630149818896,,"2, 3, 4",
question,/data/b2/d1_a_1,1630149548720,1630149818896,,"1, 2, 3, 4, 5",
question,/data/b2/d2_1,1630149548721,1630149818896,,"1, 2, 3, 4, 5",
question,/data/b2/d2_2,1630149548721,1630149818896,,"2, 5",
question,/data/b2/d3_2,1630149548721,1630149818896,,4,
question,/data/b2/d3_3,1630149548722,1630149818896,,1,
question,/data/staff[1]/staff_type,1630149819081,1630149896600,,4,
question,/data/staff[2]/staff_type,1630149896663,1630149928761,,4,
question,/data/staff[3]/staff_type,1630149928817,1630149973098,,6,
question,/data/staff[4]/staff_type,1630149973166,1630150003278,,8,
question,/data/staff[5]/staff_type,1630150003337,1630150036327,,99,
group questions,/data/b3,1630150036394,1630150070271,,,
question,/data/b3/b3_a_9,1630150036394,1630150070271,,0,
question,/data/b3/b3_a_10,1630150036394,1630150070271,,0,
group questions,/data/c,1630150070323,1630150076051,,,
group questions,/data/b3,1630150076124,1630150080168,,,
group questions,/data/c,1630150080226,1630150081835,,,
group questions,/data/b3,1630150081905,1630150086573,,,
question,/data/b3/b3_a_10,1630150081905,1630150086573,0,1,
group questions,/data/c,1630150086628,1630150313739,,,
question,/data/c/c1_1,1630150086629,1630150313739,,1,
question,/data/c/c2_2,1630150086629,1630150313739,,0,
question,/data/c/c2_4,1630150086629,1630150313739,,1,
question,/data/c/running_water,1630150086630,1630150313739,,0,
question,/data/c/c2_5,1630150086630,1630150313739,,0,
question,/data/c/c2_6,1630150086630,1630150313739,,0,
question,/data/c/c2_7,1630150086630,1630150313739,,"1, 2",
question,/data/c/c2_8,1630150086630,1630150313739,,"1, 2",
question,/data/c/c3_a_1,1630150086630,1630150313739,,1,
question,/data/c/c3_b_1,1630150086630,1630150313739,,1,
question,/data/c/c3_b_1b,1630150086630,1630150313739,,1,
group questions,/data/e,1630150313907,1630150401906,,,
question,/data/e/e1_2,1630150313907,1630150401906,,1,
question,/data/e/e1_3,1630150313907,1630150401906,,1,
question,/data/e/e1_4,1630150313907,1630150401906,,1,
question,/data/e/e1_5,1630150313908,1630150401906,,2,
question,/data/e/e1_6,1630150313908,1630150401906,,2,
question,/data/e/e1_7,1630150313908,1630150401906,,2,
question,/data/e/e1_8,1630150313908,1630150401906,,0,
question,/data/e/e1_9,1630150313908,1630150401906,,0,
question,/data/e/e1_10,1630150313908,1630150401906,,0,
question,/data/e/e1_11,1630150313908,1630150401906,,0,
question,/data/e/e1_12,1630150313908,1630150401906,,1,
question,/data/e/e2_1,1630150313908,1630150401906,,1,
question,/data/e/e2_3,1630150313908,1630150401906,,1,
question,/data/e/e2_5,1630150313908,1630150401906,,1,
question,/data/e/e2_6,1630150313908,1630150401906,,1,
question,/data/e/e2_7,1630150313908,1630150401906,,0,
question,/data/e/e2_8,1630150313908,1630150401906,,1,
group questions,/data/f,1630150402023,1630150508830,,,
question,/data/f/f1_1,1630150402023,1630150508830,,1,
question,/data/f/f4_1,1630150402024,1630150508830,,0,
question,/data/f/f4_3,1630150402024,1630150508830,,0,
group questions,/data/g,1630150508934,1630150631181,,,
question,/data/g/drug_avail1,1630150508936,1630150631181,,1,
question,/data/g/drug_avail2,1630150508936,1630150631181,,1,
question,/data/g/drug_avail3,1630150508936,1630150631181,,1,
question,/data/g/drug_avail4,1630150508936,1630150631181,,1,
question,/data/g/drug_avail5,1630150508936,1630150631181,,3,
question,/data/g/drug_avail6,1630150508936,1630150631181,,4,
question,/data/g/drug_avail7,1630150508936,1630150631181,,1,
question,/data/g/drug_avail8,1630150508936,1630150631181,,3,
question,/data/g/drug_avail9,1630150508936,1630150631181,,1,
question,/data/g/drug_avail10,1630150508937,1630150631181,,1,
question,/data/g/drug_avail11,1630150508937,1630150631181,,1,
question,/data/g/drug_avail12,1630150508937,1630150631181,,1,
question,/data/g/drug_avail13,1630150508937,1630150631181,,1,
question,/data/g/drug_avail14,1630150508937,1630150631181,,1,
question,/data/g/drug_avail15,1630150508937,1630150631181,,1,
question,/data/g/drug_avail16,1630150508937,1630150631181,,1,
question,/data/g/drug_avail17,1630150508937,1630150631181,,1,
question,/data/g/drug_avail18,1630150508937,1630150631181,,0,
question,/data/g/drug_avail19,1630150508937,1630150631181,,0,
question,/data/g/drug_avail20,1630150508937,1630150631181,,1,
question,/data/g/drug_avail21,1630150508937,1630150631181,,0,
question,/data/g/drug_avail22,1630150508937,1630150631181,,0,
question,/data/g/drug_avail23,1630150508937,1630150631181,,0,
question,/data/g/drug_avail24,1630150508937,1630150631181,,0,
question,/data/g/drug_avail25,1630150508937,1630150631181,,1,
question,/data/g/drug_avail26,1630150508938,1630150631181,,1,
question,/data/g/drug_avail27,1630150508938,1630150631181,,1,
question,/data/g/drug_avail28,1630150508938,1630150631181,,1,
question,/data/g/drug_avail29,1630150508938,1630150631181,,0,
question,/data/g/drug_avail30,1630150508938,1630150631181,,1,
question,/data/g/drug_avail31,1630150508938,1630150631181,,1,
question,/data/g/drug_avail32,1630150508938,1630150631181,,1,
question,/data/g/drug_avail33,1630150508938,1630150631181,,1,
question,/data/g/drug_avail34,1630150508938,1630150631181,,0,
question,/data/g/drug_avail35,1630150508938,1630150631181,,1,
question,/data/g/drug_avail36,1630150508938,1630150631181,,1,
question,/data/g/drug_avail37,1630150508938,1630150631181,,1,
question,/data/g/drug_avail38,1630150508938,1630150631181,,1,
question,/data/g/drug_avail39,1630150508938,1630150631181,,1,
question,/data/g/drug_avail40,1630150508938,1630150631181,,1,
question,/data/g/drug_avail41,1630150508939,1630150631181,,1,
question,/data/g/drug_avail42,1630150508939,1630150631181,,1,
question,/data/g/drug_avail43,1630150508939,1630150631181,,1,
question,/data/g/drug_avail44,1630150508939,1630150631181,,1,
question,/data/g/g5_1,1630150508939,1630150631181,,1,
question,/data/g/g5_2,1630150508939,1630150631181,,1,
question,/data/g/g5_3,1630150508939,1630150631181,,96,
group questions,/data/h,1630150631415,1630150731935,,,
question,/data/h/h1_1,1630150631418,1630150731935,,RF02,
question,/data/h/h1_2,1630150631418,1630150731935,,1,
question,/data/h/h1_3,1630150631418,1630150731935,,1,
question,/data/h/h1_4,1630150631418,1630150731935,,2,
question,/data/h/h1_5,1630150631418,1630150731935,,96,
question,/data/h/h1_6,1630150631418,1630150731935,,1,
question,/data/h/h1_7,1630150631418,1630150731935,,96,
question,/data/h/h2_1,1630150631418,1630150731935,,2,
question,/data/h/h2_3,1630150631418,1630150731935,,"1, 2, 3",
group questions,/data/i,1630150732020,1630151145133,,,
question,/data/i/i1_1,1630150732021,1630151145133,,2,
question,/data/i/i1_2,1630150732021,1630151145133,,5,
question,/data/i/i1_3,1630150732022,1630151145133,,1,
question,/data/i/i1_10,1630150732022,1630151145133,,2,
question,/data/i/i1_11,1630150732022,1630151145133,,2,
question,/data/i/i1_12,1630150732022,1630151145133,,1,
question,/data/i/i2_1,1630150732022,1630151145133,,1,
question,/data/i/i3_1,1630150732022,1630151145133,,96,
question,/data/i/i3_2,1630150732022,1630151145133,,1,
question,/data/i/i3_3,1630150732022,1630151145133,,1,
question,/data/i/i3_4,1630150732022,1630151145133,,"3, 2, 1, 4",
question,/data/i/i3_5,1630150732022,1630151145133,,"1, 2, 3",
question,/data/i/i3_6,1630150732022,1630151145133,,4,
question,/data/i/i3_7,1630150732022,1630151145133,,1,
question,/data/i/i3_8,1630150732022,1630151145133,,2,
question,/data/i/i3_9,1630150732022,1630151145133,,"1, 2",
question,/data/i/i3_10,1630150732022,1630151145133,,0,
question,/data/i/i3_11,1630150732022,1630151145133,,0,
group questions,/data/j,1630151145306,1630151321562,,,
question,/data/j/j1_1,1630151145307,1630151321562,,"1, 2",
question,/data/j/j1_2,1630151145307,1630151321562,,"1, 3, 4, 5",
question,/data/j/j1_19,1630151145307,1630151321562,,"1, 2",
question,/data/j/j2_1,1630151145308,1630151321562,,"1, 3, 4, 5",
question,/data/j/j2_2,1630151145308,1630151321562,,28,
question,/data/j/j2_3,1630151145308,1630151321562,,1,
question,/data/j/j2_4,1630151145308,1630151321562,,1,
question,/data/j/j2_5,1630151145308,1630151321562,,1,
question,/data/j/j2_6,1630151145308,1630151321562,,1,
question,/data/j/j2_7,1630151145308,1630151321562,,1,
question,/data/j/j2_8,1630151145308,1630151321562,,1,
question,/data/j/j2_9,1630151145308,1630151321562,,1,
question,/data/j/j2_10,1630151145308,1630151321562,,1,
end screen,,1630151321709,1630151328109,,,
form save,,1630151328516,,,,
form exit,,1630151328516,,,,
form resume,,1630328201467,,,,
jump,,1630328201468,1630328252882,,,
end screen,,1630328252928,1630328254426,,,
form save,,1630328254922,,,,
form exit,,1630328254922,,,,
form finalize,,1630328254922,,,,
