event,node,start,end,old-value,new-value,change-reason
form start,,1627378793197,,,,
group questions,/data/front_page,1627378793199,1627378794579,,,
group questions,/data/facility_identification,1627378794594,1627378858300,,,
question,/data/facility_identification/b1_4,1627378794594,1627378858300,,Sengerema,
group questions,/data/b2,1627378858331,1627379162194,,,
question,/data/b2/b4_1,1627378858333,1627379162194,,"1, 3, 5, 2, 4",
question,/data/b2/b4_2,1627378858333,1627379162194,,2,
question,/data/b2/b4_3,1627378858333,1627379162194,,0,
question,/data/b2/b2_3,1627378858333,1627379162194,,2,
question,/data/b2/d1_a_1,1627378858333,1627379162194,,"1, 5, 4, 3, 2",
question,/data/b2/d2_1,1627378858333,1627379162194,,"1, 2, 3, 4, 5",
question,/data/b2/d2_2,1627378858333,1627379162194,,96,
question,/data/b2/d3_2,1627378858333,1627379162194,,1,
question,/data/b2/d3_3,1627378858333,1627379162194,,1,
question,/data/staff[1]/staff_type,1627379162396,1627379198112,,4,
question,/data/staff[2]/staff_type,1627379198183,1627379212990,,6,
question,/data/staff[3]/staff_type,1627379213034,1627379242857,,9,
question,/data/staff[4]/staff_type,1627379242917,1627379296619,,9,
question,/data/staff[5]/staff_type,1627379296662,1627379394601,,99,
question,/data/staff[6]/staff_type,1627379394666,1627379423305,,10,
question,/data/staff[7]/staff_type,1627379423360,1627379438094,,10,
group questions,/data/b3,1627379438140,1627379443277,,,
group questions,/data/b3,1627379449752,1627379517501,,,
question,/data/b3/b3_a_9,1627379449752,1627379517501,,0,
question,/data/b3/b3_a_10,1627379449752,1627379517501,,0,
group questions,/data/c,1627379517558,1627380103184,,,
question,/data/c/c1_1,1627379517559,1627380103184,,1,
question,/data/c/c2_2,1627379517559,1627380103184,,1,
question,/data/c/c2_4,1627379517559,1627380103184,,1,
question,/data/c/running_water,1627379517559,1627380103184,,1,
question,/data/c/c2_5,1627379517559,1627380103184,,2,
question,/data/c/c2_6,1627379517559,1627380103184,,0,
question,/data/c/c2_7,1627379517559,1627380103184,,"1, 2, 3",
question,/data/c/c2_8,1627379517559,1627380103184,,"1, 2",
question,/data/c/c3_a_1,1627379517559,1627380103184,,1,
question,/data/c/c3_b_1,1627379517559,1627380103184,,1,
question,/data/c/c3_b_1b,1627379517559,1627380103184,,0,
group questions,/data/e,1627380103343,1627380255939,,,
question,/data/e/e1_2,1627380103344,1627380255939,,1,
question,/data/e/e1_3,1627380103344,1627380255939,,2,
question,/data/e/e1_4,1627380103344,1627380255939,,1,
question,/data/e/e1_5,1627380103344,1627380255939,,2,
question,/data/e/e1_6,1627380103344,1627380255939,,2,
question,/data/e/e1_8,1627380103344,1627380255939,,1,
question,/data/e/e1_9,1627380103344,1627380255939,,1,
question,/data/e/e1_10,1627380103344,1627380255939,,2,
question,/data/e/e1_11,1627380103344,1627380255939,,0,
question,/data/e/e1_12,1627380103344,1627380255939,,1,
question,/data/e/e2_1,1627380103344,1627380255939,,1,
question,/data/e/e2_3,1627380103344,1627380255939,,1,
question,/data/e/e2_5,1627380103344,1627380255939,,3,
question,/data/e/e2_6,1627380103344,1627380255939,,1,
question,/data/e/e2_7,1627380103345,1627380255939,,1,
question,/data/e/e2_8,1627380103345,1627380255939,,1,
group questions,/data/e3group,1627380256046,1627380262698,,,
group questions,/data/e,1627380262754,1627380265649,,,
group questions,/data/e3group,1627380265757,1627380363275,,,
question,/data/e3group/e3_1,1627380265758,1627380363275,,1,
question,/data/e3group/e3_4,1627380265758,1627380363275,,1,
question,/data/e3group/e3_5,1627380265758,1627380363275,,1,
question,/data/e3group/e3_6,1627380265758,1627380363275,,1,
question,/data/e3group/e3_7,1627380265758,1627380363275,,1,
question,/data/e3group/e3_8,1627380265759,1627380363275,,0,
question,/data/e3group/e4_1,1627380265759,1627380363275,,96,
group questions,/data/f,1627380363335,1627380560558,,,
question,/data/f/f1_1,1627380363336,1627380560558,,1,
group questions,/data/e3group,1627380560641,1627380562811,,,
group questions,/data/f,1627380562862,1627380637571,,,
question,/data/f/f2_1,1627380562863,1627380637571,,1,
question,/data/f/f2_3,1627380562863,1627380637571,,1,
question,/data/f/f2_5,1627380562864,1627380637571,,"1, 2",
question,/data/f/f3_9,1627380562864,1627380637571,,0,
question,/data/f/f2_6,1627380562864,1627380637571,,1,
question,/data/f/f3_10,1627380562864,1627380637571,,0,
question,/data/f/f4_1,1627380562864,1627380637571,,0,
question,/data/f/f4_3,1627380562864,1627380637571,,0,
group questions,/data/g,1627380637658,1627380644978,,,
group questions,/data/f,1627380645188,1627380659290,,,
group questions,/data/g,1627380659385,1627380841375,,,
question,/data/g/drug_avail1,1627380659387,1627380841375,,1,
question,/data/g/drug_avail2,1627380659387,1627380841375,,0,
question,/data/g/drug_avail3,1627380659387,1627380841375,,0,
question,/data/g/drug_avail4,1627380659387,1627380841375,,0,
question,/data/g/drug_avail5,1627380659387,1627380841375,,0,
question,/data/g/drug_avail6,1627380659387,1627380841375,,1,
question,/data/g/drug_avail7,1627380659387,1627380841375,,4,
question,/data/g/drug_avail8,1627380659387,1627380841375,,1,
question,/data/g/drug_avail9,1627380659387,1627380841375,,1,
question,/data/g/drug_avail10,1627380659387,1627380841375,,1,
question,/data/g/drug_avail11,1627380659387,1627380841375,,1,
question,/data/g/drug_avail12,1627380659387,1627380841375,,1,
group questions,/data/f,1627380841593,1627380862140,,,
group questions,/data/g,1627380862236,1627381494622,,,
question,/data/g/drug_avail6,1627380862238,1627381494622,1,0,
question,/data/g/drug_avail7,1627380862238,1627381494622,4,0,
question,/data/g/drug_avail13,1627380862238,1627381494622,,0,
question,/data/g/drug_avail14,1627380862239,1627381494622,,1,
question,/data/g/drug_avail15,1627380862239,1627381494622,,1,
question,/data/g/drug_avail16,1627380862239,1627381494622,,0,
question,/data/g/drug_avail17,1627380862239,1627381494622,,1,
question,/data/g/drug_avail18,1627380862239,1627381494622,,0,
question,/data/g/drug_avail19,1627380862239,1627381494622,,0,
question,/data/g/drug_avail20,1627380862239,1627381494622,,0,
question,/data/g/drug_avail21,1627380862239,1627381494622,,0,
question,/data/g/drug_avail22,1627380862239,1627381494622,,0,
question,/data/g/drug_avail23,1627380862239,1627381494622,,0,
question,/data/g/drug_avail24,1627380862239,1627381494622,,0,
question,/data/g/drug_avail25,1627380862239,1627381494622,,1,
question,/data/g/drug_avail26,1627380862239,1627381494622,,1,
question,/data/g/drug_avail27,1627380862239,1627381494622,,1,
question,/data/g/drug_avail28,1627380862239,1627381494622,,1,
question,/data/g/drug_avail29,1627380862239,1627381494622,,1,
question,/data/g/drug_avail30,1627380862239,1627381494622,,0,
question,/data/g/drug_avail31,1627380862239,1627381494622,,1,
question,/data/g/drug_avail32,1627380862239,1627381494622,,1,
question,/data/g/drug_avail33,1627380862239,1627381494622,,0,
question,/data/g/drug_avail34,1627380862239,1627381494622,,0,
question,/data/g/drug_avail35,1627380862239,1627381494622,,1,
question,/data/g/drug_avail36,1627380862239,1627381494622,,1,
question,/data/g/drug_avail37,1627380862239,1627381494622,,0,
question,/data/g/drug_avail38,1627380862239,1627381494622,,0,
question,/data/g/drug_avail39,1627380862239,1627381494622,,0,
question,/data/g/drug_avail40,1627380862239,1627381494622,,1,
question,/data/g/drug_avail41,1627380862239,1627381494622,,1,
question,/data/g/drug_avail42,1627380862239,1627381494622,,1,
question,/data/g/drug_avail43,1627380862240,1627381494622,,1,
question,/data/g/drug_avail44,1627380862240,1627381494622,,1,
question,/data/g/g5_1,1627380862240,1627381494622,,1,
question,/data/g/g5_2,1627380862240,1627381494622,,1,
question,/data/g/g5_3,1627380862240,1627381494622,,96,
group questions,/data/h,1627381494865,1627381785764,,,
question,/data/h/h1_1,1627381494867,1627381785764,,RF04,
question,/data/h/h1_2,1627381494867,1627381785764,,1,
question,/data/h/h1_3,1627381494867,1627381785764,,1,
question,/data/h/h1_4,1627381494867,1627381785764,,"1, 2, 3, 4",
question,/data/h/h1_5,1627381494867,1627381785764,,96,
question,/data/h/h1_6,1627381494867,1627381785764,,"1, 2, 3",
question,/data/h/h1_7,1627381494867,1627381785764,,96,
question,/data/h/b1_8,1627381545187,1627381785764,,1,
group questions,/data/g,1627381785838,1627381791549,,,
group questions,/data/h,1627381791746,1627381818115,,,
question,/data/h/h2_1,1627381791749,1627381818115,,1,
question,/data/h/h2_3,1627381791749,1627381818115,,"1, 2, 3",
group questions,/data/i,1627381818183,1627383072501,,,
question,/data/i/i1_1,1627381818184,1627383072501,,2,
question,/data/i/i1_2,1627381818185,1627383072501,,3,
question,/data/i/i1_3,1627381818185,1627383072501,,1,
question,/data/i/i1_10,1627381818185,1627383072501,,3,
question,/data/i/i1_11,1627381818185,1627383072501,,2,
question,/data/i/i1_12,1627381818185,1627383072501,,0,
question,/data/i/i2_1,1627381818185,1627383072501,,1,
question,/data/i/i1_5,1627382686726,1627383072501,,5,
question,/data/i/i1_7,1627382686726,1627383072501,,5,
question,/data/i/i1_8,1627382686726,1627383072501,,5,
question,/data/i/i1_9,1627382686726,1627383072501,,5,
group questions,/data/h,1627383072670,1627383079040,,,
group questions,/data/i,1627383079118,1627384235583,,,
question,/data/i/i2g/i2_13,1627383079120,1627384235583,,7,
question,/data/i/i2g/i2_1a,1627383079120,1627384235583,,1,
question,/data/i/i2g/i2_2,1627383079120,1627384235583,,"1, 2, 4",
question,/data/i/i2g/i2_3,1627383079120,1627384235583,,3,
question,/data/i/i2g/i2_4,1627383079120,1627384235583,,2,
question,/data/i/i2g/i2_5,1627383079120,1627384235583,,1,
question,/data/i/i2g/i2_6,1627383079120,1627384235583,,"1, 2, 3",
question,/data/i/i2g/i2_10,1627383079120,1627384235583,,"1, 4",
question,/data/i/i2g/i2_11,1627383079120,1627384235583,,"1, 3",
question,/data/i/i2g/i2_12,1627383079120,1627384235583,,1,
question,/data/i/i3_1,1627383079120,1627384235583,,"1, 2, 3, 4, 5, 6, 7",
question,/data/i/i3_2,1627383079120,1627384235583,,1,
question,/data/i/i3_3,1627383079120,1627384235583,,1,
question,/data/i/i3_4,1627383079120,1627384235583,,"1, 2, 3, 4",
question,/data/i/i3_5,1627383079120,1627384235583,,"1, 2, 3",
question,/data/i/i3_6,1627383079120,1627384235583,,4,
question,/data/i/i3_7,1627383079121,1627384235583,,1,
question,/data/i/i3_8,1627383079121,1627384235583,,1,
question,/data/i/i3_9,1627383079121,1627384235583,,98,
question,/data/i/i3_10,1627383079121,1627384235583,,0,
question,/data/i/i3_11,1627383079121,1627384235583,,1,
question,/data/i/i2g/i2_8,1627383343998,1627384235583,,3,
question,/data/i/i2g/i2_9,1627383343998,1627384235583,,5,
group questions,/data/j,1627384235751,1627384936160,,,
question,/data/j/j1_1,1627384235752,1627384936160,,1,
question,/data/j/j1_2,1627384235752,1627384936160,,"1, 2, 3, 4",
question,/data/j/j1_19,1627384235752,1627384936160,,"1, 2",
question,/data/j/j1_6,1627384493823,1627384936160,,1,
question,/data/j/j1_10,1627384493824,1627384936160,,"2, 3",
question,/data/j/j1_15,1627384493824,1627384936160,,0,
question,/data/j/j1_17,1627384493824,1627384936160,,0,
question,/data/j/j1_7,1627384522340,1627384936160,,6,
question,/data/j/j1_8,1627384522340,1627384936160,,6,
question,/data/j/j1_9,1627384522340,1627384936160,,6,
jump,,1627384936161,1627384944324,,,
end screen,,1627384944460,1627384946179,,,
group questions,/data/j,1627384946180,1627384973837,,,
form save,,1627384974351,,,,
form save,,1627384986142,,,,
form exit,,1627384986143,,,,
form resume,,1627467430547,,,,
jump,,1627467430547,1627467431956,,,
group questions,/data/front_page,1627467431974,1627467439981,,,
group questions,/data/facility_identification,1627467439995,1627467441312,,,
group questions,/data/b2,1627467441343,1627467443607,,,
group questions,/data/b3,1627467450209,1627467450953,,,
group questions,/data/c,1627467451011,1627467458091,,,
group questions,/data/e,1627467458247,1627467460830,,,
group questions,/data/e3group,1627467460943,1627467464439,,,
group questions,/data/f,1627467464505,1627467469756,,,
group questions,/data/g,1627467469853,1627467474192,,,
group questions,/data/h,1627467474421,1627467480278,,,
group questions,/data/i,1627467480358,1627467509834,,,
group questions,/data/j,1627467510024,1627468002699,,,
question,/data/j/j2_1,1627467510026,1627468002699,,"1, 3, 4, 2",
question,/data/j/j2_3,1627467510026,1627468002699,,1,
question,/data/j/j2_4,1627467510026,1627468002699,,1,
change reason,,1627468013585,,,,data refill 
form save,,1627468014198,,,,
form exit,,1627468014198,,,,
form resume,,1627469274589,,,,
jump,,1627469274589,1627469277668,,,
end screen,,1627469277694,1627469279112,,,
group questions,/data/j,1627469279112,1627469646170,,,
form save,,1627469646720,,,,
form exit,,1627469646720,,,,
form resume,,1627629762270,,,,
jump,,1627629762270,1627629763358,,,
group questions,/data/front_page,1627629763376,1627629765006,,,
group questions,/data/facility_identification,1627629765026,1627629765558,,,
group questions,/data/b2,1627629765592,1627629768342,,,
group questions,/data/b3,1627629774104,1627629775824,,,
group questions,/data/c,1627629775881,1627629779516,,,
group questions,/data/e,1627629779672,1627629781160,,,
group questions,/data/e3group,1627629781277,1627629782270,,,
group questions,/data/f,1627629782336,1627629783859,,,
group questions,/data/g,1627629783959,1627629786869,,,
group questions,/data/h,1627629787106,1627629789838,,,
group questions,/data/i,1627629789917,1627629793176,,,
group questions,/data/j,1627629793383,1627630269269,,,
question,/data/j/j2_2,1627629793385,1627630269269,,12,
question,/data/j/j2_5,1627629793385,1627630269269,,1,
question,/data/j/j2_6,1627629793385,1627630269269,,1,
question,/data/j/j2_7,1627629793385,1627630269269,,1,
question,/data/j/j2_8,1627629793385,1627630269269,,1,
question,/data/j/j2_9,1627629793385,1627630269269,,1,
question,/data/j/j2_10,1627629793385,1627630269269,,1,
end screen,,1627630269394,1627630272060,,,
group questions,/data/j,1627630272061,1627637094718,,,
question,/data/j/j2_2,1627630272063,1627637094718,12,48,
question,/data/j/j2_7,1627630272064,1627637094718,1,98,
end screen,,1627637094858,1627637104840,,,
group questions,/data/j,1627637104840,1627637257727,,,
question,/data/j/j2_2,1627637104843,1627637257727,48,72,
end screen,,1627637257849,1627637260552,,,
change reason,,1627637273989,,,,data refill 
form save,,1627637274753,,,,
form exit,,1627637274753,,,,
form finalize,,1627637274753,,,,
