event,node,start,end,old-value,new-value,change-reason
form start,,1626330184790,,,,
group questions,/data/front_page,1626330184792,1626330196982,,,
group questions,/data/facility_identification,1626330196998,1626330199790,,,
group questions,/data/front_page,1626330199812,1626330206073,,,
group questions,/data/facility_identification,1626330206087,1626330216474,,,
jump,,1626330216475,1626330221108,,,
group questions,/data/facility_identification,1626330221148,1626330592600,,,
question,/data/facility_identification/b1_4,1626330221149,1626330592600,,Tanga,
question,/data/facility_identification/b2_2,1626330477340,1626330592600,,0,
group questions,/data/b2,1626330592634,1626332835231,,,
question,/data/b2/b4_1,1626330592635,1626332835231,,"1, 2, 3, 4, 5",
question,/data/b2/b4_2,1626330592635,1626332835231,,3,
question,/data/b2/b4_3,1626330592635,1626332835231,,0,
question,/data/b2/b2_3,1626330592635,1626332835231,,3,
question,/data/b2/d1_a_1,1626330592635,1626332835231,,"1, 2, 3, 4",
question,/data/b2/d2_1,1626330592635,1626332835231,,"1, 2, 4, 5",
question,/data/b2/d2_2,1626330592636,1626332835231,,2,
question,/data/b2/d3_2,1626330592636,1626332835231,,1,
question,/data/b2/d3_3,1626330592636,1626332835231,,99,
question,/data/staff[1]/staff_type,1626332835464,1626333386920,,3,
question,/data/staff[2]/staff_type,1626333386990,1626333445593,,4,
question,/data/staff[3]/staff_type,1626333445665,1626333491071,,5,
question,/data/staff[4]/staff_type,1626333491138,1626333531154,,9,
group questions,/data/b3,1626333531199,1626336198238,,,
question,/data/b3/b3_a_9,1626333531200,1626336198238,,1,
question,/data/b3/b3_a_10,1626333531200,1626336198238,,1,
group questions,/data/c,1626336198299,1626336219960,,,
question,/data/c/c1_1,1626336198300,1626336219960,,1,
group questions,/data/b3,1626336220051,1626336253617,,,
group questions,/data/c,1626336253672,1626336765588,,,
question,/data/c/c1_2,1626336253673,1626336765588,,2,
question,/data/c/c1_4,1626336253673,1626336765588,,2,
question,/data/c/c2_2,1626336253673,1626336765588,,1,
question,/data/c/c2_4,1626336253673,1626336765588,,1,
question,/data/c/running_water,1626336253673,1626336765588,,1,
question,/data/c/c2_5,1626336253673,1626336765588,,1,
question,/data/c/c2_6,1626336253673,1626336765588,,1,
question,/data/c/c2_7,1626336253673,1626336765588,,"1, 3",
question,/data/c/c2_8,1626336253673,1626336765588,,"1, 2",
question,/data/c/c3_a_1,1626336253673,1626336765588,,"1, 2",
question,/data/c/c3_b_1,1626336253673,1626336765588,,1,
question,/data/c/c3_b_1b,1626336253673,1626336765588,,0,
question,/data/c/c3_a_2a,1626336505746,1626336765588,5,4,
question,/data/c/c3_c_1,1626336505746,1626336765588,,1,
group questions,/data/e,1626336765738,1626337370569,,,
question,/data/e/e1_2,1626336765738,1626337370569,,1,
question,/data/e/e1_3,1626336765738,1626337370569,,1,
question,/data/e/e1_4,1626336765738,1626337370569,,1,
question,/data/e/e1_5,1626336765739,1626337370569,,0,
question,/data/e/e1_6,1626336765739,1626337370569,,1,
question,/data/e/e1_8,1626336765739,1626337370569,,1,
question,/data/e/e1_9,1626336765739,1626337370569,,1,
question,/data/e/e1_10,1626336765739,1626337370569,,0,
question,/data/e/e1_11,1626336765739,1626337370569,,0,
question,/data/e/e1_12,1626336765739,1626337370569,,0,
question,/data/e/e2_1,1626336765739,1626337370569,,1,
question,/data/e/e2_3,1626336765739,1626337370569,,1,
question,/data/e/e2_5,1626336765739,1626337370569,,1,
question,/data/e/e2_6,1626336765739,1626337370569,,1,
question,/data/e/e2_7,1626336765739,1626337370569,,1,
question,/data/e/e2_8,1626336765739,1626337370569,,1,
group questions,/data/f,1626337370706,1626337646381,,,
question,/data/f/f1_1,1626337370707,1626337646381,,1,
question,/data/f/f4_1,1626337370707,1626337646381,,1,
question,/data/f/f4_3,1626337370707,1626337646381,,1,
group questions,/data/g,1626337646503,1626338192376,,,
question,/data/g/drug_avail1,1626337646505,1626338192376,,1,
question,/data/g/drug_avail2,1626337646505,1626338192376,,1,
question,/data/g/drug_avail3,1626337646505,1626338192376,,4,
question,/data/g/drug_avail4,1626337646505,1626338192376,,4,
question,/data/g/drug_avail5,1626337646505,1626338192376,,4,
question,/data/g/drug_avail6,1626337646505,1626338192376,,0,
question,/data/g/drug_avail7,1626337646505,1626338192376,,1,
question,/data/g/drug_avail8,1626337646505,1626338192376,,1,
question,/data/g/drug_avail9,1626337646505,1626338192376,,1,
question,/data/g/drug_avail10,1626337646505,1626338192376,,1,
question,/data/g/drug_avail11,1626337646505,1626338192376,,1,
question,/data/g/drug_avail12,1626337646505,1626338192376,,1,
question,/data/g/drug_avail13,1626337646505,1626338192376,,1,
question,/data/g/drug_avail14,1626337646505,1626338192376,,1,
question,/data/g/drug_avail15,1626337646505,1626338192376,,4,
question,/data/g/drug_avail16,1626337646506,1626338192376,,0,
question,/data/g/drug_avail17,1626337646506,1626338192376,,1,
question,/data/g/drug_avail18,1626337646506,1626338192376,,1,
question,/data/g/drug_avail19,1626337646506,1626338192376,,1,
question,/data/g/drug_avail20,1626337646506,1626338192376,,1,
question,/data/g/drug_avail21,1626337646506,1626338192376,,0,
question,/data/g/drug_avail22,1626337646506,1626338192376,,0,
question,/data/g/drug_avail23,1626337646506,1626338192376,,0,
question,/data/g/drug_avail24,1626337646506,1626338192376,,0,
question,/data/g/drug_avail25,1626337646506,1626338192376,,1,
question,/data/g/drug_avail26,1626337646506,1626338192376,,1,
question,/data/g/drug_avail27,1626337646506,1626338192376,,1,
question,/data/g/drug_avail28,1626337646506,1626338192376,,1,
question,/data/g/drug_avail29,1626337646506,1626338192376,,1,
question,/data/g/drug_avail30,1626337646506,1626338192376,,1,
question,/data/g/drug_avail31,1626337646506,1626338192376,,1,
question,/data/g/drug_avail32,1626337646506,1626338192376,,1,
question,/data/g/drug_avail33,1626337646506,1626338192376,,4,
question,/data/g/drug_avail34,1626337646506,1626338192376,,0,
question,/data/g/drug_avail35,1626337646506,1626338192376,,1,
question,/data/g/drug_avail36,1626337646506,1626338192376,,1,
question,/data/g/drug_avail37,1626337646506,1626338192376,,1,
question,/data/g/drug_avail38,1626337646506,1626338192376,,1,
question,/data/g/drug_avail39,1626337646507,1626338192376,,1,
question,/data/g/drug_avail40,1626337646507,1626338192376,,0,
question,/data/g/drug_avail41,1626337646507,1626338192376,,0,
question,/data/g/drug_avail42,1626337646507,1626338192376,,0,
question,/data/g/drug_avail43,1626337646507,1626338192376,,0,
question,/data/g/drug_avail44,1626337646507,1626338192376,,0,
question,/data/g/g5_1,1626337646507,1626338192376,,1,
question,/data/g/g5_2,1626337646507,1626338192376,,1,
question,/data/g/g5_3,1626337646507,1626338192376,,2,
group questions,/data/h,1626338192590,1626338478174,,,
question,/data/h/h1_1,1626338192591,1626338478174,,RF01,
question,/data/h/h1_2,1626338192591,1626338478174,,1,
question,/data/h/h1_3,1626338192591,1626338478174,,1,
question,/data/h/h1_4,1626338192591,1626338478174,,2,
question,/data/h/h1_5,1626338192591,1626338478174,,1,
question,/data/h/h1_6,1626338192591,1626338478174,,2,
question,/data/h/h1_7,1626338192591,1626338478174,,1,
question,/data/h/h2_1,1626338192591,1626338478174,,3,
question,/data/h/h2_3,1626338192591,1626338478174,,1,
group questions,/data/i,1626338478277,1626339245484,,,
question,/data/i/i1_1,1626338478279,1626339245484,,2,
question,/data/i/i1_2,1626338478279,1626339245484,,3,
question,/data/i/i1_3,1626338478279,1626339245484,,1,
question,/data/i/i1_10,1626338478279,1626339245484,,3,
question,/data/i/i1_11,1626338478279,1626339245484,,2,
question,/data/i/i1_12,1626338478279,1626339245484,,1,
question,/data/i/i2_1,1626338478279,1626339245484,,1,
question,/data/i/i3_1,1626338478279,1626339245484,,1,
question,/data/i/i3_2,1626338478279,1626339245484,,1,
question,/data/i/i3_3,1626338478279,1626339245484,,1,
question,/data/i/i3_4,1626338478279,1626339245484,,3,
question,/data/i/i3_5,1626338478279,1626339245484,,1,
question,/data/i/i3_6,1626338478279,1626339245484,,4,
question,/data/i/i3_7,1626338478279,1626339245484,,1,
question,/data/i/i3_8,1626338478279,1626339245484,,1,
question,/data/i/i3_9,1626338478279,1626339245484,,1,
question,/data/i/i3_10,1626338478279,1626339245484,,1,
question,/data/i/i3_11,1626338478279,1626339245484,,1,
group questions,/data/j,1626339245660,1626339788863,,,
question,/data/j/j1_1,1626339245660,1626339788863,,"3, 1",
question,/data/j/j1_2,1626339245660,1626339788863,,"1, 2, 3, 4, 5",
question,/data/j/j1_19,1626339245660,1626339788863,,2,
question,/data/j/j2_1,1626339245661,1626339788863,,3,
question,/data/j/j2_2,1626339245661,1626339788863,,8,
question,/data/j/j2_3,1626339245661,1626339788863,,1,
question,/data/j/j2_4,1626339245661,1626339788863,,1,
question,/data/j/j2_5,1626339245661,1626339788863,,1,
question,/data/j/j2_6,1626339245661,1626339788863,,1,
question,/data/j/j2_7,1626339245661,1626339788863,,1,
question,/data/j/j2_8,1626339245661,1626339788863,,1,
question,/data/j/j2_9,1626339245661,1626339788863,,1,
question,/data/j/j2_10,1626339245661,1626339788863,,1,
group questions,/data/i,1626339789034,1626339792179,,,
group questions,/data/h,1626339792382,1626339793486,,,
group questions,/data/g,1626339793586,1626339798802,,,
group questions,/data/h,1626339799040,1626339802257,,,
group questions,/data/i,1626339802349,1626339812579,,,
group questions,/data/j,1626339812790,1626340314427,,,
end screen,,1626340314582,1626340317164,,,
form save,,1626340317784,,,,
form exit,,1626340317784,,,,
form finalize,,1626340317784,,,,
