event,node,start,end,old-value,new-value,change-reason
form start,,1628591225380,,,,
group questions,/data/front_page,1628591225382,1628591227234,,,
group questions,/data/facility_identification,1628591227262,1628591268472,,,
question,/data/facility_identification/b1_4,1628591227262,1628591268472,,Sengerema,
group questions,/data/b2,1628591268507,1628591270830,,,
group questions,/data/facility_identification,1628591270908,1628591276910,,,
group questions,/data/b2,1628591276954,1628591791429,,,
question,/data/b2/b4_1,1628591276955,1628591791429,,"1, 2, 3, 4, 5",
question,/data/b2/b4_2,1628591276955,1628591791429,,2,
question,/data/b2/b4_3,1628591276955,1628591791429,,0,
question,/data/b2/b2_3,1628591276955,1628591791429,,"3, 2",
question,/data/b2/d1_a_1,1628591276955,1628591791429,,"1, 2, 4",
question,/data/b2/d2_1,1628591276955,1628591791429,,"1, 5",
question,/data/b2/d2_2,1628591276955,1628591791429,,2,
question,/data/b2/d3_2,1628591276956,1628591791429,,4,
question,/data/b2/d3_3,1628591276956,1628591791429,,2,
question,/data/staff[1]/staff_type,1628591791590,1628591977117,,4,
question,/data/staff[1]/staff_status,1628591858456,1628591977117,,2,
question,/data/staff[1]/staff_time,1628591858456,1628591977117,,1,
question,/data/staff[1]/staff_childcare,1628591858456,1628591977117,,1,
question,/data/staff[1]/staff_end,1628591858456,1628591977117,,1,
question,/data/staff[2]/staff_type,1628591977179,1628592035759,,6,
question,/data/staff[3]/staff_type,1628592035816,1628592136439,,7,
question,/data/staff[2]/staff_childcare,1628592136483,1628592178753,0,1,
question,/data/staff[3]/staff_end,1628592178815,1628592195276,,1,
question,/data/staff[4]/staff_type,1628592195319,1628592303107,,99,
group questions,/data/b3,1628592303160,1628592353285,,,
question,/data/b3/b3_a_9,1628592303161,1628592353285,,0,
question,/data/b3/b3_a_10,1628592303161,1628592353285,,0,
group questions,/data/c,1628592353336,1628593412140,,,
question,/data/c/c1_1,1628592353337,1628593412140,,1,
question,/data/c/c2_2,1628592353337,1628593412140,,1,
question,/data/c/c2_4,1628592353337,1628593412140,,1,
question,/data/c/running_water,1628592353337,1628593412140,,1,
question,/data/c/c2_5,1628592353337,1628593412140,,1,
question,/data/c/c2_6,1628592353337,1628593412140,,1,
question,/data/c/c2_7,1628592353337,1628593412140,,"1, 3",
question,/data/c/c2_8,1628592353337,1628593412140,,"1, 2",
question,/data/c/c3_a_1,1628592353338,1628593412140,,1,
question,/data/c/c3_b_1,1628592353338,1628593412140,,1,
question,/data/c/c3_b_1b,1628592353338,1628593412140,,1,
group questions,/data/e,1628593412299,1628593830890,,,
question,/data/e/e1_2,1628593412299,1628593830890,,0,
question,/data/e/e1_3,1628593412300,1628593830890,,0,
question,/data/e/e1_4,1628593412300,1628593830890,,1,
question,/data/e/e1_5,1628593412300,1628593830890,,0,
question,/data/e/e1_6,1628593412300,1628593830890,,1,
question,/data/e/e1_8,1628593412300,1628593830890,,0,
question,/data/e/e1_9,1628593412300,1628593830890,,0,
question,/data/e/e1_10,1628593412300,1628593830890,,0,
question,/data/e/e1_11,1628593412300,1628593830890,,0,
question,/data/e/e1_12,1628593412300,1628593830890,,0,
question,/data/e/e2_1,1628593412300,1628593830890,,1,
question,/data/e/e2_3,1628593412300,1628593830890,,1,
question,/data/e/e2_5,1628593412300,1628593830890,,1,
question,/data/e/e2_6,1628593412300,1628593830890,,1,
question,/data/e/e2_7,1628593412300,1628593830890,,0,
question,/data/e/e2_8,1628593412300,1628593830890,,1,
group questions,/data/e3group,1628593830998,1628594080535,,,
question,/data/e3group/e3_1,1628593830998,1628594080535,,0,
question,/data/e3group/e3_4,1628593830999,1628594080535,,0,
question,/data/e3group/e3_5,1628593830999,1628594080535,,0,
question,/data/e3group/e3_6,1628593830999,1628594080535,,0,
question,/data/e3group/e3_7,1628593830999,1628594080535,,0,
question,/data/e3group/e3_8,1628593830999,1628594080535,,97,
question,/data/e3group/e4_1,1628593830999,1628594080535,,96,
group questions,/data/f,1628594080601,1628594103038,,,
question,/data/f/f1_1,1628594080602,1628594103038,,0,
question,/data/f/f4_1,1628594080602,1628594103038,,0,
question,/data/f/f4_3,1628594080602,1628594103038,,0,
group questions,/data/g,1628594103079,1628594464319,,,
question,/data/g/drug_avail1,1628594103081,1628594464319,,1,
question,/data/g/drug_avail2,1628594103081,1628594464319,,0,
question,/data/g/drug_avail3,1628594103081,1628594464319,,0,
question,/data/g/drug_avail4,1628594103081,1628594464319,,0,
question,/data/g/drug_avail5,1628594103081,1628594464319,,0,
question,/data/g/drug_avail6,1628594103081,1628594464319,,0,
question,/data/g/drug_avail7,1628594103081,1628594464319,,0,
question,/data/g/drug_avail8,1628594103081,1628594464319,,1,
question,/data/g/drug_avail9,1628594103081,1628594464319,,1,
question,/data/g/drug_avail10,1628594103081,1628594464319,,4,
question,/data/g/drug_avail11,1628594103081,1628594464319,,0,
question,/data/g/drug_avail12,1628594103081,1628594464319,,1,
question,/data/g/drug_avail13,1628594103081,1628594464319,,0,
question,/data/g/drug_avail14,1628594103082,1628594464319,,1,
question,/data/g/drug_avail15,1628594103082,1628594464319,,1,
question,/data/g/drug_avail16,1628594103082,1628594464319,,0,
question,/data/g/drug_avail17,1628594103082,1628594464319,,4,
question,/data/g/drug_avail18,1628594103082,1628594464319,,1,
question,/data/g/drug_avail19,1628594103082,1628594464319,,1,
question,/data/g/drug_avail20,1628594103082,1628594464319,,1,
question,/data/g/drug_avail21,1628594103082,1628594464319,,0,
question,/data/g/drug_avail22,1628594103082,1628594464319,,0,
question,/data/g/drug_avail23,1628594103082,1628594464319,,1,
question,/data/g/drug_avail24,1628594103082,1628594464319,,0,
question,/data/g/drug_avail25,1628594103082,1628594464319,,1,
question,/data/g/drug_avail26,1628594103082,1628594464319,,1,
question,/data/g/drug_avail27,1628594103082,1628594464319,,1,
question,/data/g/drug_avail28,1628594103082,1628594464319,,1,
question,/data/g/drug_avail29,1628594103082,1628594464319,,1,
question,/data/g/drug_avail30,1628594103082,1628594464319,,4,
question,/data/g/drug_avail31,1628594103082,1628594464319,,1,
question,/data/g/drug_avail32,1628594103082,1628594464319,,1,
question,/data/g/drug_avail33,1628594103082,1628594464319,,0,
question,/data/g/drug_avail34,1628594103082,1628594464319,,4,
question,/data/g/drug_avail35,1628594103082,1628594464319,,1,
question,/data/g/drug_avail36,1628594103082,1628594464319,,0,
question,/data/g/drug_avail37,1628594103082,1628594464319,,0,
question,/data/g/drug_avail38,1628594103082,1628594464319,,0,
question,/data/g/drug_avail39,1628594103082,1628594464319,,0,
question,/data/g/drug_avail40,1628594103082,1628594464319,,0,
question,/data/g/drug_avail41,1628594103082,1628594464319,,0,
question,/data/g/drug_avail42,1628594103082,1628594464319,,0,
question,/data/g/drug_avail43,1628594103082,1628594464319,,0,
question,/data/g/drug_avail44,1628594103082,1628594464319,,4,
question,/data/g/g5_1,1628594103083,1628594464319,,1,
question,/data/g/g5_2,1628594103083,1628594464319,,2,
question,/data/g/g5_3,1628594103083,1628594464319,,"2, 3",
group questions,/data/h,1628594464567,1628594859474,,,
question,/data/h/h1_1,1628594464569,1628594859474,,F0095,
question,/data/h/h1_2,1628594464569,1628594859474,,1,
question,/data/h/h1_3,1628594464569,1628594859474,,1,
question,/data/h/h1_4,1628594464569,1628594859474,,2,
question,/data/h/h1_5,1628594464569,1628594859474,,1,
question,/data/h/h1_6,1628594464569,1628594859474,,"2, 1",
question,/data/h/h1_7,1628594464569,1628594859474,,96,
question,/data/h/h2_1,1628594464569,1628594859474,,1,
question,/data/h/h2_3,1628594464569,1628594859474,,2,
question,/data/h/b1_8,1628594527241,1628594859474,,1,
group questions,/data/i,1628594859549,1628596436253,,,
question,/data/i/i1_1,1628594859551,1628596436253,,3,
question,/data/i/i1_2,1628594859551,1628596436253,,4,
question,/data/i/i1_3,1628594859551,1628596436253,,0,
question,/data/i/i1_10,1628594859551,1628596436253,,3,
question,/data/i/i1_11,1628594859551,1628596436253,,2,
question,/data/i/i1_12,1628594859551,1628596436253,,0,
question,/data/i/i2_1,1628594859551,1628596436253,,1,
question,/data/i/i3_1,1628594859551,1628596436253,,96,
question,/data/i/i3_2,1628594859551,1628596436253,,1,
question,/data/i/i3_3,1628594859551,1628596436253,,1,
question,/data/i/i3_4,1628594859551,1628596436253,,"1, 2, 3, 4",
question,/data/i/i3_5,1628594859551,1628596436253,,1,
question,/data/i/i3_6,1628594859551,1628596436253,,1,
question,/data/i/i3_7,1628594859551,1628596436253,,1,
question,/data/i/i3_8,1628594859551,1628596436253,,1,
question,/data/i/i3_9,1628594859551,1628596436253,,1,
question,/data/i/i3_10,1628594859551,1628596436253,,0,
question,/data/i/i3_11,1628594859551,1628596436253,,0,
question,/data/i/i2g/i2_13,1628595183782,1628596436253,,4,
question,/data/i/i2g/i2_1a,1628595183782,1628596436253,,1,
question,/data/i/i2g/i2_2,1628595183782,1628596436253,,"1, 2, 3, 4, 5",
question,/data/i/i2g/i2_3,1628595183782,1628596436253,,3,
question,/data/i/i2g/i2_4,1628595183782,1628596436253,,2,
question,/data/i/i2g/i2_5,1628595183782,1628596436253,,1,
question,/data/i/i2g/i2_6,1628595183782,1628596436253,,"1, 2, 3",
question,/data/i/i2g/i2_10,1628595183782,1628596436253,,2,
question,/data/i/i2g/i2_11,1628595183782,1628596436253,,1,
question,/data/i/i2g/i2_12,1628595183782,1628596436253,,0,
group questions,/data/j,1628596436406,1628596449749,,,
group questions,/data/i,1628596449830,1628596456475,,,
form save,,1628596456913,,,,
form save,,1628596464986,,,,
form exit,,1628596464986,,,,
form resume,,1628596530235,,,,
jump,,1628596530235,1628596588161,,,
group questions,/data/front_page,1628596588188,1628596608675,,,
form save,,1628596609027,,,,
form exit,,1628596609027,,,,
form resume,,1628765150371,,,,
jump,,1628765150372,1628765180195,,,
group questions,/data/i,1628765168486,1628765180195,,,
group questions,/data/j,1628765180425,1628766411397,,,
question,/data/j/j1_1,1628765180426,1628766411397,,"1, 3",
question,/data/j/j1_2,1628765180426,1628766411397,,"4, 5, 1",
question,/data/j/j1_19,1628765180427,1628766411397,,"1, 2",
question,/data/j/j2_1,1628765180427,1628766411397,,"4, 1, 5",
question,/data/j/j2_2,1628765180427,1628766411397,,15,
question,/data/j/j2_3,1628765180427,1628766411397,,1,
question,/data/j/j2_4,1628765180427,1628766411397,,0,
question,/data/j/j2_5,1628765180427,1628766411397,,1,
question,/data/j/j2_6,1628765180427,1628766411397,,0,
question,/data/j/j2_7,1628765180427,1628766411397,,0,
question,/data/j/j2_8,1628765180427,1628766411397,,1,
question,/data/j/j2_9,1628765180427,1628766411397,,1,
question,/data/j/j2_10,1628765180427,1628766411397,,0,
end screen,,1628766411515,1628766424035,,,
change reason,,1628766596513,,,,some data verification from registers 
form save,,1628766596919,,,,
form exit,,1628766596919,,,,
form resume,,1628801359039,,,,
jump,,1628801359040,1628801369966,,,
group questions,/data/front_page,1628801369993,1628801374898,,,
group questions,/data/facility_identification,1628801374919,1628801415672,,,
group questions,/data/b2,1628801415709,1628801468058,,,
group questions,/data/b3,1628801539975,1628801544744,,,
group questions,/data/b3,1628801570733,1628801582045,,,
group questions,/data/c,1628801582104,1628801590515,,,
group questions,/data/e,1628801590674,1628801613703,,,
group questions,/data/e3group,1628801613819,1628801618658,,,
group questions,/data/e,1628801618721,1628801621364,,,
group questions,/data/e3group,1628801621483,1628801650739,,,
group questions,/data/f,1628801650802,1628801668169,,,
group questions,/data/g,1628801668213,1628801696993,,,
group questions,/data/h,1628801697233,1628801727590,,,
group questions,/data/i,1628801727672,1628801745833,,,
group questions,/data/j,1628801746006,1628801749896,,,
end screen,,1628801750021,1628801787178,,,
form save,,1628801787587,,,,
form exit,,1628801787587,,,,
form resume,,1628839646365,,,,
jump,,1628839646366,1628839648005,,,
end screen,,1628839648025,1628839654234,,,
form save,,1628839654800,,,,
form exit,,1628839654800,,,,
form finalize,,1628839654800,,,,
