event,node,start,end,old-value,new-value,change-reason
form start,,1629200615246,,,,
group questions,/data/front_page,1629200615248,1629200618050,,,
group questions,/data/facility_identification,1629200618073,1629200776081,,,
question,/data/facility_identification/b1_4,1629200618074,1629200776081,,Tanga,
question,/data/facility_identification/location,1629200647897,1629200776081,,-6.7665908 39.2541853 -15.077037701594094 9.2,
question,/data/facility_identification/b2_2,1629200647897,1629200776081,,1,
group questions,/data/b2,1629200776111,1629201688185,,,
question,/data/b2/b4_1,1629200776112,1629201688185,,"1, 3, 5, 2, 4",
question,/data/b2/b4_2,1629200776112,1629201688185,,3,
question,/data/b2/b4_3,1629200776112,1629201688185,,0,
question,/data/b2/b2_3,1629200776112,1629201688185,,"2, 3",
question,/data/b2/d1_a_1,1629200776112,1629201688185,,"1, 2, 3, 4",
question,/data/b2/d2_1,1629200776112,1629201688185,,"1, 3",
question,/data/b2/d2_2,1629200776112,1629201688185,,2,
question,/data/b2/d3_2,1629200776112,1629201688185,,1,
question,/data/b2/d3_3,1629200776112,1629201688185,,1,
question,/data/b2/d1_a_4,1629200886145,1629201688185,,2,
question,/data/b2/d1_a_5,1629200886145,1629201688185,,1,
question,/data/b2/d1_c_1,1629200886145,1629201688185,,"1, 3, 2",
question,/data/b2/d1_c_2,1629200886145,1629201688185,,1,
question,/data/b2/d1_c_4,1629200886145,1629201688185,,1,
question,/data/b2/d1_c_3,1629200886145,1629201688185,,1,
question,/data/b2/d1_a_8,1629200886145,1629201688185,,1,
question,/data/b2/d1_c_5,1629200886145,1629201688185,,"1, 3",
question,/data/staff[1]/staff_type,1629201688393,1629202050302,,7,
group questions,/data/b3,1629202050405,1629202082468,,,
question,/data/b3/b3_a_9,1629202050406,1629202082468,,1,
question,/data/b3/b3_a_10,1629202050406,1629202082468,,1,
group questions,/data/c,1629202082555,1629202401305,,,
question,/data/c/c1_1,1629202082558,1629202401305,,1,
question,/data/c/c2_2,1629202082558,1629202401305,,2,
question,/data/c/c2_4,1629202082558,1629202401305,,1,
question,/data/c/running_water,1629202082558,1629202401305,,1,
question,/data/c/c2_5,1629202082558,1629202401305,,1,
question,/data/c/c2_6,1629202082558,1629202401305,,1,
question,/data/c/c2_7,1629202082558,1629202401305,,"1, 3",
question,/data/c/c2_8,1629202082558,1629202401305,,1,
question,/data/c/c3_a_1,1629202082558,1629202401305,,2,
question,/data/c/c3_b_1,1629202082558,1629202401305,,1,
question,/data/c/c3_b_1b,1629202082558,1629202401305,,1,
group questions,/data/e,1629202401513,1629202589495,,,
question,/data/e/e1_2,1629202401514,1629202589495,,1,
question,/data/e/e1_3,1629202401514,1629202589495,,1,
question,/data/e/e1_4,1629202401514,1629202589495,,1,
question,/data/e/e1_5,1629202401514,1629202589495,,1,
question,/data/e/e1_6,1629202401514,1629202589495,,1,
question,/data/e/e1_8,1629202401514,1629202589495,,1,
question,/data/e/e1_9,1629202401514,1629202589495,,1,
question,/data/e/e1_10,1629202401514,1629202589495,,1,
question,/data/e/e1_11,1629202401514,1629202589495,,1,
question,/data/e/e1_12,1629202401514,1629202589495,,1,
question,/data/e/e2_1,1629202401514,1629202589495,,1,
question,/data/e/e2_3,1629202401514,1629202589495,,1,
question,/data/e/e2_5,1629202401514,1629202589495,,1,
question,/data/e/e2_6,1629202401514,1629202589495,,1,
question,/data/e/e2_7,1629202401514,1629202589495,,1,
question,/data/e/e2_8,1629202401514,1629202589495,,1,
group questions,/data/e3group,1629202589634,1629202624640,,,
question,/data/e3group/e3_1,1629202589635,1629202624640,,1,
question,/data/e3group/e3_4,1629202589635,1629202624640,,1,
question,/data/e3group/e3_5,1629202589635,1629202624640,,1,
question,/data/e3group/e3_6,1629202589635,1629202624640,,0,
question,/data/e3group/e3_7,1629202589635,1629202624640,,0,
question,/data/e3group/e3_8,1629202589635,1629202624640,,0,
question,/data/e3group/e4_1,1629202589635,1629202624640,,1,
group questions,/data/f,1629202624756,1629202911523,,,
question,/data/f/f1_1,1629202624757,1629202911523,,1,
question,/data/f/f4_1,1629202624757,1629202911523,,1,
question,/data/f/f4_3,1629202624757,1629202911523,,1,
question,/data/f/f2_1a,1629202706450,1629202911523,,2,
group questions,/data/g,1629202911641,1629203223322,,,
question,/data/g/drug_avail1,1629202911643,1629203223322,,1,
question,/data/g/drug_avail2,1629202911643,1629203223322,,1,
question,/data/g/drug_avail3,1629202911643,1629203223322,,1,
question,/data/g/drug_avail4,1629202911643,1629203223322,,1,
question,/data/g/drug_avail5,1629202911643,1629203223322,,1,
question,/data/g/drug_avail6,1629202911643,1629203223322,,1,
question,/data/g/drug_avail7,1629202911643,1629203223322,,1,
question,/data/g/drug_avail8,1629202911643,1629203223322,,1,
question,/data/g/drug_avail9,1629202911643,1629203223322,,1,
question,/data/g/drug_avail10,1629202911643,1629203223322,,1,
question,/data/g/drug_avail11,1629202911643,1629203223322,,1,
question,/data/g/drug_avail12,1629202911643,1629203223322,,1,
question,/data/g/drug_avail13,1629202911643,1629203223322,,1,
question,/data/g/drug_avail14,1629202911643,1629203223322,,1,
question,/data/g/drug_avail15,1629202911643,1629203223322,,1,
question,/data/g/drug_avail16,1629202911643,1629203223322,,1,
question,/data/g/drug_avail17,1629202911643,1629203223322,,1,
question,/data/g/drug_avail18,1629202911643,1629203223322,,1,
question,/data/g/drug_avail19,1629202911643,1629203223322,,1,
question,/data/g/drug_avail20,1629202911643,1629203223322,,1,
question,/data/g/drug_avail21,1629202911643,1629203223322,,1,
question,/data/g/drug_avail22,1629202911643,1629203223322,,1,
question,/data/g/drug_avail23,1629202911643,1629203223322,,1,
question,/data/g/drug_avail24,1629202911643,1629203223322,,1,
question,/data/g/drug_avail25,1629202911643,1629203223322,,1,
question,/data/g/drug_avail26,1629202911643,1629203223322,,1,
question,/data/g/drug_avail27,1629202911643,1629203223322,,1,
question,/data/g/drug_avail28,1629202911643,1629203223322,,1,
question,/data/g/drug_avail29,1629202911643,1629203223322,,1,
question,/data/g/drug_avail30,1629202911643,1629203223322,,1,
question,/data/g/drug_avail31,1629202911643,1629203223322,,1,
question,/data/g/drug_avail32,1629202911643,1629203223322,,1,
question,/data/g/drug_avail33,1629202911643,1629203223322,,1,
question,/data/g/drug_avail34,1629202911643,1629203223322,,1,
question,/data/g/drug_avail35,1629202911643,1629203223322,,1,
question,/data/g/drug_avail36,1629202911643,1629203223322,,1,
question,/data/g/drug_avail37,1629202911643,1629203223322,,1,
question,/data/g/drug_avail38,1629202911643,1629203223322,,1,
question,/data/g/drug_avail39,1629202911644,1629203223322,,1,
question,/data/g/drug_avail40,1629202911644,1629203223322,,1,
question,/data/g/drug_avail41,1629202911644,1629203223322,,1,
question,/data/g/drug_avail42,1629202911644,1629203223322,,1,
question,/data/g/drug_avail43,1629202911644,1629203223322,,1,
question,/data/g/drug_avail44,1629202911644,1629203223322,,1,
question,/data/g/g5_1,1629202911644,1629203223322,,1,
question,/data/g/g5_2,1629202911644,1629203223322,,1,
question,/data/g/g5_3,1629202911644,1629203223322,,96,
group questions,/data/h,1629203223598,1629203344090,,,
question,/data/h/h1_1,1629203223601,1629203344090,,F0034,
question,/data/h/h1_2,1629203223601,1629203344090,,0,
question,/data/h/h1_3,1629203223601,1629203344090,,0,
question,/data/h/h1_4,1629203223601,1629203344090,,1,
question,/data/h/h1_5,1629203223601,1629203344090,,"1, 2",
question,/data/h/h1_6,1629203223601,1629203344090,,1,
question,/data/h/h1_7,1629203223601,1629203344090,,1,
question,/data/h/h2_1,1629203223601,1629203344090,,1,
question,/data/h/h2_3,1629203223601,1629203344090,,1,
group questions,/data/i,1629203344198,1629203864425,,,
question,/data/i/i1_1,1629203344201,1629203864425,,2,
question,/data/i/i1_2,1629203344201,1629203864425,,3,
question,/data/i/i1_3,1629203344201,1629203864425,,1,
question,/data/i/i1_10,1629203344201,1629203864425,,2,
question,/data/i/i1_11,1629203344201,1629203864425,,2,
question,/data/i/i1_12,1629203344201,1629203864425,,1,
question,/data/i/i2_1,1629203344201,1629203864425,,1,
question,/data/i/i3_1,1629203344201,1629203864425,,6,
question,/data/i/i3_2,1629203344201,1629203864425,,1,
question,/data/i/i3_3,1629203344201,1629203864425,,2,
question,/data/i/i3_4,1629203344201,1629203864425,,"1, 3",
question,/data/i/i3_5,1629203344201,1629203864425,,"1, 3",
question,/data/i/i3_6,1629203344201,1629203864425,,5,
question,/data/i/i3_7,1629203344201,1629203864425,,1,
question,/data/i/i3_8,1629203344201,1629203864425,,6,
question,/data/i/i3_9,1629203344201,1629203864425,,2,
question,/data/i/i3_10,1629203344201,1629203864425,,1,
question,/data/i/i3_11,1629203344201,1629203864425,,1,
question,/data/i/i2g/i2_2,1629203598095,1629203864425,,"1, 4",
question,/data/i/i2g/i2_3,1629203598095,1629203864425,,2,
question,/data/i/i2g/i2_4,1629203598095,1629203864425,,2,
question,/data/i/i2g/i2_5,1629203598095,1629203864425,,1,
question,/data/i/i2g/i2_6,1629203598095,1629203864425,,2,
question,/data/i/i2g/i2_10,1629203598095,1629203864425,,2,
question,/data/i/i2g/i2_11,1629203598095,1629203864425,,2,
question,/data/i/i2g/i2_12,1629203598095,1629203864425,,1,
group questions,/data/j,1629203864664,1629204057497,,,
question,/data/j/j1_1,1629203864665,1629204057497,,"1, 4",
question,/data/j/j1_2,1629203864665,1629204057497,,1,
question,/data/j/j1_19,1629203864665,1629204057497,,1,
question,/data/j/j2_1,1629203864665,1629204057497,,1,
question,/data/j/j2_2,1629203864665,1629204057497,,5,
question,/data/j/j2_3,1629203864665,1629204057497,,1,
question,/data/j/j2_4,1629203864665,1629204057497,,1,
question,/data/j/j2_5,1629203864665,1629204057497,,1,
question,/data/j/j2_6,1629203864665,1629204057497,,1,
question,/data/j/j2_7,1629203864665,1629204057497,,1,
question,/data/j/j2_8,1629203864665,1629204057497,,1,
question,/data/j/j2_9,1629203864665,1629204057497,,1,
question,/data/j/j2_10,1629203864665,1629204057497,,1,
end screen,,1629204057637,1629204060538,,,
form save,,1629204061146,,,,
form exit,,1629204061146,,,,
form finalize,,1629204061146,,,,
