event,node,start,end,old-value,new-value,change-reason
form start,,1623754042252,,,,
group questions,/data/front_page,1623754042253,1623754044665,,,
group questions,/data/facility_identification,1623754044681,1623754063452,,,
question,/data/facility_identification/b1_4,1623754044682,1623754063452,,Tanga,
group questions,/data/b2,1623754063492,1623754093230,,,
question,/data/b2/b4_1,1623754063493,1623754093230,,"2, 6, 5, 3, 1, 7",
question,/data/b2/b4_2,1623754063493,1623754093230,,3,
question,/data/b2/b4_3,1623754063493,1623754093230,,0,
question,/data/b2/b2_3,1623754063493,1623754093230,,2,
question,/data/b2/d1_a_1,1623754063493,1623754093230,,1,
question,/data/b2/d2_1,1623754063494,1623754093230,,"1, 3",
question,/data/b2/d2_2,1623754063494,1623754093230,,2,
question,/data/b2/d3_2,1623754063494,1623754093230,,1,
question,/data/b2/d3_3,1623754063494,1623754093230,,1,
question,/data/staff[1]/staff_type,1623754093318,1623754113182,,4,
group questions,/data/b3,1623754113242,1623754122706,,,
question,/data/b3/b3_a_9,1623754113242,1623754122706,,1,
question,/data/b3/b3_a_10,1623754113242,1623754122706,,0,
group questions,/data/c,1623754122774,1623754178440,,,
question,/data/c/c1_1,1623754122775,1623754178440,,1,
question,/data/c/c2_2,1623754122775,1623754178440,,1,
question,/data/c/c2_4,1623754122775,1623754178440,,1,
question,/data/c/running_water,1623754122775,1623754178440,,1,
question,/data/c/c2_5,1623754122775,1623754178440,,1,
question,/data/c/c2_6,1623754122775,1623754178440,,1,
question,/data/c/c2_7,1623754122775,1623754178440,,"3, 2",
question,/data/c/c2_8,1623754122775,1623754178440,,1,
question,/data/c/c3_a_1,1623754122775,1623754178440,,1,
question,/data/c/c3_b_1,1623754122775,1623754178440,,0,
question,/data/c/c3_b_1b,1623754122775,1623754178440,,0,
group questions,/data/e,1623754178599,1623754203640,,,
question,/data/e/e1_2,1623754178600,1623754203640,,2,
question,/data/e/e1_3,1623754178600,1623754203640,,2,
question,/data/e/e1_4,1623754178600,1623754203640,,2,
question,/data/e/e1_5,1623754178600,1623754203640,,2,
question,/data/e/e1_6,1623754178600,1623754203640,,2,
question,/data/e/e1_8,1623754178600,1623754203640,,2,
question,/data/e/e1_9,1623754178600,1623754203640,,2,
question,/data/e/e1_10,1623754178600,1623754203640,,2,
question,/data/e/e1_11,1623754178600,1623754203640,,2,
question,/data/e/e1_12,1623754178600,1623754203640,,2,
question,/data/e/e2_1,1623754178600,1623754203640,,3,
question,/data/e/e2_3,1623754178600,1623754203640,,3,
question,/data/e/e2_5,1623754178600,1623754203640,,3,
question,/data/e/e2_6,1623754178600,1623754203640,,3,
question,/data/e/e2_7,1623754178600,1623754203640,,3,
question,/data/e/e2_8,1623754178600,1623754203640,,3,
group questions,/data/e3group,1623754203745,1623754226058,,,
question,/data/e3group/e3_1,1623754203745,1623754226058,,0,
question,/data/e3group/e3_4,1623754203745,1623754226058,,0,
question,/data/e3group/e3_5,1623754203745,1623754226058,,0,
question,/data/e3group/e3_6,1623754203745,1623754226058,,0,
question,/data/e3group/e3_7,1623754203745,1623754226058,,0,
question,/data/e3group/e3_8,1623754203745,1623754226058,,98,
question,/data/e3group/e4_1,1623754203745,1623754226058,,96,
group questions,/data/f,1623754226147,1623754233043,,,
question,/data/f/f1_1,1623754226148,1623754233043,,0,
question,/data/f/f4_1,1623754226148,1623754233043,,0,
question,/data/f/f4_3,1623754226148,1623754233043,,0,
group questions,/data/g,1623754233080,1623754294170,,,
question,/data/g/drug_avail1,1623754233081,1623754294170,,0,
question,/data/g/drug_avail2,1623754233081,1623754294170,,0,
question,/data/g/drug_avail3,1623754233081,1623754294170,,0,
question,/data/g/drug_avail4,1623754233081,1623754294170,,1,
question,/data/g/drug_avail5,1623754233081,1623754294170,,1,
question,/data/g/drug_avail6,1623754233081,1623754294170,,1,
question,/data/g/drug_avail7,1623754233081,1623754294170,,1,
question,/data/g/drug_avail8,1623754233081,1623754294170,,0,
question,/data/g/drug_avail9,1623754233081,1623754294170,,0,
question,/data/g/drug_avail10,1623754233081,1623754294170,,0,
question,/data/g/drug_avail11,1623754233081,1623754294170,,0,
question,/data/g/drug_avail12,1623754233081,1623754294170,,0,
question,/data/g/drug_avail13,1623754233082,1623754294170,,0,
question,/data/g/drug_avail14,1623754233082,1623754294170,,0,
question,/data/g/drug_avail15,1623754233082,1623754294170,,0,
question,/data/g/drug_avail16,1623754233082,1623754294170,,0,
question,/data/g/drug_avail17,1623754233082,1623754294170,,0,
question,/data/g/drug_avail18,1623754233082,1623754294170,,0,
question,/data/g/drug_avail19,1623754233082,1623754294170,,0,
question,/data/g/drug_avail20,1623754233082,1623754294170,,0,
question,/data/g/drug_avail21,1623754233082,1623754294170,,0,
question,/data/g/drug_avail22,1623754233082,1623754294170,,0,
question,/data/g/drug_avail23,1623754233082,1623754294170,,0,
question,/data/g/drug_avail24,1623754233082,1623754294170,,0,
question,/data/g/drug_avail25,1623754233082,1623754294170,,0,
question,/data/g/drug_avail26,1623754233082,1623754294170,,0,
question,/data/g/drug_avail27,1623754233082,1623754294170,,1,
question,/data/g/drug_avail28,1623754233082,1623754294170,,1,
question,/data/g/drug_avail29,1623754233082,1623754294170,,1,
question,/data/g/drug_avail30,1623754233082,1623754294170,,1,
question,/data/g/drug_avail31,1623754233082,1623754294170,,1,
question,/data/g/drug_avail32,1623754233082,1623754294170,,1,
question,/data/g/drug_avail33,1623754233082,1623754294170,,1,
question,/data/g/drug_avail34,1623754233082,1623754294170,,0,
question,/data/g/drug_avail35,1623754233082,1623754294170,,1,
question,/data/g/drug_avail36,1623754233082,1623754294170,,1,
question,/data/g/drug_avail37,1623754233082,1623754294170,,4,
question,/data/g/drug_avail38,1623754233082,1623754294170,,1,
question,/data/g/drug_avail39,1623754233082,1623754294170,,0,
question,/data/g/drug_avail40,1623754233082,1623754294170,,0,
question,/data/g/drug_avail41,1623754233082,1623754294170,,0,
question,/data/g/drug_avail42,1623754233082,1623754294170,,0,
question,/data/g/drug_avail43,1623754233082,1623754294170,,0,
question,/data/g/drug_avail44,1623754233082,1623754294170,,0,
question,/data/g/g5_1,1623754233083,1623754294170,,98,
question,/data/g/g5_2,1623754233083,1623754294170,,1,
question,/data/g/g5_3,1623754233083,1623754294170,,1,
group questions,/data/h,1623754294384,1623754338482,,,
question,/data/h/h1_1,1623754294385,1623754338482,,RF03,
question,/data/h/h1_2,1623754294385,1623754338482,,0,
question,/data/h/h1_3,1623754294385,1623754338482,,0,
question,/data/h/h1_4,1623754294385,1623754338482,,"1, 2",
question,/data/h/h1_5,1623754294385,1623754338482,,1,
question,/data/h/h1_6,1623754294385,1623754338482,,1,
question,/data/h/h1_7,1623754294385,1623754338482,,1,
question,/data/h/h2_1,1623754294385,1623754338482,,2,
question,/data/h/h2_3,1623754294385,1623754338482,,"2, 1",
group questions,/data/i,1623754338560,1623754401545,,,
question,/data/i/i1_1,1623754338561,1623754401545,,1,
question,/data/i/i1_2,1623754338561,1623754401545,,1,
question,/data/i/i1_3,1623754338561,1623754401545,,0,
question,/data/i/i1_10,1623754338561,1623754401545,,3,
question,/data/i/i1_11,1623754338561,1623754401545,,2,
question,/data/i/i1_12,1623754338561,1623754401545,,0,
question,/data/i/i2_1,1623754338561,1623754401545,,1,
question,/data/i/i3_1,1623754338561,1623754401545,,4,
question,/data/i/i3_2,1623754338561,1623754401545,,2,
question,/data/i/i3_3,1623754338561,1623754401545,,3,
question,/data/i/i3_4,1623754338561,1623754401545,,3,
question,/data/i/i3_5,1623754338561,1623754401545,,2,
question,/data/i/i3_6,1623754338561,1623754401545,,3,
question,/data/i/i3_7,1623754338561,1623754401545,,97,
question,/data/i/i3_8,1623754338561,1623754401545,,2,
question,/data/i/i3_9,1623754338561,1623754401545,,2,
question,/data/i/i3_10,1623754338561,1623754401545,,0,
question,/data/i/i3_11,1623754338561,1623754401545,,0,
group questions,/data/j,1623754401693,1623754464022,,,
question,/data/j/j1_1,1623754401694,1623754464022,,3,
question,/data/j/j1_2,1623754401694,1623754464022,,2,
question,/data/j/j1_19,1623754401694,1623754464022,,2,
question,/data/j/j2_1,1623754401694,1623754464022,,2,
question,/data/j/j2_2,1623754401694,1623754464022,,3,
question,/data/j/j2_3,1623754401694,1623754464022,,0,
question,/data/j/j2_4,1623754401694,1623754464022,,0,
question,/data/j/j2_5,1623754401694,1623754464022,,0,
question,/data/j/j2_6,1623754401694,1623754464022,,0,
question,/data/j/j2_7,1623754401695,1623754464022,,0,
question,/data/j/j2_8,1623754401695,1623754464022,,0,
question,/data/j/j2_9,1623754401695,1623754464022,,0,
question,/data/j/j2_10,1623754401695,1623754464022,,0,
end screen,,1623754464111,1623754465795,,,
group questions,/data/j,1623754465795,1623754763901,,,
question,/data/j/j1_1,1623754465796,1623754763901,3,2,
question,/data/j/j1_2,1623754465796,1623754763901,2,"2, 1, 5, 3, 4",
end screen,,1623754764059,1623754796093,,,
group questions,/data/j,1623754796093,1623756013447,,,
group questions,/data/i,1623756013587,1623756015900,,,
group questions,/data/h,1623756016067,1623756016394,,,
group questions,/data/g,1623756016475,1623756018163,,,
group questions,/data/f,1623756018403,1623756018575,,,
group questions,/data/e3group,1623756018626,1623756021482,,,
group questions,/data/e,1623756021536,1623756031144,,,
group questions,/data/c,1623756031228,1623756033124,,,
group questions,/data/b3,1623756033227,1623756034602,,,
group questions,/data/b2,1623756036028,1623756047929,,,
group questions,/data/facility_identification,1623756048010,1623756056683,,,
group questions,/data/b2,1623756056717,1623756359706,,,
question,/data/b2/b4_1,1623756056717,1623756359706,"2, 6, 5, 3, 1, 7","2, 6, 5, 3, 1, 7, 4",
group questions,/data/facility_identification,1623756359789,1623756470553,,,
group questions,/data/b2,1623756470586,1623756772056,,,
question,/data/b2/b2_3,1623756470587,1623756772056,2,"2, 3",
question,/data/b2/d1_a_1,1623756470587,1623756772056,1,"1, 2, 3, 4",
question,/data/b2/d1_a_2,1623756470587,1623756772056,1,"1, 2, 3, 4",
question,/data/b2/d1_c_5,1623756470588,1623756772056,"2, 5, 3, 1","2, 5, 3, 1, 4",
question,/data/b2/d2_1,1623756470588,1623756772056,"1, 3","1, 2, 3, 4, 5",
question,/data/b2/d1_c_2,1623756641147,1623756772056,,3,
question,/data/b2/d1_c_4,1623756641147,1623756772056,,1,
question,/data/b2/d1_c_3,1623756641147,1623756772056,,0,
question,/data/b2/d1_a_8,1623756641147,1623756772056,,1,
question,/data/staff[1]/staff_end,1623756772190,1623756806355,0,1,
question,/data/staff[2]/staff_type,1623756806409,1623756824172,,4,
question,/data/staff[3]/staff_type,1623756824230,1623757156607,,4,
question,/data/staff[4]/staff_type,1623757156666,1623757212211,,6,
question,/data/staff[5]/staff_type,1623757212263,1623757236046,,9,
question,/data/staff[6]/staff_type,1623757236102,1623757262961,,9,
question,/data/staff[7]/staff_type,1623757263016,1623757300372,,10,
question,/data/staff[8]/staff_type,1623757300426,1623757317006,,10,
question,/data/staff[9]/staff_type,1623757317065,1623757338117,,10,
question,/data/staff[10]/staff_type,1623757338177,1623757389396,,11,
question,/data/staff[11]/staff_type,1623757389455,1623757471597,,99,
group questions,/data/b3,1623757471660,1623757495019,,,
group questions,/data/c,1623757495067,1623757501173,,,
group questions,/data/b3,1623757501275,1623757503093,,,
group questions,/data/c,1623757503143,1623757639337,,,
question,/data/c/c1_2,1623757503144,1623757639337,2,96,
question,/data/c/c2_4c,1623757503144,1623757639337,0,1,
question,/data/c/c2_7,1623757503145,1623757639337,"3, 2","3, 2, 1",
question,/data/c/c2_8,1623757503145,1623757639337,1,"1, 2",
question,/data/c/c3_a_2,1623757503145,1623757639337,2,1,
question,/data/c/c3_a_2a,1623757503145,1623757639337,3,4,
group questions,/data/e,1623757639434,1623757775430,,,
question,/data/e/e1_2,1623757639434,1623757775430,2,0,
question,/data/e/e1_3,1623757639434,1623757775430,2,0,
question,/data/e/e1_4,1623757639434,1623757775430,2,0,
question,/data/e/e1_5,1623757639434,1623757775430,2,1,
question,/data/e/e1_6,1623757639435,1623757775430,2,1,
question,/data/e/e1_8,1623757639435,1623757775430,2,0,
question,/data/e/e1_9,1623757639435,1623757775430,2,0,
question,/data/e/e1_10,1623757639435,1623757775430,2,1,
question,/data/e/e1_11,1623757639435,1623757775430,2,1,
question,/data/e/e1_12,1623757639435,1623757775430,2,1,
question,/data/e/e2_1,1623757639435,1623757775430,3,1,
question,/data/e/e2_3,1623757639435,1623757775430,3,1,
question,/data/e/e2_5,1623757639435,1623757775430,3,1,
question,/data/e/e2_6,1623757639435,1623757775430,3,1,
question,/data/e/e2_7,1623757639435,1623757775430,3,1,
question,/data/e/e2_8,1623757639435,1623757775430,3,1,
group questions,/data/e3group,1623757775536,1623758114416,,,
question,/data/e3group/e3_8,1623757775537,1623758114416,98,2,
question,/data/e3group/e4_1,1623757775537,1623758114416,96,1,
group questions,/data/f,1623758114501,1623758765484,,,
question,/data/f/f1_1,1623758114502,1623758765484,0,1,
group questions,/data/g,1623758765568,1623759132953,,,
question,/data/g/drug_avail1,1623758765569,1623759132953,0,1,
question,/data/g/drug_avail3,1623758765569,1623759132953,0,1,
question,/data/g/drug_avail5,1623758765570,1623759132953,1,0,
question,/data/g/drug_avail6,1623758765570,1623759132953,1,0,
question,/data/g/drug_avail8,1623758765570,1623759132953,0,1,
question,/data/g/drug_avail9,1623758765570,1623759132953,0,1,
question,/data/g/drug_avail10,1623758765570,1623759132953,0,1,
question,/data/g/drug_avail11,1623758765570,1623759132953,0,1,
question,/data/g/drug_avail12,1623758765570,1623759132953,0,1,
question,/data/g/drug_avail13,1623758765570,1623759132953,0,1,
question,/data/g/drug_avail14,1623758765570,1623759132953,0,1,
question,/data/g/drug_avail15,1623758765570,1623759132953,0,1,
question,/data/g/drug_avail17,1623758765570,1623759132953,0,1,
question,/data/g/drug_avail20,1623758765570,1623759132953,0,1,
question,/data/g/drug_avail22,1623758765570,1623759132953,0,1,
question,/data/g/drug_avail23,1623758765570,1623759132953,0,1,
question,/data/g/drug_avail25,1623758765570,1623759132953,0,1,
question,/data/g/drug_avail26,1623758765570,1623759132953,0,1,
question,/data/g/drug_avail34,1623758765570,1623759132953,0,1,
question,/data/g/drug_avail44,1623758765571,1623759132953,0,1,
question,/data/g/g5_1,1623758765571,1623759132953,98,1,
question,/data/g/g5_2,1623758765571,1623759132953,1,3,
question,/data/g/g5_3,1623758765571,1623759132953,1,"3, 4",
group questions,/data/h,1623759133149,1623759308398,,,
question,/data/h/h1_1,1623759133150,1623759308398,RF03,F0043,
question,/data/h/h1_2,1623759133150,1623759308398,0,1,
question,/data/h/h1_3,1623759133150,1623759308398,0,1,
question,/data/h/h1_4,1623759133150,1623759308398,"1, 2","1, 2, 4",
question,/data/h/h1_7,1623759133151,1623759308398,1,96,
question,/data/h/h2_1,1623759133151,1623759308398,2,"2, 1",
question,/data/h/h2_3,1623759133151,1623759308398,"2, 1",2,
group questions,/data/i,1623759308500,1623767162450,,,
question,/data/i/i1_1,1623759308501,1623767162450,1,2,
question,/data/i/i1_2,1623759308501,1623767162450,1,4,
question,/data/i/i1_3,1623759308501,1623767162450,0,1,
question,/data/i/i1_12,1623759308502,1623767162450,0,1,
question,/data/i/i2g/i2_13,1623759308502,1623767162450,1,11,
question,/data/i/i2g/i2_1a,1623759308502,1623767162450,1,2,
question,/data/i/i2g/i2_2,1623759308502,1623767162450,1,"1, 4",
question,/data/i/i2g/i2_3,1623759308502,1623767162450,2,3,
question,/data/i/i2g/i2_4,1623759308502,1623767162450,1,2,
question,/data/i/i2g/i2_5,1623759308502,1623767162450,97,0,
question,/data/i/i2g/i2_6,1623759308502,1623767162450,1,"1, 2, 3",
question,/data/i/i2g/i2_7,1623759308502,1623767162450,2,"2, 1, 3",
question,/data/i/i2g/i2_10,1623759308502,1623767162450,2,"2, 1",
question,/data/i/i2g/i2_11,1623759308502,1623767162450,1,"1, 2, 3",
question,/data/i/i2g/i2_12,1623759308502,1623767162450,0,1,
question,/data/i/i3_1,1623759308502,1623767162450,4,"4, 1, 2, 6, 7",
question,/data/i/i3_2,1623759308502,1623767162450,2,1,
question,/data/i/i3_3,1623759308502,1623767162450,3,1,
question,/data/i/i3_5,1623759308502,1623767162450,2,"2, 1",
question,/data/i/i3_7,1623759308502,1623767162450,97,0,
question,/data/i/i3_8,1623759308502,1623767162450,2,4,
question,/data/i/i1_5,1623759551276,1623767162450,,5,
question,/data/i/i1_7,1623759551276,1623767162450,,4,
question,/data/i/i1_8,1623759551276,1623767162450,,5,
question,/data/i/i1_9,1623759551276,1623767162450,,5,
form save,,1623767163104,,,,
form exit,,1623767163104,,,,
form resume,,1623780205506,,,,
jump,,1623780205507,1623780210257,,,
group questions,/data/front_page,1623780210292,1623780213613,,,
group questions,/data/facility_identification,1623780213720,1623780217455,,,
group questions,/data/b2,1623780217500,1623780221104,,,
question,/data/staff[11]/staff_oth_type,1623780246708,1623780272144,Mtaalamu wa maabara,Laboratory technician,
group questions,/data/b3,1623780272203,1623780275819,,,
group questions,/data/c,1623780275881,1623780297538,,,
question,/data/c/c3_a_2a,1623780275883,1623780297538,4,5,
group questions,/data/e,1623780297652,1623780397242,,,
question,/data/e/e2_7,1623780297654,1623780397242,1,0,
group questions,/data/e3group,1623780397370,1623780547754,,,
question,/data/e3group/e3_9o,1623780397371,1623780547754,Hawana kabisa,Not available,
group questions,/data/f,1623780547846,1623780589686,,,
group questions,/data/g,1623780589787,1623780717563,,,
question,/data/g/drug_avail37,1623780589790,1623780717563,4,1,
group questions,/data/h,1623780717785,1623780746395,,,
group questions,/data/i,1623780746466,1623780810024,,,
group questions,/data/h,1623780810220,1623780812922,,,
group questions,/data/g,1623780812999,1623780825594,,,
question,/data/g/drug_avail34,1623780813002,1623780825594,1,0,
group questions,/data/h,1623780825829,1623780828201,,,
group questions,/data/i,1623780828282,1623781224382,,,
question,/data/i/i2g/i2_10,1623780828285,1623781224382,"2, 1","1, 2",
question,/data/i/i3_1,1623780828285,1623781224382,"4, 1, 2, 6, 7","4, 1, 2, 7",
question,/data/i/i3_8,1623780828286,1623781224382,4,3,
group questions,/data/j,1623781224599,1623782412437,,,
question,/data/j/j1_1,1623781224599,1623782412437,2,"1, 3",
question,/data/j/j1_2,1623781224599,1623782412437,"2, 1, 5, 3, 4","1, 5, 3, 4",
question,/data/j/j1_12,1623781224600,1623782412437,1,0,
question,/data/j/j1_5,1623781224600,1623782412437,"1, 2",3,
question,/data/j/j1_6,1623781224600,1623782412437,0,1,
question,/data/j/j1_10,1623781224600,1623782412437,3,"3, 2",
question,/data/j/j1_19,1623781224600,1623782412437,2,"1, 2",
question,/data/j/j1_20,1623781224600,1623782412437,4,3,
question,/data/j/j1_21,1623781224600,1623782412437,01/06/21,17/03/21,
question,/data/j/j2_1,1623781224601,1623782412437,2,"1, 3, 4, 5",
question,/data/j/j2_3,1623781224601,1623782412437,0,1,
question,/data/j/j2_4,1623781224601,1623782412437,0,1,
question,/data/j/j2_5,1623781224601,1623782412437,0,1,
question,/data/j/j2_6,1623781224601,1623782412437,0,1,
question,/data/j/j2_7,1623781224601,1623782412437,0,1,
question,/data/j/j2_8,1623781224601,1623782412437,0,1,
question,/data/j/j2_9,1623781224601,1623782412437,0,1,
question,/data/j/j2_10,1623781224601,1623782412437,0,1,
question,/data/j/j1_7,1623781429861,1623782412437,,2,
question,/data/j/j1_8,1623781429861,1623782412437,,2,
question,/data/j/j1_9,1623781429861,1623782412437,,2,
end screen,,1623782412567,1623782471903,,,
change reason,,1623782534587,,,,limited work time
form save,,1623782535642,,,,
form exit,,1623782535642,,,,
form finalize,,1623782535642,,,,
