event,node,start,end,old-value,new-value,change-reason
form start,,1628576592338,,,,
group questions,/data/front_page,1628576592342,1628576594430,,,
group questions,/data/facility_identification,1628576594464,1628576635877,,,
question,/data/facility_identification/b1_4,1628576594466,1628576635877,,Kaliua,
group questions,/data/b2,1628576635906,1628592733620,,,
question,/data/b2/b4_1,1628576635908,1628592733620,,"1, 3, 5, 2, 4",
question,/data/b2/b4_2,1628576635909,1628592733620,,2,
question,/data/b2/b4_3,1628576635909,1628592733620,,0,
question,/data/b2/b2_3,1628576635909,1628592733620,,"2, 3",
question,/data/b2/d1_a_1,1628576635910,1628592733620,,"1, 2, 3, 4",
question,/data/b2/d2_1,1628576635910,1628592733620,,"1, 2, 3, 5",
question,/data/b2/d2_2,1628576635910,1628592733620,,2,
question,/data/b2/d3_2,1628576635910,1628592733620,,4,
question,/data/b2/d3_3,1628576635910,1628592733620,,"1, 3, 2",
question,/data/staff[1]/staff_type,1628592733786,1628592845342,,9,
question,/data/staff[2]/staff_type,1628592845412,1628592896572,,4,
group questions,/data/b3,1628592896620,1628592963644,,,
question,/data/b3/b3_a_9,1628592896621,1628592963644,,0,
question,/data/b3/b3_a_10,1628592896621,1628592963644,,0,
group questions,/data/c,1628592963703,1628593385027,,,
question,/data/c/c1_1,1628592963704,1628593385027,,1,
question,/data/c/c2_2,1628592963704,1628593385027,,2,
question,/data/c/c2_4,1628592963704,1628593385027,,1,
question,/data/c/running_water,1628592963704,1628593385027,,1,
question,/data/c/c2_5,1628592963704,1628593385027,,1,
question,/data/c/c2_6,1628592963704,1628593385027,,0,
question,/data/c/c2_7,1628592963705,1628593385027,,"1, 2, 3",
question,/data/c/c2_8,1628592963705,1628593385027,,"1, 2",
question,/data/c/c3_a_1,1628592963705,1628593385027,,"1, 2",
question,/data/c/c3_b_1,1628592963705,1628593385027,,0,
question,/data/c/c3_b_1b,1628592963705,1628593385027,,0,
question,/data/c/c1_2o,1628593021009,1628593385027,,Taa za sola,
question,/data/c/c1_4,1628593021009,1628593385027,,2,
question,/data/c/c2_3,1628593266549,1628593385027,,2,
question,/data/c/c2_4b,1628593266549,1628593385027,,1,
group questions,/data/e,1628593385150,1628593638427,,,
question,/data/e/e1_2,1628593385151,1628593638427,,1,
question,/data/e/e1_3,1628593385151,1628593638427,,1,
question,/data/e/e1_4,1628593385151,1628593638427,,1,
question,/data/e/e1_5,1628593385152,1628593638427,,0,
question,/data/e/e1_6,1628593385152,1628593638427,,1,
question,/data/e/e1_8,1628593385152,1628593638427,,0,
question,/data/e/e1_9,1628593385152,1628593638427,,0,
question,/data/e/e1_10,1628593385152,1628593638427,,0,
question,/data/e/e1_11,1628593385152,1628593638427,,0,
question,/data/e/e1_12,1628593385152,1628593638427,,0,
question,/data/e/e2_1,1628593385152,1628593638427,,1,
question,/data/e/e2_3,1628593385152,1628593638427,,1,
question,/data/e/e2_5,1628593385152,1628593638427,,1,
question,/data/e/e2_6,1628593385152,1628593638427,,1,
question,/data/e/e2_7,1628593385152,1628593638427,,0,
question,/data/e/e2_8,1628593385152,1628593638427,,1,
group questions,/data/e3group,1628593638537,1628593748061,,,
question,/data/e3group/e3_1,1628593638538,1628593748061,,0,
question,/data/e3group/e3_4,1628593638538,1628593748061,,0,
question,/data/e3group/e3_5,1628593638538,1628593748061,,0,
question,/data/e3group/e3_6,1628593638538,1628593748061,,0,
question,/data/e3group/e3_7,1628593638538,1628593748061,,0,
question,/data/e3group/e3_8,1628593638538,1628593748061,,97,
question,/data/e3group/e4_1,1628593638538,1628593748061,,96,
group questions,/data/f,1628593748115,1628593946442,,,
question,/data/f/f1_1,1628593748116,1628593946442,,1,
question,/data/f/f4_1,1628593748116,1628593946442,,0,
question,/data/f/f4_3,1628593748116,1628593946442,,0,
group questions,/data/g,1628593946535,1628594274946,,,
question,/data/g/drug_avail1,1628593946536,1628594274946,,1,
question,/data/g/drug_avail2,1628593946536,1628594274946,,0,
question,/data/g/drug_avail3,1628593946536,1628594274946,,0,
question,/data/g/drug_avail4,1628593946537,1628594274946,,0,
question,/data/g/drug_avail5,1628593946537,1628594274946,,0,
question,/data/g/drug_avail6,1628593946537,1628594274946,,0,
question,/data/g/drug_avail7,1628593946537,1628594274946,,0,
question,/data/g/drug_avail8,1628593946537,1628594274946,,0,
question,/data/g/drug_avail9,1628593946537,1628594274946,,1,
question,/data/g/drug_avail10,1628593946537,1628594274946,,1,
question,/data/g/drug_avail11,1628593946537,1628594274946,,0,
question,/data/g/drug_avail12,1628593946537,1628594274946,,0,
question,/data/g/drug_avail13,1628593946537,1628594274946,,0,
question,/data/g/drug_avail14,1628593946537,1628594274946,,1,
question,/data/g/drug_avail15,1628593946537,1628594274946,,0,
question,/data/g/drug_avail16,1628593946537,1628594274946,,0,
question,/data/g/drug_avail17,1628593946537,1628594274946,,0,
question,/data/g/drug_avail18,1628593946537,1628594274946,,0,
question,/data/g/drug_avail19,1628593946537,1628594274946,,0,
question,/data/g/drug_avail20,1628593946537,1628594274946,,1,
question,/data/g/drug_avail21,1628593946537,1628594274946,,0,
question,/data/g/drug_avail22,1628593946537,1628594274946,,0,
question,/data/g/drug_avail23,1628593946537,1628594274946,,0,
question,/data/g/drug_avail24,1628593946537,1628594274946,,0,
question,/data/g/drug_avail25,1628593946537,1628594274946,,1,
question,/data/g/drug_avail26,1628593946537,1628594274946,,1,
question,/data/g/drug_avail27,1628593946537,1628594274946,,1,
question,/data/g/drug_avail28,1628593946537,1628594274946,,0,
question,/data/g/drug_avail29,1628593946537,1628594274946,,1,
question,/data/g/drug_avail30,1628593946537,1628594274946,,1,
question,/data/g/drug_avail31,1628593946537,1628594274946,,1,
question,/data/g/drug_avail32,1628593946537,1628594274946,,1,
question,/data/g/drug_avail33,1628593946537,1628594274946,,0,
question,/data/g/drug_avail34,1628593946537,1628594274946,,0,
question,/data/g/drug_avail35,1628593946537,1628594274946,,1,
question,/data/g/drug_avail36,1628593946537,1628594274946,,1,
question,/data/g/drug_avail37,1628593946538,1628594274946,,1,
question,/data/g/drug_avail38,1628593946538,1628594274946,,0,
question,/data/g/drug_avail39,1628593946538,1628594274946,,0,
question,/data/g/drug_avail40,1628593946538,1628594274946,,0,
question,/data/g/drug_avail41,1628593946538,1628594274946,,0,
question,/data/g/drug_avail42,1628593946538,1628594274946,,0,
question,/data/g/drug_avail43,1628593946538,1628594274946,,0,
question,/data/g/drug_avail44,1628593946538,1628594274946,,4,
question,/data/g/g5_1,1628593946538,1628594274946,,1,
question,/data/g/g5_2,1628593946538,1628594274946,,2,
question,/data/g/g5_3,1628593946538,1628594274946,,"2, 3, 4",
group questions,/data/h,1628594275175,1628594564628,,,
question,/data/h/h1_1,1628594275178,1628594564628,,RF01,
question,/data/h/h1_2,1628594275178,1628594564628,,1,
question,/data/h/h1_3,1628594275178,1628594564628,,1,
question,/data/h/h1_4,1628594275178,1628594564628,,"1, 2, 3, 4",
question,/data/h/h1_5,1628594275178,1628594564628,,1,
question,/data/h/h1_6,1628594275178,1628594564628,,"1, 3, 2",
question,/data/h/h1_7,1628594275178,1628594564628,,"1, 3, 2",
question,/data/h/h2_1,1628594275178,1628594564628,,"1, 2",
question,/data/h/h2_3,1628594275178,1628594564628,,2,
group questions,/data/i,1628594564732,1628595908862,,,
question,/data/i/i1_1,1628594564735,1628595908862,,2,
question,/data/i/i1_2,1628594564735,1628595908862,,3,
question,/data/i/i1_3,1628594564735,1628595908862,,1,
question,/data/i/i1_10,1628594564735,1628595908862,,3,
question,/data/i/i1_11,1628594564735,1628595908862,,98,
question,/data/i/i1_12,1628594564735,1628595908862,,98,
question,/data/i/i2_1,1628594564735,1628595908862,,1,
question,/data/i/i3_1,1628594564735,1628595908862,,96,
question,/data/i/i3_2,1628594564735,1628595908862,,1,
question,/data/i/i3_3,1628594564735,1628595908862,,1,
question,/data/i/i3_4,1628594564735,1628595908862,,"1, 3, 2",
question,/data/i/i3_5,1628594564735,1628595908862,,"1, 2, 3",
question,/data/i/i3_6,1628594564735,1628595908862,,2,
question,/data/i/i3_7,1628594564735,1628595908862,,98,
question,/data/i/i3_8,1628594564735,1628595908862,,98,
question,/data/i/i3_9,1628594564735,1628595908862,,98,
question,/data/i/i3_10,1628594564735,1628595908862,,0,
question,/data/i/i3_11,1628594564735,1628595908862,,0,
question,/data/i/i2g/i2_13,1628595144256,1628595908862,,1,
question,/data/i/i2g/i2_7,1628595144257,1628595908862,,"3, 1",
question,/data/i/i2g/i2_12,1628595144257,1628595908862,1,0,
group questions,/data/j,1628595909037,1628596465950,,,
question,/data/j/j1_1,1628595909038,1628596465950,,"1, 2",
question,/data/j/j1_2,1628595909038,1628596465950,,"3, 4, 5",
question,/data/j/j1_19,1628595909038,1628596465950,,1,
question,/data/j/j2_1,1628595909039,1628596465950,,3,
question,/data/j/j2_2,1628595909039,1628596465950,,8,
question,/data/j/j2_3,1628595909039,1628596465950,,1,
question,/data/j/j2_4,1628595909039,1628596465950,,1,
question,/data/j/j2_5,1628595909039,1628596465950,,1,
question,/data/j/j2_6,1628595909041,1628596465950,,1,
question,/data/j/j2_7,1628595909041,1628596465950,,0,
question,/data/j/j2_8,1628595909042,1628596465950,,1,
question,/data/j/j2_9,1628595909042,1628596465950,,1,
question,/data/j/j2_10,1628595909042,1628596465950,,1,
end screen,,1628596466143,1628596472655,,,
form save,,1628596473014,,,,
form exit,,1628596473015,,,,
form resume,,1628606368282,,,,
jump,,1628606368283,1628606369885,,,
end screen,,1628606369904,1628606371187,,,
form save,,1628606371689,,,,
form exit,,1628606371689,,,,
form finalize,,1628606371689,,,,
