event,node,start,end,old-value,new-value,change-reason
form start,,1627647400401,,,,
group questions,/data/front_page,1627647400403,1627647402976,,,
group questions,/data/facility_identification,1627647402999,1627648013152,,,
question,/data/facility_identification/b1_4,1627647403000,1627648013152,,Tanga,
group questions,/data/b2,1627648013185,1627648321034,,,
question,/data/b2/b4_1,1627648013186,1627648321034,,"1, 3, 5, 2, 4",
question,/data/b2/b4_2,1627648013186,1627648321034,,2,
question,/data/b2/b4_3,1627648013186,1627648321034,,0,
question,/data/b2/b2_3,1627648013186,1627648321034,,"2, 3",
question,/data/b2/d1_a_1,1627648013186,1627648321034,,"1, 2, 4",
question,/data/b2/d2_1,1627648013186,1627648321034,,"1, 2, 5, 4",
question,/data/b2/d2_2,1627648013186,1627648321034,,2,
question,/data/b2/d3_2,1627648013186,1627648321034,,1,
question,/data/b2/d3_3,1627648013186,1627648321034,,1,
question,/data/staff[1]/staff_type,1627648321210,1627648461537,,4,
question,/data/staff[2]/staff_type,1627648461603,1627648485828,,4,
group questions,/data/b3,1627648485886,1627648523136,,,
question,/data/b3/b3_a_9,1627648485886,1627648523136,,0,
question,/data/b3/b3_a_10,1627648485887,1627648523136,,0,
group questions,/data/c,1627648523189,1627648744097,,,
question,/data/c/c1_1,1627648523190,1627648744097,,1,
question,/data/c/c2_2,1627648523190,1627648744097,,1,
question,/data/c/c2_4,1627648523190,1627648744097,,1,
question,/data/c/running_water,1627648523190,1627648744097,,1,
question,/data/c/c2_5,1627648523190,1627648744097,,1,
question,/data/c/c2_6,1627648523190,1627648744097,,1,
question,/data/c/c2_7,1627648523190,1627648744097,,2,
question,/data/c/c2_8,1627648523190,1627648744097,,2,
question,/data/c/c3_a_1,1627648523190,1627648744097,,1,
question,/data/c/c3_b_1,1627648523190,1627648744097,,1,
question,/data/c/c3_b_1b,1627648523190,1627648744097,,0,
group questions,/data/e,1627648744249,1627648787102,,,
question,/data/e/e1_2,1627648744249,1627648787102,,1,
question,/data/e/e1_3,1627648744249,1627648787102,,1,
question,/data/e/e1_4,1627648744249,1627648787102,,1,
question,/data/e/e1_5,1627648744249,1627648787102,,1,
question,/data/e/e1_6,1627648744249,1627648787102,,1,
question,/data/e/e1_8,1627648744249,1627648787102,,1,
question,/data/e/e1_9,1627648744249,1627648787102,,1,
question,/data/e/e1_10,1627648744249,1627648787102,,0,
question,/data/e/e1_11,1627648744250,1627648787102,,0,
question,/data/e/e1_12,1627648744250,1627648787102,,1,
question,/data/e/e2_1,1627648744250,1627648787102,,1,
question,/data/e/e2_3,1627648744250,1627648787102,,1,
question,/data/e/e2_5,1627648744250,1627648787102,,1,
question,/data/e/e2_6,1627648744250,1627648787102,,1,
question,/data/e/e2_7,1627648744250,1627648787102,,1,
question,/data/e/e2_8,1627648744250,1627648787102,,1,
group questions,/data/e3group,1627648787209,1627648820334,,,
question,/data/e3group/e3_1,1627648787210,1627648820334,,1,
question,/data/e3group/e3_4,1627648787210,1627648820334,,1,
question,/data/e3group/e3_5,1627648787210,1627648820334,,1,
question,/data/e3group/e3_6,1627648787210,1627648820334,,1,
question,/data/e3group/e3_7,1627648787210,1627648820334,,1,
question,/data/e3group/e3_8,1627648787210,1627648820334,,0,
question,/data/e3group/e4_1,1627648787210,1627648820334,,96,
group questions,/data/f,1627648820395,1627648924054,,,
question,/data/f/f1_1,1627648820396,1627648924054,,1,
question,/data/f/f4_1,1627648820396,1627648924054,,0,
question,/data/f/f4_3,1627648820396,1627648924054,,0,
group questions,/data/g,1627648924134,1627649079920,,,
question,/data/g/drug_avail1,1627648924135,1627649079920,,1,
question,/data/g/drug_avail2,1627648924135,1627649079920,,0,
question,/data/g/drug_avail3,1627648924135,1627649079920,,1,
question,/data/g/drug_avail4,1627648924135,1627649079920,,1,
question,/data/g/drug_avail5,1627648924135,1627649079920,,0,
question,/data/g/drug_avail6,1627648924135,1627649079920,,0,
question,/data/g/drug_avail7,1627648924135,1627649079920,,1,
question,/data/g/drug_avail8,1627648924135,1627649079920,,1,
question,/data/g/drug_avail9,1627648924135,1627649079920,,1,
question,/data/g/drug_avail10,1627648924135,1627649079920,,1,
question,/data/g/drug_avail11,1627648924135,1627649079920,,0,
question,/data/g/drug_avail12,1627648924135,1627649079920,,1,
question,/data/g/drug_avail13,1627648924135,1627649079920,,0,
question,/data/g/drug_avail14,1627648924135,1627649079920,,1,
question,/data/g/drug_avail15,1627648924135,1627649079920,,1,
question,/data/g/drug_avail16,1627648924135,1627649079920,,0,
question,/data/g/drug_avail17,1627648924135,1627649079920,,1,
question,/data/g/drug_avail18,1627648924135,1627649079920,,1,
question,/data/g/drug_avail19,1627648924136,1627649079920,,0,
question,/data/g/drug_avail20,1627648924136,1627649079920,,1,
question,/data/g/drug_avail21,1627648924136,1627649079920,,0,
question,/data/g/drug_avail22,1627648924136,1627649079920,,0,
question,/data/g/drug_avail23,1627648924136,1627649079920,,0,
question,/data/g/drug_avail24,1627648924136,1627649079920,,0,
question,/data/g/drug_avail25,1627648924136,1627649079920,,1,
question,/data/g/drug_avail26,1627648924136,1627649079920,,1,
question,/data/g/drug_avail27,1627648924136,1627649079920,,1,
question,/data/g/drug_avail28,1627648924136,1627649079920,,1,
question,/data/g/drug_avail29,1627648924136,1627649079920,,1,
question,/data/g/drug_avail30,1627648924136,1627649079920,,1,
question,/data/g/drug_avail31,1627648924136,1627649079920,,1,
question,/data/g/drug_avail32,1627648924136,1627649079920,,1,
question,/data/g/drug_avail33,1627648924136,1627649079920,,0,
question,/data/g/drug_avail34,1627648924136,1627649079920,,1,
question,/data/g/drug_avail35,1627648924136,1627649079920,,1,
question,/data/g/drug_avail36,1627648924136,1627649079920,,1,
question,/data/g/drug_avail37,1627648924136,1627649079920,,1,
question,/data/g/drug_avail38,1627648924136,1627649079920,,1,
question,/data/g/drug_avail39,1627648924136,1627649079920,,1,
question,/data/g/drug_avail40,1627648924136,1627649079920,,1,
question,/data/g/drug_avail41,1627648924136,1627649079920,,1,
question,/data/g/drug_avail42,1627648924136,1627649079920,,1,
question,/data/g/drug_avail43,1627648924136,1627649079920,,1,
question,/data/g/drug_avail44,1627648924136,1627649079920,,1,
question,/data/g/g5_1,1627648924136,1627649079920,,1,
question,/data/g/g5_2,1627648924136,1627649079920,,3,
question,/data/g/g5_3,1627648924137,1627649079920,,"1, 3",
group questions,/data/h,1627649080123,1627649130618,,,
question,/data/h/h1_1,1627649080124,1627649130618,,RF03,
question,/data/h/h1_2,1627649080124,1627649130618,,1,
question,/data/h/h1_3,1627649080124,1627649130618,,1,
question,/data/h/h1_4,1627649080124,1627649130618,,2,
question,/data/h/h1_5,1627649080124,1627649130618,,2,
question,/data/h/h1_6,1627649080124,1627649130618,,3,
question,/data/h/h1_7,1627649080124,1627649130618,,3,
question,/data/h/h2_1,1627649080124,1627649130618,,1,
question,/data/h/h2_3,1627649080124,1627649130618,,2,
group questions,/data/i,1627649130707,1627649299863,,,
form save,,1627649300152,,,,
form exit,,1627649300152,,,,
form resume,,1627886137401,,,,
jump,,1627886137402,1627886140437,,,
group questions,/data/front_page,1627886140464,1627886141966,,,
group questions,/data/facility_identification,1627886142014,1627886184838,,,
group questions,/data/b2,1627886184914,1627887232536,,,
question,/data/b2/b2_5,1627886184919,1627887232536,1,0,
question,/data/b2/d1_a_6,1627886184923,1627887232536,0,1,
question,/data/b2/d1_c_4,1627886184926,1627887232536,1,0,
question,/data/b2/d1_c_3,1627886184926,1627887232536,1,0,
question,/data/staff[2]/staff_end,1627887308597,1627887321075,0,1,
question,/data/staff[3]/staff_type,1627887321134,1627887379824,,6,
question,/data/staff[4]/staff_type,1627887379870,1627887404430,,9,
question,/data/staff[5]/staff_type,1627887404481,1627887600172,,99,
question,/data/staff[6]/staff_type,1627887600226,1627887645943,,10,
question,/data/staff[6]/staff_status,1627887617248,1627887645943,,4,
question,/data/staff[6]/staff_time,1627887617248,1627887645943,,1,
question,/data/staff[6]/staff_childcare,1627887617248,1627887645943,,0,
question,/data/staff[6]/staff_end,1627887617248,1627887645943,,0,
group questions,/data/b3,1627887645989,1627887660736,,,
group questions,/data/c,1627887660802,1627887771841,,,
question,/data/c/c1_4,1627887660804,1627887771841,1,2,
group questions,/data/b3,1627887772022,1627887773760,,,
question,/data/staff[6]/staff_end,1627887773824,1627887781994,0,1,
question,/data/staff[7]/staff_type,1627887782041,1627887809931,,10,
question,/data/staff[8]/staff_type,1627887809984,1627887828478,,10,
question,/data/staff[6]/staff_status,1627887865378,1627887874768,4,2,
question,/data/staff[7]/staff_status,1627887878963,1627887887943,2,4,
question,/data/staff[7]/staff_time,1627887878963,1627887887943,1,2,
question,/data/staff[8]/staff_end,1627887900637,1627887902509,1,0,
question,/data/staff[8]/staff_end,1627887921755,1627887926474,0,1,
question,/data/staff[8]/staff_end,1627887927885,1627887930050,1,0,
question,/data/staff[9]/staff_type,1627887930095,1627887961072,,10,
group questions,/data/b3,1627887961126,1627888012408,,,
group questions,/data/b2,1627888021378,1627888024664,,,
group questions,/data/b3,1627888157280,1627888160791,,,
group questions,/data/c,1627888160856,1627889449815,,,
question,/data/c/c2_4c,1627888160858,1627889449815,0,1,
question,/data/c/c2_7,1627888160858,1627889449815,2,"2, 1, 3, 4",
question,/data/c/c2_8,1627888160858,1627889449815,2,"2, 1",
question,/data/c/c3_a_1,1627888160858,1627889449815,1,2,
question,/data/c/c3_b_4,1627888160858,1627889449815,"1, 2, 3, 4, 5, 6, 7","1, 2, 3, 4, 5, 7",
question,/data/c/c3_c_3,1627888160859,1627889449815,2,3,
group questions,/data/e,1627889449981,1627889558320,,,
group questions,/data/e3group,1627889558440,1627890623427,,,
group questions,/data/f,1627890623493,1627890923727,,,
question,/data/f/f2_1a,1627890623494,1627890923727,"1, 2, 3, 5","1, 2, 3, 5, 7",
question,/data/f/f2_2,1627890623494,1627890923727,1,"1, 2",
group questions,/data/g,1627890923832,1627891528601,,,
group questions,/data/h,1627891528816,1627892132010,,,
question,/data/h/h1_5,1627891528819,1627892132010,2,1,
question,/data/h/h1_6,1627891528819,1627892132010,3,1,
question,/data/h/h1_8,1627891528819,1627892132010,2,1,
question,/data/h/h2_1,1627891528819,1627892132010,1,"1, 2",
group questions,/data/i,1627892132095,1627894564582,,,
question,/data/i/i1_1,1627892132097,1627894564582,,3,
question,/data/i/i1_2,1627892132097,1627894564582,,4,
question,/data/i/i1_3,1627892132097,1627894564582,,1,
question,/data/i/i1_10,1627892132097,1627894564582,,3,
question,/data/i/i1_11,1627892132097,1627894564582,,2,
question,/data/i/i1_12,1627892132097,1627894564582,,0,
question,/data/i/i2_1,1627892132097,1627894564582,,1,
question,/data/i/i3_1,1627892132097,1627894564582,,96,
question,/data/i/i3_2,1627892132097,1627894564582,,1,
question,/data/i/i3_3,1627892132097,1627894564582,,1,
question,/data/i/i3_4,1627892132097,1627894564582,,"3, 1, 2",
question,/data/i/i3_5,1627892132097,1627894564582,,"1, 2",
question,/data/i/i3_6,1627892132097,1627894564582,,4,
question,/data/i/i3_7,1627892132097,1627894564582,,1,
question,/data/i/i3_8,1627892132097,1627894564582,,1,
question,/data/i/i3_9,1627892132097,1627894564582,,"1, 2",
question,/data/i/i3_10,1627892132097,1627894564582,,0,
question,/data/i/i3_11,1627892132097,1627894564582,,0,
question,/data/i/i1_5,1627892669871,1627894564582,,5,
question,/data/i/i1_7,1627892669871,1627894564582,,5,
question,/data/i/i1_8,1627892669871,1627894564582,,5,
question,/data/i/i1_9,1627892669872,1627894564582,,5,
question,/data/i/i2g/i2_2,1627893589277,1627894564582,1,"1, 4, 3",
question,/data/i/i2g/i2_3,1627893589277,1627894564582,,3,
question,/data/i/i2g/i2_4,1627893589277,1627894564582,,2,
question,/data/i/i2g/i2_5,1627893589277,1627894564582,,1,
question,/data/i/i2g/i2_6,1627893589277,1627894564582,,1,
question,/data/i/i2g/i2_10,1627893589277,1627894564582,,"1, 2",
question,/data/i/i2g/i2_11,1627893589277,1627894564582,,"1, 2, 3",
question,/data/i/i2g/i2_12,1627893589277,1627894564582,,1,
group questions,/data/j,1627894564766,1627895213456,,,
question,/data/j/j1_1,1627894564767,1627895213456,,"1, 3, 4",
question,/data/j/j1_2,1627894564767,1627895213456,,"1, 3, 4, 5",
question,/data/j/j1_19,1627894564767,1627895213456,,1,
question,/data/j/j2_1,1627894564767,1627895213456,,"1, 3, 4, 5",
question,/data/j/j2_2,1627894564767,1627895213456,,1,
question,/data/j/j2_3,1627894564767,1627895213456,,1,
question,/data/j/j2_4,1627894564767,1627895213456,,1,
question,/data/j/j2_5,1627894564767,1627895213456,,1,
question,/data/j/j2_6,1627894564767,1627895213456,,1,
question,/data/j/j2_7,1627894564767,1627895213456,,1,
question,/data/j/j2_8,1627894564767,1627895213456,,1,
question,/data/j/j2_9,1627894564767,1627895213456,,1,
question,/data/j/j2_10,1627894564767,1627895213456,,0,
question,/data/j/j1_7,1627894749110,1627895213456,,1,
question,/data/j/j1_8,1627894749110,1627895213456,,1,
question,/data/j/j1_9,1627894749111,1627895213456,,1,
question,/data/j/j1_10,1627894749111,1627895213456,,3,
question,/data/j/j1_15,1627894749111,1627895213456,,0,
question,/data/j/j1_11,1627894749111,1627895213456,,3,
question,/data/j/j1_16,1627894749111,1627895213456,,0,
question,/data/j/j1_17,1627894749111,1627895213456,,1,
end screen,,1627895213594,1627895218446,,,
group questions,/data/j,1627895218447,1627895220398,,,
group questions,/data/i,1627895220538,1627895224963,,,
group questions,/data/h,1627895225134,1627895227379,,,
group questions,/data/g,1627895227462,1627895323645,,,
question,/data/g/drug_avail7,1627895227463,1627895323645,1,4,
question,/data/g/drug_avail12,1627895227464,1627895323645,1,4,
question,/data/g/drug_avail18,1627895227464,1627895323645,1,0,
group questions,/data/h,1627895323860,1627895325623,,,
group questions,/data/i,1627895325705,1627895329376,,,
group questions,/data/j,1627895329548,1627895331919,,,
end screen,,1627895332066,1627895334519,,,
change reason,,1627895359915,,,,completing assement 
form save,,1627895360507,,,,
form exit,,1627895360507,,,,
form resume,,1627895451523,,,,
jump,,1627895451523,1627895453096,,,
group questions,/data/front_page,1627895453115,1627895454218,,,
group questions,/data/facility_identification,1627895454236,1627895458015,,,
group questions,/data/b2,1627895458057,1627895462612,,,
group questions,/data/b3,1627895480207,1627895481751,,,
group questions,/data/c,1627895481812,1627895485728,,,
group questions,/data/e,1627895485900,1627895540008,,,
group questions,/data/e3group,1627895540101,1627895559948,,,
group questions,/data/e,1627895560002,1627895562280,,,
group questions,/data/c,1627895562382,1627895601007,,,
group questions,/data/e,1627895601155,1627895606235,,,
group questions,/data/c,1627895606336,1627895629791,,,
group questions,/data/e,1627895629936,1627895638964,,,
group questions,/data/e3group,1627895639069,1627895641919,,,
group questions,/data/f,1627895641978,1627895655087,,,
group questions,/data/g,1627895655183,1627895666741,,,
group questions,/data/h,1627895666961,1627896049195,,,
group questions,/data/i,1627896049288,1627896053610,,,
form save,,1627896054154,,,,
form exit,,1627896054154,,,,
form resume,,1627903833757,,,,
jump,,1627903833757,1627903835678,,,
group questions,/data/front_page,1627903835698,1627903837072,,,
group questions,/data/facility_identification,1627903837086,1627903839534,,,
group questions,/data/b2,1627903839571,1627903843159,,,
group questions,/data/b3,1627903854719,1627903855581,,,
group questions,/data/c,1627903855636,1627903857343,,,
group questions,/data/e,1627903857502,1627903860739,,,
group questions,/data/e3group,1627903860849,1627903867197,,,
group questions,/data/f,1627903867259,1627903870441,,,
group questions,/data/g,1627903870539,1627904223659,,,
question,/data/g/drug_avail10,1627903870540,1627904223659,1,4,
question,/data/g/drug_avail11,1627903870540,1627904223659,0,4,
question,/data/g/drug_avail12,1627903870540,1627904223659,4,1,
question,/data/g/drug_avail18,1627903870541,1627904223659,0,4,
question,/data/g/drug_avail22,1627903870541,1627904223659,0,4,
question,/data/g/drug_avail25,1627903870541,1627904223659,1,4,
question,/data/g/drug_avail34,1627903870541,1627904223659,1,0,
question,/data/g/drug_avail38,1627903870541,1627904223659,1,4,
question,/data/g/g5_2,1627903870542,1627904223659,3,1,
question,/data/g/g5_3,1627903870542,1627904223659,"1, 3",96,
group questions,/data/h,1627904223904,1627904295381,,,
question,/data/h/h1_6,1627904223908,1627904295381,1,"1, 3",
group questions,/data/i,1627904295476,1627904303185,,,
group questions,/data/h,1627904303338,1627904310104,,,
group questions,/data/i,1627904310181,1627904319286,,,
group questions,/data/j,1627904319449,1627904352427,,,
question,/data/j/j1_2,1627904319450,1627904352427,"1, 3, 4, 5","3, 4, 5, 1",
question,/data/j/j2_1,1627904319451,1627904352427,"1, 3, 4, 5","3, 4, 5",
end screen,,1627904352580,1627904354374,,,
group questions,/data/j,1627904354374,1627904359645,,,
group questions,/data/i,1627904359787,1627904362870,,,
group questions,/data/h,1627904363053,1627904369152,,,
change reason,,1627904380033,,,,completing assessment 
form save,,1627904380544,,,,
form exit,,1627904380544,,,,
form resume,,1627905408474,,,,
jump,,1627905408474,1627905410043,,,
group questions,/data/front_page,1627905410061,1627905419145,,,
group questions,/data/facility_identification,1627905419161,1627905442846,,,
group questions,/data/b2,1627905442887,1627905447031,,,
group questions,/data/b3,1627905478017,1627905479387,,,
group questions,/data/c,1627905479439,1627905484840,,,
group questions,/data/e,1627905484986,1627905532610,,,
group questions,/data/e3group,1627905532717,1627905535915,,,
group questions,/data/f,1627905535973,1627905538013,,,
group questions,/data/g,1627905538103,1627905563446,,,
question,/data/g/g5_2,1627905538106,1627905563446,1,3,
group questions,/data/h,1627905563678,1627905643290,,,
question,/data/h/h1_7,1627905563681,1627905643290,3,96,
group questions,/data/i,1627905643373,1627905786517,,,
question,/data/i/i2g/i2_2,1627905643375,1627905786517,"1, 4, 3","1, 4, 3, 2",
group questions,/data/j,1627905786696,1627905971639,,,
question,/data/j/j1_3,1627905786698,1627905971639,"1, 3",3,
question,/data/j/j1_5,1627905786698,1627905971639,"1, 3",3,
question,/data/j/j1_21,1627905786698,1627905971639,21/06/21,23/07/21,
question,/data/j/j2_1,1627905786699,1627905971639,"3, 4, 5","3, 4, 5, 1",
end screen,,1627905971794,1627905973676,,,
group questions,/data/j,1627905973677,1627906280617,,,
question,/data/j/j1_1,1627905973678,1627906280617,"1, 3, 4","1, 3, 4, 2",
question,/data/j/j2_7,1627905973679,1627906280617,1,0,
end screen,,1627906280769,1627906289970,,,
group questions,/data/j,1627906289971,1627906292532,,,
group questions,/data/i,1627906292688,1627906315145,,,
group questions,/data/j,1627906315474,1627906318673,,,
end screen,,1627906318957,1627906328082,,,
change reason,,1627906346942,,,,Completing assessment 
form save,,1627906347807,,,,
form exit,,1627906347807,,,,
form finalize,,1627906347807,,,,
