event,node,start,end,old-value,new-value,change-reason
form start,,1624622475402,,,,
group questions,/data/front_page,1624622475405,1624622484944,,,
group questions,/data/facility_identification,1624622484966,1624622489846,,,
group questions,/data/front_page,1624622489879,1624622499952,,,
group questions,/data/facility_identification,1624622499982,1624622509257,,,
group questions,/data/front_page,1624622509282,1624622512066,,,
group questions,/data/facility_identification,1624622512084,1624622860732,,,
question,/data/facility_identification/b1_4,1624622512085,1624622860732,,Sengerema,
group questions,/data/b2,1624622860771,1624623416377,,,
question,/data/b2/b4_1,1624622860773,1624623416377,,"1, 2, 3, 4, 5",
question,/data/b2/b4_2,1624622860773,1624623416377,,3,
question,/data/b2/b4_3,1624622860773,1624623416377,,0,
question,/data/b2/b2_3,1624622860773,1624623416377,,96,
question,/data/b2/d1_a_1,1624622860773,1624623416377,,"1, 2, 3, 4",
question,/data/b2/d2_1,1624622860774,1624623416377,,"1, 2, 3, 4, 5",
question,/data/b2/d2_2,1624622860774,1624623416377,,"2, 4",
question,/data/b2/d3_2,1624622860774,1624623416377,,4,
question,/data/b2/d3_3,1624622860774,1624623416377,,1,
question,/data/staff[1]/staff_type,1624623416536,1624623609385,,99,
question,/data/staff[2]/staff_type,1624623609476,1624623702687,,9,
question,/data/staff[3]/staff_type,1624623702745,1624623828525,,99,
group questions,/data/b3,1624623828591,1624623845956,,,
question,/data/b3/b3_a_9,1624623828591,1624623845956,,0,
question,/data/b3/b3_a_10,1624623828591,1624623845956,,0,
group questions,/data/b2,1624623851093,1624623853026,,,
group questions,/data/facility_identification,1624623853153,1624623858635,,,
group questions,/data/b2,1624623858673,1624623979335,,,
group questions,/data/b3,1624623984980,1624623988529,,,
group questions,/data/c,1624623988585,1624624334990,,,
question,/data/c/c1_1,1624623988586,1624624334990,,1,
question,/data/c/c2_2,1624623988586,1624624334990,,1,
question,/data/c/c2_4,1624623988586,1624624334990,,1,
question,/data/c/running_water,1624623988586,1624624334990,,1,
question,/data/c/c2_5,1624623988586,1624624334990,,1,
question,/data/c/c2_6,1624623988587,1624624334990,,1,
question,/data/c/c2_7,1624623988587,1624624334990,,"1, 3",
question,/data/c/c2_8,1624623988587,1624624334990,,"1, 2",
question,/data/c/c3_a_1,1624623988587,1624624334990,,1,
question,/data/c/c3_b_1,1624623988587,1624624334990,,0,
question,/data/c/c3_b_1b,1624623988587,1624624334990,,0,
group questions,/data/e,1624624335091,1624624613231,,,
question,/data/e/e1_2,1624624335092,1624624613231,,1,
question,/data/e/e1_3,1624624335092,1624624613231,,1,
question,/data/e/e1_4,1624624335092,1624624613231,,1,
question,/data/e/e1_5,1624624335092,1624624613231,,1,
question,/data/e/e1_6,1624624335092,1624624613231,,1,
question,/data/e/e1_8,1624624335092,1624624613231,,1,
question,/data/e/e1_9,1624624335092,1624624613231,,1,
question,/data/e/e1_10,1624624335092,1624624613231,,2,
question,/data/e/e1_11,1624624335092,1624624613231,,2,
question,/data/e/e1_12,1624624335092,1624624613231,,2,
question,/data/e/e2_1,1624624335093,1624624613231,,1,
question,/data/e/e2_3,1624624335093,1624624613231,,1,
question,/data/e/e2_5,1624624335093,1624624613231,,1,
question,/data/e/e2_6,1624624335093,1624624613231,,1,
question,/data/e/e2_7,1624624335093,1624624613231,,1,
question,/data/e/e2_8,1624624335093,1624624613231,,1,
group questions,/data/e3group,1624624613323,1624624671604,,,
question,/data/e3group/e3_1,1624624613324,1624624671604,,1,
question,/data/e3group/e3_4,1624624613324,1624624671604,,1,
question,/data/e3group/e3_5,1624624613324,1624624671604,,1,
question,/data/e3group/e3_6,1624624613324,1624624671604,,1,
question,/data/e3group/e3_7,1624624613324,1624624671604,,0,
question,/data/e3group/e3_8,1624624613324,1624624671604,,1,
question,/data/e3group/e4_1,1624624613324,1624624671604,,2,
group questions,/data/f,1624624671682,1624624752135,,,
question,/data/f/f1_1,1624624671683,1624624752135,,1,
question,/data/f/f4_1,1624624671683,1624624752135,,0,
question,/data/f/f4_3,1624624671683,1624624752135,,0,
group questions,/data/g,1624624752210,1624625206553,,,
question,/data/g/drug_avail1,1624624752211,1624625206553,,1,
question,/data/g/drug_avail2,1624624752211,1624625206553,,1,
question,/data/g/drug_avail3,1624624752211,1624625206553,,1,
question,/data/g/drug_avail4,1624624752211,1624625206553,,1,
question,/data/g/drug_avail5,1624624752211,1624625206553,,1,
question,/data/g/drug_avail6,1624624752211,1624625206553,,1,
question,/data/g/drug_avail7,1624624752211,1624625206553,,1,
question,/data/g/drug_avail8,1624624752211,1624625206553,,1,
question,/data/g/drug_avail9,1624624752211,1624625206553,,1,
question,/data/g/drug_avail10,1624624752211,1624625206553,,1,
question,/data/g/drug_avail11,1624624752211,1624625206553,,1,
question,/data/g/drug_avail12,1624624752211,1624625206553,,1,
question,/data/g/drug_avail13,1624624752211,1624625206553,,1,
question,/data/g/drug_avail14,1624624752211,1624625206553,,1,
question,/data/g/drug_avail15,1624624752211,1624625206553,,1,
question,/data/g/drug_avail16,1624624752211,1624625206553,,1,
question,/data/g/drug_avail17,1624624752211,1624625206553,,1,
question,/data/g/drug_avail18,1624624752211,1624625206553,,1,
question,/data/g/drug_avail19,1624624752211,1624625206553,,1,
question,/data/g/drug_avail20,1624624752212,1624625206553,,1,
question,/data/g/drug_avail21,1624624752212,1624625206553,,1,
question,/data/g/drug_avail22,1624624752212,1624625206553,,1,
question,/data/g/drug_avail23,1624624752212,1624625206553,,1,
question,/data/g/drug_avail24,1624624752212,1624625206553,,1,
question,/data/g/drug_avail25,1624624752212,1624625206553,,1,
question,/data/g/drug_avail26,1624624752212,1624625206553,,1,
question,/data/g/drug_avail27,1624624752212,1624625206553,,1,
question,/data/g/drug_avail28,1624624752212,1624625206553,,1,
question,/data/g/drug_avail29,1624624752212,1624625206553,,1,
question,/data/g/drug_avail30,1624624752212,1624625206553,,1,
question,/data/g/drug_avail31,1624624752212,1624625206553,,1,
question,/data/g/drug_avail32,1624624752212,1624625206553,,1,
question,/data/g/drug_avail33,1624624752212,1624625206553,,0,
question,/data/g/drug_avail34,1624624752212,1624625206553,,1,
question,/data/g/drug_avail35,1624624752212,1624625206553,,1,
question,/data/g/drug_avail36,1624624752212,1624625206553,,3,
question,/data/g/drug_avail37,1624624752212,1624625206553,,0,
question,/data/g/drug_avail38,1624624752212,1624625206553,,0,
question,/data/g/drug_avail39,1624624752212,1624625206553,,0,
question,/data/g/drug_avail40,1624624752212,1624625206553,,0,
question,/data/g/drug_avail41,1624624752212,1624625206553,,0,
question,/data/g/drug_avail42,1624624752212,1624625206553,,0,
question,/data/g/drug_avail43,1624624752212,1624625206553,,0,
question,/data/g/drug_avail44,1624624752212,1624625206553,,0,
question,/data/g/g5_1,1624624752212,1624625206553,,1,
question,/data/g/g5_2,1624624752212,1624625206553,,2,
question,/data/g/g5_3,1624624752213,1624625206553,,96,
group questions,/data/h,1624625206764,1624625501810,,,
question,/data/h/h1_1,1624625206765,1624625501810,,F0095,
question,/data/h/h1_2,1624625206765,1624625501810,,1,
question,/data/h/h1_3,1624625206765,1624625501810,,1,
question,/data/h/h1_4,1624625206765,1624625501810,,1,
question,/data/h/h1_5,1624625206765,1624625501810,,99,
question,/data/h/h1_6,1624625206765,1624625501810,,3,
question,/data/h/h1_7,1624625206765,1624625501810,,96,
question,/data/h/h2_1,1624625206765,1624625501810,,1,
question,/data/h/h2_3,1624625206765,1624625501810,,"1, 2",
group questions,/data/i,1624625501909,1624626644812,,,
question,/data/i/i1_1,1624625501910,1624626644812,,2,
question,/data/i/i1_2,1624625501910,1624626644812,,4,
question,/data/i/i1_3,1624625501910,1624626644812,,1,
question,/data/i/i1_10,1624625501910,1624626644812,,2,
question,/data/i/i1_11,1624625501910,1624626644812,,2,
question,/data/i/i1_12,1624625501910,1624626644812,,1,
question,/data/i/i2_1,1624625501910,1624626644812,,1,
question,/data/i/i3_1,1624625501910,1624626644812,,96,
question,/data/i/i3_2,1624625501910,1624626644812,,1,
question,/data/i/i3_3,1624625501910,1624626644812,,2,
question,/data/i/i3_4,1624625501911,1624626644812,,"1, 2, 3",
question,/data/i/i3_5,1624625501911,1624626644812,,"1, 2, 3",
question,/data/i/i3_6,1624625501911,1624626644812,,2,
question,/data/i/i3_7,1624625501911,1624626644812,,1,
question,/data/i/i3_8,1624625501911,1624626644812,,3,
question,/data/i/i3_9,1624625501911,1624626644812,,"1, 2",
question,/data/i/i3_10,1624625501911,1624626644812,,0,
question,/data/i/i3_11,1624625501911,1624626644812,,1,
group questions,/data/j,1624626644979,1624626815840,,,
question,/data/j/j1_1,1624626644979,1624626815840,,1,
question,/data/j/j1_2,1624626644979,1624626815840,,"1, 3, 4, 5",
question,/data/j/j1_19,1624626644979,1624626815840,,1,
question,/data/j/j2_1,1624626644980,1624626815840,,"1, 3, 4",
question,/data/j/j2_2,1624626644980,1624626815840,,10,
question,/data/j/j2_3,1624626644980,1624626815840,,1,
question,/data/j/j2_4,1624626644980,1624626815840,,1,
question,/data/j/j2_5,1624626644980,1624626815840,,1,
question,/data/j/j2_6,1624626644980,1624626815840,,1,
question,/data/j/j2_7,1624626644980,1624626815840,,1,
question,/data/j/j2_8,1624626644980,1624626815840,,1,
question,/data/j/j2_9,1624626644980,1624626815840,,1,
question,/data/j/j2_10,1624626644980,1624626815840,,1,
end screen,,1624626815982,1624626818723,,,
form save,,1624626819229,,,,
form exit,,1624626819230,,,,
form finalize,,1624626819230,,,,
