event,node,start,end,old-value,new-value,change-reason
form start,,1629267971459,,,,
group questions,/data/front_page,1629267971466,1629267973621,,,
group questions,/data/facility_identification,1629267973698,1629268330146,,,
question,/data/facility_identification/b1_4,1629267973700,1629268330146,,Sengerema,
group questions,/data/b2,1629268330361,1629269148964,,,
question,/data/b2/b4_1,1629268330363,1629269148964,,"1, 3, 5, 2, 4",
group questions,/data/facility_identification,1629269149042,1629269158270,,,
group questions,/data/b2,1629269158305,1629269162649,,,
group questions,/data/facility_identification,1629269162728,1629269164793,,,
group questions,/data/b2,1629269164832,1629269692776,,,
question,/data/b2/b4_2,1629269164833,1629269692776,,2,
question,/data/b2/b4_3,1629269164833,1629269692776,,0,
question,/data/b2/b2_3,1629269164833,1629269692776,,"2, 3",
question,/data/b2/d1_a_1,1629269164834,1629269692776,,"1, 2, 3, 4",
question,/data/b2/d2_1,1629269164834,1629269692776,,"1, 2, 5",
question,/data/b2/d2_2,1629269164834,1629269692776,,96,
question,/data/b2/d3_2,1629269164834,1629269692776,,3,
question,/data/b2/d3_3,1629269164834,1629269692776,,3,
question,/data/staff[1]/staff_type,1629269692910,1629269789700,,4,
question,/data/staff[2]/staff_type,1629269789764,1629269836481,,6,
group questions,/data/b3,1629269836530,1629269893450,,,
question,/data/b3/b3_a_9,1629269836531,1629269893450,,0,
question,/data/b3/b3_a_10,1629269836531,1629269893450,,0,
group questions,/data/c,1629269893503,1629270632922,,,
question,/data/c/c1_1,1629269893505,1629270632922,,1,
question,/data/c/c2_2,1629269893505,1629270632922,,9,
question,/data/c/c2_4,1629269893505,1629270632922,,1,
question,/data/c/running_water,1629269893505,1629270632922,,2,
question,/data/c/c2_5,1629269893505,1629270632922,,2,
question,/data/c/c2_6,1629269893505,1629270632922,,2,
question,/data/c/c2_7,1629269893505,1629270632922,,"1, 2, 3",
question,/data/c/c2_8,1629269893505,1629270632922,,"1, 2",
question,/data/c/c3_a_1,1629269893505,1629270632922,,1,
question,/data/c/c3_b_1,1629269893505,1629270632922,,0,
question,/data/c/c3_b_1b,1629269893506,1629270632922,,1,
group questions,/data/e,1629270633048,1629270938712,,,
question,/data/e/e1_2,1629270633049,1629270938712,,2,
question,/data/e/e1_3,1629270633049,1629270938712,,0,
question,/data/e/e1_4,1629270633049,1629270938712,,2,
question,/data/e/e1_5,1629270633049,1629270938712,,0,
question,/data/e/e1_6,1629270633049,1629270938712,,1,
question,/data/e/e1_8,1629270633049,1629270938712,,0,
question,/data/e/e1_9,1629270633049,1629270938712,,0,
question,/data/e/e1_10,1629270633049,1629270938712,,0,
question,/data/e/e1_11,1629270633049,1629270938712,,0,
question,/data/e/e1_12,1629270633049,1629270938712,,0,
question,/data/e/e2_1,1629270633050,1629270938712,,1,
question,/data/e/e2_3,1629270633050,1629270938712,,1,
question,/data/e/e2_5,1629270633050,1629270938712,,0,
question,/data/e/e2_6,1629270633050,1629270938712,,1,
question,/data/e/e2_7,1629270633050,1629270938712,,0,
question,/data/e/e2_8,1629270633050,1629270938712,,1,
group questions,/data/e3group,1629270938820,1629270984472,,,
question,/data/e3group/e3_1,1629270938820,1629270984472,,0,
question,/data/e3group/e3_4,1629270938821,1629270984472,,0,
question,/data/e3group/e3_5,1629270938821,1629270984472,,0,
question,/data/e3group/e3_6,1629270938821,1629270984472,,0,
question,/data/e3group/e3_7,1629270938821,1629270984472,,0,
question,/data/e3group/e3_8,1629270938821,1629270984472,,97,
question,/data/e3group/e4_1,1629270938821,1629270984472,,96,
group questions,/data/f,1629270984529,1629271015905,,,
question,/data/f/f1_1,1629270984530,1629271015905,,0,
question,/data/f/f4_1,1629270984530,1629271015905,,0,
question,/data/f/f4_3,1629270984530,1629271015905,,0,
group questions,/data/g,1629271015948,1629271477945,,,
question,/data/g/drug_avail1,1629271015950,1629271477945,,4,
question,/data/g/drug_avail2,1629271015950,1629271477945,,4,
question,/data/g/drug_avail3,1629271015950,1629271477945,,4,
question,/data/g/drug_avail4,1629271015950,1629271477945,,4,
question,/data/g/drug_avail5,1629271015950,1629271477945,,0,
question,/data/g/drug_avail6,1629271015950,1629271477945,,0,
question,/data/g/drug_avail7,1629271015950,1629271477945,,0,
question,/data/g/drug_avail8,1629271015950,1629271477945,,0,
question,/data/g/drug_avail9,1629271015950,1629271477945,,1,
question,/data/g/drug_avail10,1629271015950,1629271477945,,1,
question,/data/g/drug_avail11,1629271015950,1629271477945,,0,
question,/data/g/drug_avail12,1629271015950,1629271477945,,1,
question,/data/g/drug_avail13,1629271015950,1629271477945,,0,
question,/data/g/drug_avail14,1629271015950,1629271477945,,4,
question,/data/g/drug_avail15,1629271015950,1629271477945,,4,
question,/data/g/drug_avail16,1629271015950,1629271477945,,0,
question,/data/g/drug_avail17,1629271015950,1629271477945,,1,
question,/data/g/drug_avail18,1629271015950,1629271477945,,0,
question,/data/g/drug_avail19,1629271015950,1629271477945,,0,
question,/data/g/drug_avail20,1629271015951,1629271477945,,1,
question,/data/g/drug_avail21,1629271015951,1629271477945,,0,
question,/data/g/drug_avail22,1629271015951,1629271477945,,0,
question,/data/g/drug_avail23,1629271015951,1629271477945,,0,
question,/data/g/drug_avail24,1629271015951,1629271477945,,0,
question,/data/g/drug_avail25,1629271015951,1629271477945,,1,
question,/data/g/drug_avail26,1629271015951,1629271477945,,0,
question,/data/g/drug_avail27,1629271015951,1629271477945,,1,
question,/data/g/drug_avail28,1629271015951,1629271477945,,0,
question,/data/g/drug_avail29,1629271015951,1629271477945,,1,
question,/data/g/drug_avail30,1629271015951,1629271477945,,4,
question,/data/g/drug_avail31,1629271015951,1629271477945,,1,
question,/data/g/drug_avail32,1629271015951,1629271477945,,0,
question,/data/g/drug_avail33,1629271015951,1629271477945,,0,
question,/data/g/drug_avail34,1629271015951,1629271477945,,0,
question,/data/g/drug_avail35,1629271015951,1629271477945,,1,
question,/data/g/drug_avail36,1629271015951,1629271477945,,1,
question,/data/g/drug_avail37,1629271015952,1629271477945,,2,
question,/data/g/drug_avail38,1629271015952,1629271477945,,0,
question,/data/g/drug_avail39,1629271015952,1629271477945,,0,
question,/data/g/drug_avail40,1629271015952,1629271477945,,0,
question,/data/g/drug_avail41,1629271015952,1629271477945,,0,
question,/data/g/drug_avail42,1629271015952,1629271477945,,0,
question,/data/g/drug_avail43,1629271015952,1629271477945,,0,
question,/data/g/drug_avail44,1629271015952,1629271477945,,4,
question,/data/g/g5_1,1629271015952,1629271477945,,1,
question,/data/g/g5_2,1629271015952,1629271477945,,2,
question,/data/g/g5_3,1629271015952,1629271477945,,"1, 2, 3, 4",
group questions,/data/h,1629271478149,1629271878383,,,
question,/data/h/h1_1,1629271478151,1629271878383,,RF04,
question,/data/h/h1_2,1629271478151,1629271878383,,0,
question,/data/h/h1_3,1629271478151,1629271878383,,1,
question,/data/h/h1_4,1629271478151,1629271878383,,"1, 2, 4",
question,/data/h/h1_5,1629271478151,1629271878383,,96,
question,/data/h/h1_6,1629271478151,1629271878383,,"1, 2, 3",
question,/data/h/h1_7,1629271478151,1629271878383,,96,
question,/data/h/h2_1,1629271478151,1629271878383,,"1, 3",
question,/data/h/h2_3,1629271478151,1629271878383,,"1, 2, 3",
form save,,1629271878685,,,,
form exit,,1629271878685,,,,
form resume,,1629279729457,,,,
jump,,1629279729457,1629279731733,,,
group questions,/data/front_page,1629279731757,1629279736434,,,
group questions,/data/facility_identification,1629279736447,1629279738127,,,
group questions,/data/b2,1629279738160,1629279742554,,,
group questions,/data/facility_identification,1629279742678,1629279748545,,,
group questions,/data/b2,1629279748581,1629279752740,,,
group questions,/data/b3,1629279769531,1629279775977,,,
group questions,/data/c,1629279776031,1629279781707,,,
group questions,/data/e,1629279781838,1629279787490,,,
group questions,/data/e3group,1629279787597,1629279791322,,,
group questions,/data/f,1629279791381,1629279796594,,,
group questions,/data/g,1629279796634,1629279806076,,,
group questions,/data/h,1629279806295,1629279812871,,,
group questions,/data/i,1629279812940,1629279847004,,,
group questions,/data/h,1629279847108,1629279859705,,,
group questions,/data/i,1629279859776,1629280302316,,,
question,/data/i/i1_1,1629279859777,1629280302316,,3,
question,/data/i/i1_2,1629279859777,1629280302316,,4,
question,/data/i/i1_3,1629279859777,1629280302316,,1,
group questions,/data/h,1629280302439,1629280308274,,,
group questions,/data/i,1629280308348,1629280795825,,,
question,/data/i/i1_9,1629280308350,1629280795825,,4,
question,/data/i/i1_10,1629280308350,1629280795825,,3,
question,/data/i/i1_11,1629280308350,1629280795825,,3,
question,/data/i/i1_12,1629280308350,1629280795825,,1,
question,/data/i/i2_1,1629280308350,1629280795825,,1,
group questions,/data/h,1629280795979,1629280799824,,,
group questions,/data/i,1629280799892,1629280921874,,,
question,/data/i/i2g/i2_6,1629280799894,1629280921874,,"2, 3",
question,/data/i/i2g/i2_10,1629280799894,1629280921874,,"1, 2, 3, 4",
question,/data/i/i2g/i2_11,1629280799894,1629280921874,,"1, 2, 3",
question,/data/i/i2g/i2_12,1629280799894,1629280921874,,1,
group questions,/data/h,1629280922050,1629280924871,,,
group questions,/data/i,1629280924941,1629281427257,,,
question,/data/i/i3_1,1629280924944,1629281427257,,96,
question,/data/i/i3_2,1629280924944,1629281427257,,99,
question,/data/i/i3_3,1629280924944,1629281427257,,1,
question,/data/i/i3_4,1629280924944,1629281427257,,"1, 2, 3",
question,/data/i/i3_5,1629280924944,1629281427257,,1,
question,/data/i/i3_6,1629280924944,1629281427257,,1,
question,/data/i/i3_7,1629280924944,1629281427257,,1,
question,/data/i/i3_8,1629280924944,1629281427257,,1,
question,/data/i/i3_9,1629280924944,1629281427257,,1,
question,/data/i/i3_10,1629280924944,1629281427257,,0,
question,/data/i/i3_11,1629280924944,1629281427257,,1,
group questions,/data/j,1629281427454,1629282156153,,,
question,/data/j/j1_1,1629281427455,1629282156153,,"1, 3",
question,/data/j/j1_2,1629281427455,1629282156153,,"1, 2, 3",
question,/data/j/j1_19,1629281427455,1629282156153,,"1, 2",
question,/data/j/j2_1,1629281427456,1629282156153,,"1, 2, 3",
question,/data/j/j2_2,1629281427456,1629282156153,,1,
question,/data/j/j2_3,1629281427456,1629282156153,,1,
question,/data/j/j2_4,1629281427456,1629282156153,,1,
question,/data/j/j2_5,1629281427456,1629282156153,,1,
question,/data/j/j2_6,1629281427456,1629282156153,,0,
question,/data/j/j2_7,1629281427456,1629282156153,,0,
question,/data/j/j2_8,1629281427456,1629282156153,,1,
question,/data/j/j2_9,1629281427456,1629282156153,,1,
question,/data/j/j2_10,1629281427456,1629282156153,,1,
end screen,,1629282156302,1629282163283,,,
change reason,,1629282176599,,,,data refill 
form save,,1629282176950,,,,
form exit,,1629282176950,,,,
form resume,,1629436192327,,,,
jump,,1629436192328,1629436194765,,,
group questions,/data/front_page,1629436194787,1629436195768,,,
group questions,/data/facility_identification,1629436195785,1629436196350,,,
group questions,/data/b2,1629436196389,1629436198077,,,
group questions,/data/b3,1629436198980,1629436199203,,,
group questions,/data/c,1629436199262,1629436200816,,,
group questions,/data/b3,1629436200950,1629436202465,,,
group questions,/data/b2,1629436205466,1629436208530,,,
group questions,/data/facility_identification,1629436208670,1629436215457,,,
group questions,/data/b2,1629436215494,1629436217227,,,
group questions,/data/b3,1629436218082,1629436218305,,,
group questions,/data/c,1629436218362,1629436219867,,,
group questions,/data/e,1629436220012,1629436220791,,,
group questions,/data/e3group,1629436220906,1629436221168,,,
group questions,/data/f,1629436221231,1629436221432,,,
group questions,/data/g,1629436221475,1629436223098,,,
group questions,/data/h,1629436223347,1629436226856,,,
group questions,/data/i,1629436226933,1629436231384,,,
group questions,/data/j,1629436231590,1629436233890,,,
end screen,,1629436234027,1629436235905,,,
form save,,1629436236349,,,,
form exit,,1629436236349,,,,
form finalize,,1629436236349,,,,
form resume,,1629441575760,,,,
jump,,1629441575760,1629441581771,,,
end screen,,1629441581793,1629441583128,,,
form save,,1629441583587,,,,
form exit,,1629441583587,,,,
form finalize,,1629441583587,,,,
