event,node,start,end,old-value,new-value,change-reason
form start,,1628749369310,,,,
group questions,/data/front_page,1628749369317,1628749375830,,,
group questions,/data/facility_identification,1628749375857,1628749527017,,,
question,/data/facility_identification/b1_4,1628749375860,1628749527017,,Tanga,
group questions,/data/b2,1628749527056,1628749872909,,,
question,/data/b2/b4_1,1628749527058,1628749872909,,"1, 3, 5, 2, 4",
question,/data/b2/b4_2,1628749527058,1628749872909,,4,
question,/data/b2/b4_3,1628749527058,1628749872909,,0,
question,/data/b2/b2_3,1628749527059,1628749872909,,"2, 3",
question,/data/b2/d1_a_1,1628749527059,1628749872909,,"1, 2, 3, 4",
question,/data/b2/d2_1,1628749527059,1628749872909,,"1, 2, 3, 4, 5",
question,/data/b2/d2_2,1628749527059,1628749872909,,2,
question,/data/b2/d3_2,1628749527060,1628749872909,,1,
question,/data/b2/d3_3,1628749527060,1628749872909,,1,
question,/data/staff[1]/staff_type,1628749873091,1628750098395,,4,
group questions,/data/b3,1628750098469,1628750101588,,,
group questions,/data/b3,1628750103026,1628750192444,,,
question,/data/b3/b3_a_9,1628750103027,1628750192444,,0,
question,/data/b3/b3_a_10,1628750103027,1628750192444,,0,
group questions,/data/c,1628750192713,1628750449309,,,
question,/data/c/c1_1,1628750192715,1628750449309,,1,
question,/data/c/c2_2,1628750192715,1628750449309,,1,
question,/data/c/c2_4,1628750192715,1628750449309,,1,
question,/data/c/running_water,1628750192715,1628750449309,,1,
question,/data/c/c2_5,1628750192715,1628750449309,,1,
question,/data/c/c2_6,1628750192716,1628750449309,,1,
question,/data/c/c2_7,1628750192716,1628750449309,,"1, 2",
question,/data/c/c2_8,1628750192716,1628750449309,,"1, 2",
question,/data/c/c3_a_1,1628750192716,1628750449309,,1,
question,/data/c/c3_b_1,1628750192716,1628750449309,,1,
question,/data/c/c3_b_1b,1628750192716,1628750449309,,0,
group questions,/data/e,1628750449477,1628750518749,,,
question,/data/e/e1_2,1628750449477,1628750518749,,1,
question,/data/e/e1_3,1628750449477,1628750518749,,1,
question,/data/e/e1_4,1628750449477,1628750518749,,1,
question,/data/e/e1_5,1628750449478,1628750518749,,1,
question,/data/e/e1_6,1628750449478,1628750518749,,1,
question,/data/e/e1_8,1628750449478,1628750518749,,2,
question,/data/e/e1_9,1628750449478,1628750518749,,2,
question,/data/e/e1_10,1628750449478,1628750518749,,2,
question,/data/e/e1_11,1628750449478,1628750518749,,2,
question,/data/e/e1_12,1628750449478,1628750518749,,1,
question,/data/e/e2_1,1628750449478,1628750518749,,1,
question,/data/e/e2_3,1628750449478,1628750518749,,1,
question,/data/e/e2_5,1628750449478,1628750518749,,1,
question,/data/e/e2_6,1628750449478,1628750518749,,1,
question,/data/e/e2_7,1628750449478,1628750518749,,1,
question,/data/e/e2_8,1628750449478,1628750518749,,1,
group questions,/data/e3group,1628750518867,1628750550382,,,
question,/data/e3group/e3_1,1628750518868,1628750550382,,0,
question,/data/e3group/e3_4,1628750518869,1628750550382,,0,
question,/data/e3group/e3_5,1628750518869,1628750550382,,0,
question,/data/e3group/e3_6,1628750518869,1628750550382,,0,
question,/data/e3group/e3_7,1628750518869,1628750550382,,0,
question,/data/e3group/e3_8,1628750518869,1628750550382,,0,
question,/data/e3group/e4_1,1628750518869,1628750550382,,96,
group questions,/data/f,1628750550452,1628750719170,,,
question,/data/f/f1_1,1628750550453,1628750719170,,1,
question,/data/f/f4_1,1628750550454,1628750719170,,0,
question,/data/f/f4_3,1628750550454,1628750719170,,0,
question,/data/f/f3_3,1628750661888,1628750719170,,0,
question,/data/f/f3_4,1628750661888,1628750719170,,0,
question,/data/f/f2_4,1628750661888,1628750719170,,1,
question,/data/f/f3_5,1628750661888,1628750719170,,0,
question,/data/f/f2_5,1628750661888,1628750719170,,"1, 2",
question,/data/f/f3_9,1628750661888,1628750719170,,0,
question,/data/f/f2_6,1628750661888,1628750719170,,1,
question,/data/f/f3_10,1628750661888,1628750719170,,0,
question,/data/f/f3_11,1628750661888,1628750719170,,0,
group questions,/data/g,1628750719303,1628751126829,,,
question,/data/g/drug_avail1,1628750719305,1628751126829,,1,
question,/data/g/drug_avail2,1628750719305,1628751126829,,0,
question,/data/g/drug_avail3,1628750719305,1628751126829,,1,
question,/data/g/drug_avail4,1628750719305,1628751126829,,1,
question,/data/g/drug_avail5,1628750719305,1628751126829,,0,
question,/data/g/drug_avail6,1628750719305,1628751126829,,0,
question,/data/g/drug_avail7,1628750719305,1628751126829,,1,
question,/data/g/drug_avail8,1628750719305,1628751126829,,1,
question,/data/g/drug_avail9,1628750719305,1628751126829,,1,
question,/data/g/drug_avail10,1628750719305,1628751126829,,1,
question,/data/g/drug_avail11,1628750719305,1628751126829,,0,
question,/data/g/drug_avail12,1628750719305,1628751126829,,1,
question,/data/g/drug_avail13,1628750719305,1628751126829,,0,
question,/data/g/drug_avail14,1628750719305,1628751126829,,1,
question,/data/g/drug_avail15,1628750719305,1628751126829,,1,
question,/data/g/drug_avail16,1628750719305,1628751126829,,0,
question,/data/g/drug_avail17,1628750719305,1628751126829,,1,
question,/data/g/drug_avail18,1628750719305,1628751126829,,0,
question,/data/g/drug_avail19,1628750719305,1628751126829,,0,
question,/data/g/drug_avail20,1628750719305,1628751126829,,1,
question,/data/g/drug_avail21,1628750719306,1628751126829,,0,
question,/data/g/drug_avail22,1628750719306,1628751126829,,1,
question,/data/g/drug_avail23,1628750719306,1628751126829,,0,
question,/data/g/drug_avail24,1628750719306,1628751126829,,0,
question,/data/g/drug_avail25,1628750719306,1628751126829,,1,
question,/data/g/drug_avail26,1628750719306,1628751126829,,1,
question,/data/g/drug_avail27,1628750719306,1628751126829,,1,
question,/data/g/drug_avail28,1628750719306,1628751126829,,1,
question,/data/g/drug_avail29,1628750719306,1628751126829,,1,
question,/data/g/drug_avail30,1628750719306,1628751126829,,1,
question,/data/g/drug_avail31,1628750719306,1628751126829,,1,
question,/data/g/drug_avail32,1628750719306,1628751126829,,1,
question,/data/g/drug_avail33,1628750719306,1628751126829,,0,
question,/data/g/drug_avail34,1628750719306,1628751126829,,1,
question,/data/g/drug_avail35,1628750719306,1628751126829,,1,
question,/data/g/drug_avail36,1628750719306,1628751126829,,1,
question,/data/g/drug_avail37,1628750719306,1628751126829,,1,
question,/data/g/drug_avail38,1628750719306,1628751126829,,0,
question,/data/g/drug_avail39,1628750719306,1628751126829,,1,
question,/data/g/drug_avail40,1628750719307,1628751126829,,1,
question,/data/g/drug_avail41,1628750719307,1628751126829,,1,
question,/data/g/drug_avail42,1628750719307,1628751126829,,1,
question,/data/g/drug_avail43,1628750719307,1628751126829,,1,
question,/data/g/drug_avail44,1628750719307,1628751126829,,1,
question,/data/g/g5_1,1628750719307,1628751126829,,1,
question,/data/g/g5_2,1628750719307,1628751126829,,2,
question,/data/g/g5_3,1628750719307,1628751126829,,2,
group questions,/data/h,1628751127055,1628751304295,,,
question,/data/h/h1_1,1628751127057,1628751304295,,RF03,
question,/data/h/h1_2,1628751127057,1628751304295,,1,
question,/data/h/h1_3,1628751127057,1628751304295,,1,
question,/data/h/h1_4,1628751127057,1628751304295,,2,
question,/data/h/h1_5,1628751127057,1628751304295,,99,
question,/data/h/h1_6,1628751127057,1628751304295,,"1, 2",
question,/data/h/h1_7,1628751127057,1628751304295,,1,
question,/data/h/h2_1,1628751127057,1628751304295,,2,
question,/data/h/h2_3,1628751127057,1628751304295,,2,
group questions,/data/i,1628751304402,1628751849223,,,
question,/data/i/i1_1,1628751304403,1628751849223,,3,
question,/data/i/i1_2,1628751304403,1628751849223,,4,
question,/data/i/i1_3,1628751304403,1628751849223,,1,
question,/data/i/i1_10,1628751304403,1628751849223,,3,
question,/data/i/i1_11,1628751304403,1628751849223,,2,
question,/data/i/i1_12,1628751304403,1628751849223,,1,
question,/data/i/i2_1,1628751304403,1628751849223,,1,
question,/data/i/i3_1,1628751304403,1628751849223,,"4, 6, 7",
question,/data/i/i3_2,1628751304403,1628751849223,,2,
question,/data/i/i3_3,1628751304403,1628751849223,,1,
question,/data/i/i3_4,1628751304403,1628751849223,,"1, 2, 3",
question,/data/i/i3_5,1628751304403,1628751849223,,1,
question,/data/i/i3_6,1628751304404,1628751849223,,3,
question,/data/i/i3_7,1628751304404,1628751849223,,1,
question,/data/i/i3_8,1628751304404,1628751849223,,1,
question,/data/i/i3_9,1628751304404,1628751849223,,"1, 2",
question,/data/i/i3_10,1628751304404,1628751849223,,0,
question,/data/i/i3_11,1628751304404,1628751849223,,0,
question,/data/i/i1_13,1628751572506,1628751849223,,1,
question,/data/i/i1_14,1628751572506,1628751849223,,1,
group questions,/data/j,1628751849409,1628752060774,,,
question,/data/j/j1_1,1628751849410,1628752060774,,2,
question,/data/j/j1_2,1628751849410,1628752060774,,"1, 4, 5, 3",
question,/data/j/j1_19,1628751849410,1628752060774,,1,
question,/data/j/j2_1,1628751849410,1628752060774,,"1, 3, 4, 5",
question,/data/j/j2_2,1628751849410,1628752060774,,5,
question,/data/j/j2_3,1628751849410,1628752060774,,1,
question,/data/j/j2_4,1628751849411,1628752060774,,1,
question,/data/j/j2_5,1628751849411,1628752060774,,1,
question,/data/j/j2_6,1628751849411,1628752060774,,1,
question,/data/j/j2_7,1628751849411,1628752060774,,1,
question,/data/j/j2_8,1628751849411,1628752060774,,1,
question,/data/j/j2_9,1628751849411,1628752060774,,1,
question,/data/j/j2_10,1628751849411,1628752060774,,1,
end screen,,1628752060945,1628752063925,,,
group questions,/data/j,1628752063925,1628752709694,,,
group questions,/data/i,1628752709841,1628752713122,,,
group questions,/data/h,1628752713319,1628752715314,,,
group questions,/data/g,1628752715407,1628752717818,,,
group questions,/data/f,1628752718055,1628752720269,,,
group questions,/data/e3group,1628752720396,1628752721545,,,
group questions,/data/e,1628752721605,1628752723085,,,
group questions,/data/c,1628752723200,1628752725490,,,
group questions,/data/b3,1628752725656,1628752726826,,,
group questions,/data/b2,1628752728068,1628752730455,,,
group questions,/data/facility_identification,1628752730603,1628752732004,,,
group questions,/data/front_page,1628752732042,1628752740997,,,
group questions,/data/facility_identification,1628752741013,1628752752624,,,
group questions,/data/b2,1628752752658,1628752755755,,,
group questions,/data/facility_identification,1628752755875,1628752774502,,,
group questions,/data/b2,1628752774535,1628753289806,,,
question,/data/b2/d1_a_5,1628752774537,1628753289806,0,1,
question,/data/b2/d1_c_2,1628752774538,1628753289806,4,2,
question,/data/staff[1]/staff_training,1628753289938,1628753359493,"2, 6",2,
question,/data/staff[1]/staff_end,1628753289938,1628753359493,0,1,
question,/data/staff[2]/staff_type,1628753359544,1628753368681,,4,
question,/data/staff[1]/staff_status,1628753368722,1628753378435,1,2,
question,/data/staff[2]/staff_status,1628753378484,1628754441458,1,2,
question,/data/staff[2]/staff_time,1628753378484,1628754441458,,1,
question,/data/staff[2]/staff_childcare,1628753378484,1628754441458,,1,
question,/data/staff[2]/staff_end,1628753378484,1628754441458,,1,
question,/data/staff[3]/staff_type,1628754441528,1628754463429,,4,
question,/data/staff[4]/staff_type,1628754463495,1628754509244,,6,
question,/data/staff[5]/staff_type,1628754509308,1628754590486,,99,
question,/data/staff[6]/staff_type,1628754590557,1628754696381,,99,
question,/data/staff[7]/staff_type,1628754696441,1628754713322,,10,
question,/data/staff[8]/staff_type,1628754713374,1628755100285,,6,
question,/data/staff[9]/staff_type,1628755100349,1628755134086,,10,
question,/data/staff[9]/staff_end,1628755190245,1628755200202,,1,
question,/data/staff[10]/staff_type,1628755200260,1628755215143,,10,
question,/data/staff[10]/staff_end,1628755224297,1628755279988,1,0,
question,/data/staff[10]/staff_end,1628755357199,1628755362944,0,1,
question,/data/staff[11]/staff_type,1628755362989,1628755511008,,4,
group questions,/data/b3,1628755511051,1628755532948,,,
group questions,/data/c,1628755533000,1628755826437,,,
question,/data/c/c2_7,1628755533001,1628755826437,"1, 2","1, 2, 3",
question,/data/c/c3_a_2a,1628755533002,1628755826437,3,4,
question,/data/c/c3_b_3,1628755533002,1628755826437,0,2,
question,/data/c/c3_c_2,1628755533002,1628755826437,0,1,
question,/data/c/c3_c_5,1628755533002,1628755826437,0,1,
group questions,/data/e,1628755826582,1628755893670,,,
question,/data/e/e1_8,1628755826582,1628755893670,2,0,
question,/data/e/e1_9,1628755826583,1628755893670,2,0,
question,/data/e/e1_10,1628755826583,1628755893670,2,0,
question,/data/e/e1_11,1628755826583,1628755893670,2,0,
group questions,/data/c,1628755893771,1628755897868,,,
group questions,/data/e,1628755898018,1628755913101,,,
group questions,/data/e3group,1628755913217,1628756123152,,,
question,/data/e3group/e3_8,1628755913218,1628756123152,0,2,
group questions,/data/e,1628756123212,1628756133739,,,
group questions,/data/c,1628756133854,1628756166686,,,
group questions,/data/e,1628756166841,1628756169711,,,
group questions,/data/e3group,1628756169821,1628756171784,,,
group questions,/data/e,1628756171844,1628756184255,,,
group questions,/data/e3group,1628756184369,1628756186391,,,
group questions,/data/e,1628756186456,1628756199769,,,
group questions,/data/e3group,1628756199884,1628756274726,,,
question,/data/e3group/e3_8,1628756199885,1628756274726,2,97,
group questions,/data/f,1628756274789,1628756437038,,,
group questions,/data/g,1628756437150,1628756526682,,,
question,/data/g/drug_avail23,1628756437152,1628756526682,0,1,
group questions,/data/h,1628756526884,1628756736461,,,
question,/data/h/h1_5o,1628756526886,1628756736461,Anakua na Nurse,Muuguzi anaambatana na mgonjwa hadi kituo cha rufaa,
question,/data/h/h1_7,1628756526886,1628756736461,1,"1, 2, 3, 4",
question,/data/h/h1_8,1628756526886,1628756736461,2,"2, 1",
question,/data/h/h2_1,1628756526886,1628756736461,2,"2, 1",
group questions,/data/i,1628756736543,1628757327834,,,
question,/data/i/i1_4,1628756736545,1628757327834,"2, 3, 4, 5, 6, 7, 8","2, 3, 4, 5, 6, 7, 8, 1",
question,/data/i/i1_13,1628756736545,1628757327834,1,"1, 3",
question,/data/i/i1_14a,1628756736545,1628757327834,1,"1, 2",
question,/data/i/i2g/i2_13,1628756736545,1628757327834,1,10,
question,/data/i/i2g/i2_2,1628756736545,1628757327834,"3, 2","3, 2, 1, 4, 5",
question,/data/i/i2g/i2_6,1628756736545,1628757327834,"2, 1","2, 1, 3",
question,/data/i/i2g/i2_11,1628756736546,1628757327834,"1, 2","1, 2, 3",
question,/data/i/i3_2,1628756736546,1628757327834,2,1,
question,/data/i/i3_6,1628756736546,1628757327834,3,4,
group questions,/data/j,1628757328003,1628757587248,,,
question,/data/j/j1_1,1628757328004,1628757587248,2,"1, 3",
question,/data/j/j1_3,1628757328004,1628757587248,"1, 2, 3","1, 3",
question,/data/j/j1_5,1628757328004,1628757587248,"1, 2, 3","1, 3",
question,/data/j/j1_10,1628757328004,1628757587248,"1, 2, 3","1, 3",
question,/data/j/j1_11,1628757328004,1628757587248,"1, 2, 3","1, 3",
question,/data/j/j1_16,1628757328004,1628757587248,1,0,
question,/data/j/j1_18,1628757328005,1628757587248,1,2,
question,/data/j/j1_19,1628757328005,1628757587248,1,"1, 2",
end screen,,1628757587389,1628757631382,,,
group questions,/data/j,1628757631382,1628757634095,,,
group questions,/data/i,1628757634232,1628757637589,,,
group questions,/data/h,1628757637783,1628757638813,,,
group questions,/data/g,1628757638908,1628757640610,,,
group questions,/data/f,1628757640830,1628757642445,,,
group questions,/data/e3group,1628757642570,1628757643576,,,
group questions,/data/e,1628757643638,1628757644998,,,
group questions,/data/c,1628757645111,1628757646695,,,
group questions,/data/b3,1628757646870,1628757658411,,,
group questions,/data/c,1628757658470,1628757664381,,,
group questions,/data/b3,1628757664549,1628757665653,,,
group questions,/data/b3,1628757674949,1628757676083,,,
group questions,/data/c,1628757676136,1628757684145,,,
group questions,/data/e,1628757684284,1628757689431,,,
group questions,/data/e3group,1628757689538,1628757692571,,,
group questions,/data/f,1628757692630,1628757697033,,,
group questions,/data/g,1628757697150,1628757701280,,,
group questions,/data/h,1628757701494,1628757704680,,,
group questions,/data/i,1628757704777,1628757710926,,,
group questions,/data/j,1628757711116,1628757715812,,,
end screen,,1628757715959,1628757753584,,,
form save,,1628757754939,,,,
form exit,,1628757754939,,,,
form finalize,,1628757754939,,,,
