event,node,start,end,old-value,new-value,change-reason
form start,,1628852814241,,,,
group questions,/data/front_page,1628852814243,1628852816284,,,
group questions,/data/facility_identification,1628852816299,1628852878167,,,
question,/data/facility_identification/b1_4,1628852816300,1628852878167,,Tanga,
group questions,/data/b2,1628852878197,1628853477845,,,
question,/data/b2/b4_1,1628852878198,1628853477845,,"1, 2, 3, 4, 5",
question,/data/b2/b4_2,1628852878198,1628853477845,,3,
question,/data/b2/b4_3,1628852878198,1628853477845,,0,
question,/data/b2/b2_3,1628852878199,1628853477845,,"2, 3",
question,/data/b2/d1_a_1,1628852878199,1628853477845,,"1, 2, 3, 4",
question,/data/b2/d2_1,1628852878199,1628853477845,,"1, 2, 3, 4, 5",
question,/data/b2/d2_2,1628852878199,1628853477845,,2,
question,/data/b2/d3_2,1628852878200,1628853477845,,1,
question,/data/b2/d3_3,1628852878200,1628853477845,,"1, 2, 3",
question,/data/staff[1]/staff_type,1628853478009,1628853679339,,4,
group questions,/data/b3,1628853679396,1628853752241,,,
question,/data/b3/b3_a_9,1628853679397,1628853752241,,0,
question,/data/b3/b3_a_10,1628853679397,1628853752241,,1,
group questions,/data/c,1628853752301,1628854319052,,,
question,/data/c/c1_1,1628853752302,1628854319052,,1,
question,/data/c/c2_2,1628853752302,1628854319052,,1,
question,/data/c/c2_4,1628853752302,1628854319052,,1,
question,/data/c/running_water,1628853752302,1628854319052,,1,
question,/data/c/c2_5,1628853752302,1628854319052,,1,
question,/data/c/c2_6,1628853752302,1628854319052,,2,
question,/data/c/c2_7,1628853752302,1628854319052,,1,
question,/data/c/c2_8,1628853752302,1628854319052,,"1, 2",
question,/data/c/c3_a_1,1628853752302,1628854319052,,1,
question,/data/c/c3_b_1,1628853752302,1628854319052,,1,
question,/data/c/c3_b_1b,1628853752302,1628854319052,,1,
group questions,/data/e,1628854319193,1628854726192,,,
question,/data/e/e1_2,1628854319194,1628854726192,,1,
question,/data/e/e1_3,1628854319194,1628854726192,,1,
question,/data/e/e1_4,1628854319194,1628854726192,,1,
question,/data/e/e1_5,1628854319194,1628854726192,,0,
question,/data/e/e1_6,1628854319194,1628854726192,,1,
question,/data/e/e1_8,1628854319194,1628854726192,,0,
question,/data/e/e1_9,1628854319194,1628854726192,,0,
question,/data/e/e1_10,1628854319194,1628854726192,,0,
question,/data/e/e1_11,1628854319194,1628854726192,,0,
question,/data/e/e1_12,1628854319195,1628854726192,,1,
question,/data/e/e2_1,1628854319195,1628854726192,,0,
question,/data/e/e2_3,1628854319195,1628854726192,,0,
question,/data/e/e2_5,1628854319195,1628854726192,,1,
question,/data/e/e2_6,1628854319195,1628854726192,,0,
question,/data/e/e2_7,1628854319195,1628854726192,,0,
question,/data/e/e2_8,1628854319195,1628854726192,,1,
group questions,/data/e3group,1628854726289,1628854809103,,,
question,/data/e3group/e3_1,1628854726290,1628854809103,,0,
question,/data/e3group/e3_4,1628854726290,1628854809103,,0,
question,/data/e3group/e3_5,1628854726290,1628854809103,,0,
question,/data/e3group/e3_6,1628854726290,1628854809103,,0,
question,/data/e3group/e3_7,1628854726290,1628854809103,,0,
question,/data/e3group/e3_8,1628854726290,1628854809103,,0,
question,/data/e3group/e4_1,1628854726290,1628854809103,,96,
group questions,/data/f,1628854809166,1628855298982,,,
question,/data/f/f1_1,1628854809166,1628855298982,,1,
question,/data/f/f4_1,1628854809167,1628855298982,,0,
question,/data/f/f4_3,1628854809167,1628855298982,,0,
group questions,/data/g,1628855299092,1628856054705,,,
question,/data/g/drug_avail1,1628855299094,1628856054705,,1,
question,/data/g/drug_avail2,1628855299094,1628856054705,,1,
question,/data/g/drug_avail3,1628855299094,1628856054705,,1,
question,/data/g/drug_avail4,1628855299094,1628856054705,,0,
question,/data/g/drug_avail5,1628855299094,1628856054705,,0,
question,/data/g/drug_avail6,1628855299094,1628856054705,,0,
question,/data/g/drug_avail7,1628855299094,1628856054705,,4,
question,/data/g/drug_avail8,1628855299094,1628856054705,,1,
question,/data/g/drug_avail9,1628855299094,1628856054705,,1,
question,/data/g/drug_avail10,1628855299094,1628856054705,,1,
question,/data/g/drug_avail11,1628855299094,1628856054705,,4,
question,/data/g/drug_avail12,1628855299095,1628856054705,,4,
question,/data/g/drug_avail13,1628855299095,1628856054705,,4,
question,/data/g/drug_avail14,1628855299095,1628856054705,,1,
question,/data/g/drug_avail15,1628855299095,1628856054705,,1,
question,/data/g/drug_avail16,1628855299095,1628856054705,,0,
question,/data/g/drug_avail17,1628855299095,1628856054705,,1,
question,/data/g/drug_avail18,1628855299095,1628856054705,,0,
question,/data/g/drug_avail19,1628855299095,1628856054705,,0,
question,/data/g/drug_avail20,1628855299095,1628856054705,,1,
question,/data/g/drug_avail21,1628855299095,1628856054705,,0,
question,/data/g/drug_avail22,1628855299095,1628856054705,,0,
question,/data/g/drug_avail23,1628855299095,1628856054705,,0,
question,/data/g/drug_avail24,1628855299095,1628856054705,,0,
question,/data/g/drug_avail25,1628855299095,1628856054705,,1,
question,/data/g/drug_avail26,1628855299095,1628856054705,,1,
question,/data/g/drug_avail27,1628855299095,1628856054705,,1,
question,/data/g/drug_avail28,1628855299095,1628856054705,,1,
question,/data/g/drug_avail29,1628855299095,1628856054705,,1,
question,/data/g/drug_avail30,1628855299095,1628856054705,,1,
question,/data/g/drug_avail31,1628855299096,1628856054705,,1,
question,/data/g/drug_avail32,1628855299096,1628856054705,,1,
question,/data/g/drug_avail33,1628855299096,1628856054705,,4,
question,/data/g/drug_avail34,1628855299096,1628856054705,,0,
question,/data/g/drug_avail35,1628855299096,1628856054705,,1,
question,/data/g/drug_avail36,1628855299096,1628856054705,,1,
question,/data/g/drug_avail37,1628855299096,1628856054705,,1,
question,/data/g/drug_avail38,1628855299096,1628856054705,,0,
question,/data/g/drug_avail39,1628855299096,1628856054705,,0,
question,/data/g/drug_avail40,1628855299096,1628856054705,,1,
question,/data/g/drug_avail41,1628855299096,1628856054705,,2,
question,/data/g/drug_avail42,1628855299096,1628856054705,,2,
question,/data/g/drug_avail43,1628855299096,1628856054705,,2,
question,/data/g/drug_avail44,1628855299096,1628856054705,,1,
question,/data/g/g5_1,1628855299096,1628856054705,,1,
question,/data/g/g5_2,1628855299097,1628856054705,,2,
question,/data/g/g5_3,1628855299097,1628856054705,,2,
group questions,/data/h,1628856054923,1628856060553,,,
group questions,/data/g,1628856060625,1628856067117,,,
group questions,/data/h,1628856067338,1628856419940,,,
question,/data/h/h1_1,1628856067339,1628856419940,,RF03,
question,/data/h/h1_2,1628856067339,1628856419940,,1,
question,/data/h/h1_3,1628856067339,1628856419940,,1,
question,/data/h/h1_4,1628856067339,1628856419940,,"1, 2, 4",
question,/data/h/h1_5,1628856067339,1628856419940,,1,
question,/data/h/h1_6,1628856067340,1628856419940,,"1, 3, 2",
question,/data/h/h1_7,1628856067340,1628856419940,,"1, 2, 3, 4",
question,/data/h/h2_1,1628856067340,1628856419940,,1,
question,/data/h/h2_3,1628856067340,1628856419940,,"1, 2, 3",
question,/data/h/h1_9,1628856366218,1628856419940,,"1, 2, 3",
group questions,/data/i,1628856420022,1628856935651,,,
question,/data/i/i1_1,1628856420024,1628856935651,,2,
question,/data/i/i1_3,1628856420024,1628856935651,,1,
question,/data/i/i1_10,1628856420024,1628856935651,,1,
question,/data/i/i1_11,1628856420024,1628856935651,,2,
question,/data/i/i1_12,1628856420024,1628856935651,,1,
question,/data/i/i2_1,1628856420024,1628856935651,,1,
question,/data/i/i3_1,1628856420024,1628856935651,,96,
question,/data/i/i3_2,1628856420024,1628856935651,,1,
question,/data/i/i3_3,1628856420024,1628856935651,,3,
group questions,/data/h,1628856935821,1628856938241,,,
group questions,/data/i,1628856938359,1628857411732,,,
question,/data/i/i2g/i2_2,1628856938362,1628857411732,,4,
question,/data/i/i3_4,1628856938362,1628857411732,,"1, 2, 3",
question,/data/i/i3_5,1628856938363,1628857411732,,2,
question,/data/i/i3_6,1628856938363,1628857411732,,5,
question,/data/i/i3_7,1628856938363,1628857411732,,1,
question,/data/i/i3_8,1628856938363,1628857411732,,2,
question,/data/i/i3_9,1628856938363,1628857411732,,2,
question,/data/i/i3_10,1628856938363,1628857411732,,0,
question,/data/i/i3_11,1628856938363,1628857411732,,0,
form save,,1628857412042,,,,
form exit,,1628857412043,,,,
form resume,,1629137422509,,,,
jump,,1629137422509,1629137442854,,,
group questions,/data/front_page,1629137442877,1629137445100,,,
group questions,/data/facility_identification,1629137445128,1629137450418,,,
group questions,/data/b2,1629137450452,1629137632513,,,
question,/data/staff[1]/staff_end,1629137632656,1629137652253,0,1,
question,/data/staff[2]/staff_type,1629137652309,1629137767162,,9,
question,/data/staff[3]/staff_type,1629137767233,1629137805314,,9,
question,/data/staff[4]/staff_type,1629137805380,1629137990244,,99,
question,/data/staff[5]/staff_type,1629137990312,1629138112034,,99,
group questions,/data/b3,1629138112102,1629138125792,,,
group questions,/data/c,1629138125855,1629138367863,,,
question,/data/c/c1_4,1629138125856,1629138367863,1,2,
question,/data/c/c2_6,1629138125856,1629138367863,2,0,
question,/data/c/c2_7,1629138125856,1629138367863,1,"1, 2, 3",
question,/data/c/c3_b_1,1629138125856,1629138367863,1,0,
question,/data/c/c3_b_1a,1629138125856,1629138367863,1,0,
question,/data/c/c3_b_2,1629138125857,1629138367863,1,0,
question,/data/c/c3_b_3,1629138125857,1629138367863,1,0,
question,/data/c/c3_b_4,1629138125857,1629138367863,"1, 2, 4, 6",99,
question,/data/c/c3_b_8,1629138125857,1629138367863,6,"6, 99",
group questions,/data/e,1629138368035,1629138395483,,,
change reason,,1629138414503,,,,not complete 
form save,,1629138414854,,,,
form exit,,1629138414854,,,,
form resume,,1629269272737,,,,
jump,,1629269272742,1629269323762,,,
group questions,/data/front_page,1629269323841,1629269346257,,,
group questions,/data/facility_identification,1629269346306,1629269349039,,,
group questions,/data/b2,1629269349075,1629269487268,,,
group questions,/data/b3,1629269619652,1629269624125,,,
group questions,/data/b3,1629269837711,1629269840514,,,
group questions,/data/c,1629269840579,1629269958434,,,
group questions,/data/e,1629269958579,1629270152378,,,
group questions,/data/e3group,1629270152488,1629270626298,,,
question,/data/e3group/e3_8,1629270152489,1629270626298,0,97,
group questions,/data/f,1629270626354,1629270785778,,,
group questions,/data/g,1629270785891,1629271030686,,,
group questions,/data/h,1629271030905,1629271043298,,,
group questions,/data/i,1629271043382,1629273246473,,,
question,/data/i/i1_2,1629271043384,1629273246473,,4,
question,/data/i/i1_5,1629271043384,1629273246473,,6,
question,/data/i/i1_7,1629271043384,1629273246473,4,6,
question,/data/i/i1_8,1629271043384,1629273246473,3,6,
question,/data/i/i1_9,1629271043384,1629273246473,3,6,
question,/data/i/i1_12,1629271043384,1629273246473,1,0,
question,/data/i/i2g/i2_13,1629271043384,1629273246473,,5,
question,/data/i/i2g/i2_2,1629271043384,1629273246473,4,"4, 1, 2, 3, 5, 99",
question,/data/i/i2g/i2_3,1629271043384,1629273246473,,2,
question,/data/i/i2g/i2_6,1629271043384,1629273246473,,"2, 3",
question,/data/i/i2g/i2_10,1629271043385,1629273246473,,"1, 2, 4, 99",
question,/data/i/i3_3,1629271043385,1629273246473,3,99,
question,/data/i/i3_5,1629271043385,1629273246473,2,"1, 99",
question,/data/i/i3_6,1629271043385,1629273246473,5,4,
question,/data/i/i3_8,1629271043385,1629273246473,2,4,
group questions,/data/j,1629273246680,1629277133052,,,
question,/data/j/j1_1,1629273246681,1629277133052,,"1, 2, 3, 4",
question,/data/j/j1_2,1629273246681,1629277133052,,"1, 3, 4, 5",
question,/data/j/j1_19,1629273246681,1629277133052,,"2, 1",
question,/data/j/j2_1,1629273246683,1629277133052,,"1, 3, 4, 5",
question,/data/j/j2_2,1629273246683,1629277133052,,4,
question,/data/j/j2_3,1629273246683,1629277133052,,1,
question,/data/j/j2_4,1629273246683,1629277133052,,1,
question,/data/j/j2_5,1629273246683,1629277133052,,1,
question,/data/j/j2_6,1629273246683,1629277133052,,1,
question,/data/j/j2_7,1629273246683,1629277133052,,98,
question,/data/j/j2_8,1629273246683,1629277133052,,1,
question,/data/j/j2_9,1629273246683,1629277133052,,1,
question,/data/j/j2_10,1629273246683,1629277133052,,1,
question,/data/j/j1_7,1629274943921,1629277133052,,5,
question,/data/j/j1_8,1629274943921,1629277133052,,1,
question,/data/j/j1_9,1629274943921,1629277133052,,2,
question,/data/j/j1_10,1629274943921,1629277133052,,"2, 3",
question,/data/j/j1_15,1629274943921,1629277133052,,0,
question,/data/j/j1_11,1629274943921,1629277133052,,"3, 2",
question,/data/j/j1_16,1629274943921,1629277133052,,0,
question,/data/j/j1_17,1629274943921,1629277133052,,1,
question,/data/j/j1_21,1629277009864,1629277133052,,11/08/21,
end screen,,1629277133206,1629277140673,,,
group questions,/data/j,1629277140674,1629277182758,,,
end screen,,1629277182915,1629277184146,,,
group questions,/data/j,1629277184146,1629277187835,,,
group questions,/data/i,1629277187995,1629277196931,,,
group questions,/data/j,1629277197101,1629277199453,,,
end screen,,1629277199578,1629277203970,,,
group questions,/data/j,1629277203970,1629277206791,,,
group questions,/data/i,1629277206920,1629277211404,,,
group questions,/data/h,1629277211583,1629277214969,,,
group questions,/data/i,1629277215049,1629277218157,,,
group questions,/data/j,1629277218360,1629277220249,,,
end screen,,1629277220386,1629277222425,,,
change reason,,1629277247427,,,,timetable of hcp
form save,,1629277247995,,,,
form exit,,1629277247995,,,,
form resume,,1629283316398,,,,
jump,,1629283316399,1629283317689,,,
end screen,,1629283317709,1629283319345,,,
group questions,/data/j,1629283319345,1629283380413,,,
end screen,,1629283380549,1629283385590,,,
form save,,1629283386250,,,,
form exit,,1629283386250,,,,
form finalize,,1629283386250,,,,
form resume,,1629283391184,,,,
jump,,1629283391184,1629283392881,,,
end screen,,1629283392898,1629283395881,,,
group questions,/data/j,1629283395881,1629283405016,,,
end screen,,1629283405149,1629283406562,,,
form save,,1629283407239,,,,
form exit,,1629283407239,,,,
form finalize,,1629283407239,,,,
form resume,,1629283850422,,,,
jump,,1629283850422,1629283852512,,,
group questions,/data/front_page,1629283852536,1629283853697,,,
group questions,/data/facility_identification,1629283853719,1629283854284,,,
group questions,/data/b2,1629283854318,1629283857977,,,
group questions,/data/facility_identification,1629283858154,1629283860716,,,
group questions,/data/b2,1629283860751,1629283862875,,,
question,/data/staff[2]/path_imci_training,1629283865198,1629283880797,0,1,
question,/data/staff[2]/cmpl_imci_training,1629283865198,1629283880797,98,1,
