event,node,start,end,old-value,new-value,change-reason
form start,,1626696914837,,,,
group questions,/data/front_page,1626696914840,1626696920477,,,
group questions,/data/facility_identification,1626696920512,1626696949538,,,
question,/data/facility_identification/b1_4,1626696920512,1626696949538,,Kaliua,
group questions,/data/b2,1626696949569,1626697455978,,,
question,/data/b2/b4_1,1626696949570,1626697455978,,"1, 3, 5, 2, 4",
question,/data/b2/b4_2,1626696949570,1626697455978,,2,
question,/data/b2/b4_3,1626696949570,1626697455978,,0,
question,/data/b2/b2_3,1626696949570,1626697455978,,"2, 3",
question,/data/b2/d1_a_1,1626696949570,1626697455978,,"1, 2, 3, 4",
question,/data/b2/d2_1,1626696949571,1626697455978,,"1, 2, 5",
question,/data/b2/d2_2,1626696949571,1626697455978,,"2, 5",
question,/data/b2/d3_2,1626696949571,1626697455978,,4,
question,/data/b2/d3_3,1626696949571,1626697455978,,2,
question,/data/b2/d1_a_5,1626697207009,1626697455978,,1,
question,/data/b2/d1_c_1,1626697207010,1626697455978,,"1, 3, 5, 2, 4",
question,/data/b2/d1_c_2,1626697207011,1626697455978,,2,
question,/data/b2/d1_c_4,1626697207011,1626697455978,,1,
question,/data/b2/d1_c_3,1626697207011,1626697455978,,0,
question,/data/b2/d1_a_8,1626697207011,1626697455978,,1,
question,/data/b2/d1_c_5,1626697207012,1626697455978,,"5, 3, 1, 2, 4",
question,/data/staff[1]/staff_type,1626697456126,1626697599722,,4,
question,/data/staff[1]/staff_time,1626697505406,1626697599722,,1,
question,/data/staff[1]/staff_childcare,1626697505406,1626697599722,,1,
question,/data/staff[1]/staff_end,1626697505406,1626697599722,,1,
question,/data/staff[2]/staff_type,1626697599783,1626697657020,,9,
question,/data/staff[3]/staff_type,1626697657087,1626697730385,,99,
question,/data/staff[3]/staff_end,1626697732672,1626697736152,1,0,
question,/data/staff[4]/staff_type,1626697777003,1626697821223,,100,
group questions,/data/b3,1626697821267,1626697824060,,,
group questions,/data/b3,1626697825741,1626697869433,,,
question,/data/b3/b3_a_9,1626697825742,1626697869433,,0,
question,/data/b3/b3_a_10,1626697825742,1626697869433,,0,
group questions,/data/c,1626697869483,1626697872228,,,
group questions,/data/b3,1626697872297,1626697875917,,,
group questions,/data/c,1626697875971,1626698301266,,,
question,/data/c/c1_1,1626697875973,1626698301266,,3,
question,/data/c/c2_2,1626697875973,1626698301266,,9,
question,/data/c/c2_4,1626697875973,1626698301266,,1,
question,/data/c/running_water,1626697875973,1626698301266,,2,
question,/data/c/c2_5,1626697875973,1626698301266,,0,
question,/data/c/c2_6,1626697875973,1626698301266,,0,
question,/data/c/c2_7,1626697875973,1626698301266,,"1, 3",
question,/data/c/c2_8,1626697875973,1626698301266,,"1, 2",
question,/data/c/c3_a_1,1626697875973,1626698301266,,1,
question,/data/c/c3_b_1,1626697875973,1626698301266,,0,
question,/data/c/c3_b_1b,1626697875973,1626698301266,,1,
group questions,/data/e,1626698301408,1626698542651,,,
question,/data/e/e1_2,1626698301409,1626698542651,,1,
question,/data/e/e1_3,1626698301409,1626698542651,,0,
question,/data/e/e1_4,1626698301409,1626698542651,,2,
question,/data/e/e1_5,1626698301409,1626698542651,,0,
question,/data/e/e1_6,1626698301409,1626698542651,,0,
question,/data/e/e1_8,1626698301409,1626698542651,,0,
question,/data/e/e1_9,1626698301409,1626698542651,,0,
question,/data/e/e1_10,1626698301409,1626698542651,,0,
question,/data/e/e1_11,1626698301409,1626698542651,,0,
question,/data/e/e1_12,1626698301409,1626698542651,,0,
question,/data/e/e2_1,1626698301409,1626698542651,,1,
question,/data/e/e2_3,1626698301409,1626698542651,,1,
question,/data/e/e2_5,1626698301409,1626698542651,,1,
question,/data/e/e2_6,1626698301409,1626698542651,,3,
question,/data/e/e2_7,1626698301410,1626698542651,,0,
question,/data/e/e2_8,1626698301410,1626698542651,,1,
group questions,/data/e3group,1626698542760,1626698617020,,,
question,/data/e3group/e3_1,1626698542761,1626698617020,,1,
question,/data/e3group/e3_4,1626698542761,1626698617020,,1,
question,/data/e3group/e3_5,1626698542761,1626698617020,,1,
question,/data/e3group/e3_6,1626698542761,1626698617020,,2,
question,/data/e3group/e3_7,1626698542761,1626698617020,,2,
question,/data/e3group/e3_8,1626698542761,1626698617020,,98,
question,/data/e3group/e4_1,1626698542762,1626698617020,,96,
group questions,/data/f,1626698617074,1626698719985,,,
question,/data/f/f1_1,1626698617076,1626698719985,,1,
question,/data/f/f4_1,1626698617077,1626698719985,,0,
question,/data/f/f4_3,1626698617077,1626698719985,,0,
group questions,/data/g,1626698720058,1626699086006,,,
question,/data/g/drug_avail1,1626698720060,1626699086006,,4,
question,/data/g/drug_avail2,1626698720060,1626699086006,,4,
question,/data/g/drug_avail3,1626698720060,1626699086006,,4,
question,/data/g/drug_avail4,1626698720060,1626699086006,,4,
question,/data/g/drug_avail5,1626698720060,1626699086006,,4,
question,/data/g/drug_avail6,1626698720060,1626699086006,,0,
question,/data/g/drug_avail7,1626698720060,1626699086006,,1,
question,/data/g/drug_avail8,1626698720060,1626699086006,,4,
question,/data/g/drug_avail9,1626698720060,1626699086006,,4,
question,/data/g/drug_avail10,1626698720060,1626699086006,,4,
question,/data/g/drug_avail11,1626698720060,1626699086006,,4,
question,/data/g/drug_avail12,1626698720060,1626699086006,,4,
question,/data/g/drug_avail13,1626698720060,1626699086006,,4,
question,/data/g/drug_avail14,1626698720060,1626699086006,,1,
question,/data/g/drug_avail15,1626698720060,1626699086006,,4,
question,/data/g/drug_avail16,1626698720060,1626699086006,,0,
question,/data/g/drug_avail17,1626698720060,1626699086006,,1,
question,/data/g/drug_avail18,1626698720061,1626699086006,,4,
question,/data/g/drug_avail19,1626698720061,1626699086006,,0,
question,/data/g/drug_avail20,1626698720061,1626699086006,,1,
question,/data/g/drug_avail21,1626698720061,1626699086006,,1,
question,/data/g/drug_avail22,1626698720061,1626699086006,,4,
question,/data/g/drug_avail23,1626698720061,1626699086006,,4,
question,/data/g/drug_avail24,1626698720061,1626699086006,,0,
question,/data/g/drug_avail25,1626698720061,1626699086006,,4,
question,/data/g/drug_avail26,1626698720061,1626699086006,,4,
question,/data/g/drug_avail27,1626698720061,1626699086006,,1,
question,/data/g/drug_avail28,1626698720061,1626699086006,,1,
question,/data/g/drug_avail29,1626698720061,1626699086006,,1,
question,/data/g/drug_avail30,1626698720061,1626699086006,,1,
question,/data/g/drug_avail31,1626698720061,1626699086006,,1,
question,/data/g/drug_avail32,1626698720061,1626699086006,,1,
question,/data/g/drug_avail33,1626698720061,1626699086006,,0,
question,/data/g/drug_avail34,1626698720061,1626699086006,,0,
question,/data/g/drug_avail35,1626698720061,1626699086006,,1,
question,/data/g/drug_avail36,1626698720061,1626699086006,,1,
question,/data/g/drug_avail37,1626698720061,1626699086006,,1,
question,/data/g/drug_avail38,1626698720061,1626699086006,,4,
question,/data/g/drug_avail39,1626698720061,1626699086006,,0,
question,/data/g/drug_avail40,1626698720061,1626699086006,,0,
question,/data/g/drug_avail41,1626698720061,1626699086006,,0,
question,/data/g/drug_avail42,1626698720061,1626699086006,,0,
question,/data/g/drug_avail43,1626698720061,1626699086006,,0,
question,/data/g/drug_avail44,1626698720061,1626699086006,,1,
question,/data/g/g5_1,1626698720062,1626699086006,,1,
question,/data/g/g5_2,1626698720062,1626699086006,,2,
question,/data/g/g5_3,1626698720062,1626699086006,,"3, 4, 2",
group questions,/data/h,1626699086210,1626699327343,,,
question,/data/h/h1_1,1626699086212,1626699327343,,F0010,
question,/data/h/h1_2,1626699086212,1626699327343,,0,
question,/data/h/h1_3,1626699086212,1626699327343,,0,
question,/data/h/h1_4,1626699086212,1626699327343,,"2, 1, 3",
question,/data/h/h1_5,1626699086212,1626699327343,,1,
question,/data/h/h1_6,1626699086212,1626699327343,,1,
question,/data/h/h1_7,1626699086212,1626699327343,,96,
question,/data/h/h2_1,1626699086212,1626699327343,,1,
question,/data/h/h2_3,1626699086212,1626699327343,,2,
group questions,/data/i,1626699327408,1626700130512,,,
question,/data/i/i1_1,1626699327409,1626700130512,,2,
question,/data/i/i1_2,1626699327409,1626700130512,,5,
question,/data/i/i1_3,1626699327409,1626700130512,,0,
question,/data/i/i1_10,1626699327409,1626700130512,,1,
question,/data/i/i1_11,1626699327409,1626700130512,,2,
question,/data/i/i1_12,1626699327409,1626700130512,,98,
question,/data/i/i2_1,1626699327409,1626700130512,,1,
group questions,/data/h,1626700130730,1626700140844,,,
group questions,/data/i,1626700140915,1626700145378,,,
group questions,/data/h,1626700145544,1626700153227,,,
group questions,/data/i,1626700153298,1626700761090,,,
question,/data/i/i2g/i2_11,1626700153301,1626700761090,"1, 3, 96","1, 3",
question,/data/i/i3_1,1626700153301,1626700761090,,96,
question,/data/i/i3_2,1626700153301,1626700761090,,1,
question,/data/i/i3_3,1626700153301,1626700761090,,1,
question,/data/i/i3_4,1626700153301,1626700761090,,"1, 2, 3",
question,/data/i/i3_5,1626700153301,1626700761090,,1,
question,/data/i/i3_6,1626700153301,1626700761090,,4,
question,/data/i/i3_7,1626700153301,1626700761090,,98,
question,/data/i/i3_8,1626700153301,1626700761090,,1,
question,/data/i/i3_9,1626700153301,1626700761090,,"1, 2",
question,/data/i/i3_10,1626700153301,1626700761090,,0,
question,/data/i/i3_11,1626700153301,1626700761090,,0,
question,/data/i/i2g/i2_12,1626700172924,1626700761090,,98,
group questions,/data/j,1626700761251,1626701742121,,,
question,/data/j/j1_1,1626700761252,1626701742121,,"1, 3",
question,/data/j/j1_2,1626700761252,1626701742121,,"1, 3, 4, 5",
question,/data/j/j1_19,1626700761252,1626701742121,,96,
question,/data/j/j2_1,1626700761253,1626701742121,,"1, 3, 4, 5",
question,/data/j/j2_2,1626700761253,1626701742121,,8,
question,/data/j/j2_3,1626700761253,1626701742121,,1,
question,/data/j/j2_4,1626700761253,1626701742121,,1,
question,/data/j/j2_5,1626700761253,1626701742121,,1,
question,/data/j/j2_6,1626700761253,1626701742121,,1,
question,/data/j/j2_7,1626700761253,1626701742121,,0,
question,/data/j/j2_8,1626700761253,1626701742121,,1,
question,/data/j/j2_9,1626700761253,1626701742121,,1,
question,/data/j/j2_10,1626700761253,1626701742121,,1,
end screen,,1626701742264,1626701751394,,,
form save,,1626701751924,,,,
form exit,,1626701751924,,,,
form resume,,1626706346512,,,,
jump,,1626706346512,1626706352617,,,
end screen,,1626706352637,1626706356484,,,
group questions,/data/j,1626706356484,1626706417099,,,
end screen,,1626706417221,1626706424257,,,
form save,,1626706424789,,,,
form exit,,1626706424789,,,,
form finalize,,1626706424789,,,,
form resume,,1626706472268,,,,
jump,,1626706472268,1626706476530,,,
group questions,/data/front_page,1626706476550,1626706477751,,,
group questions,/data/facility_identification,1626706477766,1626706479215,,,
group questions,/data/b2,1626706479250,1626706485977,,,
group questions,/data/facility_identification,1626706486101,1626706494781,,,
group questions,/data/b2,1626706494817,1626706497584,,,
form exit,,1626706502310,,,,
