event,node,start,end,old-value,new-value,change-reason
form start,,1623754746465,,,,
group questions,/data/front_page,1623754746466,1623754748305,,,
group questions,/data/facility_identification,1623754748319,1623754819237,,,
question,/data/facility_identification/b1_4,1623754748320,1623754819237,,Kaliua,
group questions,/data/b2,1623754819271,1623754823141,,,
group questions,/data/facility_identification,1623754823206,1623755129390,,,
group questions,/data/b2,1623755129424,1623755132135,,,
group questions,/data/facility_identification,1623755132205,1623755150999,,,
question,/data/facility_identification/b2_2,1623755132208,1623755150999,0,1,
group questions,/data/b2,1623755151037,1623755676749,,,
question,/data/b2/b4_1,1623755151038,1623755676749,,"1, 2, 3, 4, 5, 6, 7",
question,/data/b2/b4_2,1623755151038,1623755676749,,5,
question,/data/b2/b4_3,1623755151038,1623755676749,,0,
question,/data/b2/b2_3,1623755151038,1623755676749,,"2, 3, 4",
question,/data/b2/d1_a_1,1623755151038,1623755676749,,"1, 2, 3, 4, 5",
question,/data/b2/d2_1,1623755151038,1623755676749,,"1, 2, 3, 4, 5",
question,/data/b2/d2_2,1623755151038,1623755676749,,2,
question,/data/b2/d3_2,1623755151038,1623755676749,,1,
question,/data/b2/d3_3,1623755151038,1623755676749,,3,
question,/data/staff[1]/staff_type,1623755676982,1623755776727,,3,
question,/data/staff[2]/staff_type,1623755776789,1623755811336,,4,
question,/data/staff[3]/staff_type,1623755811394,1623755847599,,7,
group questions,/data/b3,1623755847667,1623755908551,,,
question,/data/b3/b3_a_9,1623755847667,1623755908551,,2,
question,/data/b3/b3_a_10,1623755847668,1623755908551,,2,
group questions,/data/c,1623755908599,1623756151975,,,
question,/data/c/c1_1,1623755908600,1623756151975,,1,
question,/data/c/c2_2,1623755908600,1623756151975,,1,
question,/data/c/c2_4,1623755908600,1623756151975,,1,
question,/data/c/running_water,1623755908600,1623756151975,,1,
question,/data/c/c2_5,1623755908600,1623756151975,,2,
question,/data/c/c2_6,1623755908601,1623756151975,,1,
question,/data/c/c2_7,1623755908601,1623756151975,,"1, 2",
question,/data/c/c2_8,1623755908601,1623756151975,,"1, 2",
question,/data/c/c3_a_1,1623755908601,1623756151975,,"2, 1",
question,/data/c/c3_b_1,1623755908601,1623756151975,,0,
question,/data/c/c3_b_1b,1623755908601,1623756151975,,0,
group questions,/data/e,1623756152106,1623756279127,,,
question,/data/e/e1_2,1623756152107,1623756279127,,1,
question,/data/e/e1_3,1623756152107,1623756279127,,1,
question,/data/e/e1_4,1623756152107,1623756279127,,1,
question,/data/e/e1_5,1623756152107,1623756279127,,1,
question,/data/e/e1_6,1623756152107,1623756279127,,1,
question,/data/e/e1_7,1623756152107,1623756279127,,0,
question,/data/e/e1_8,1623756152107,1623756279127,,0,
question,/data/e/e1_9,1623756152107,1623756279127,,1,
question,/data/e/e1_10,1623756152107,1623756279127,,1,
question,/data/e/e1_11,1623756152107,1623756279127,,1,
question,/data/e/e1_12,1623756152107,1623756279127,,1,
question,/data/e/e2_1,1623756152107,1623756279127,,1,
question,/data/e/e2_3,1623756152108,1623756279127,,1,
question,/data/e/e2_5,1623756152108,1623756279127,,1,
question,/data/e/e2_6,1623756152108,1623756279127,,1,
question,/data/e/e2_7,1623756152108,1623756279127,,1,
question,/data/e/e2_8,1623756152108,1623756279127,,1,
group questions,/data/f,1623756279236,1623756470800,,,
question,/data/f/f1_1,1623756279236,1623756470800,,1,
question,/data/f/f4_1,1623756279236,1623756470800,,0,
question,/data/f/f4_3,1623756279236,1623756470800,,1,
group questions,/data/g,1623756470911,1623756672412,,,
question,/data/g/drug_avail1,1623756470913,1623756672412,,1,
question,/data/g/drug_avail2,1623756470913,1623756672412,,1,
question,/data/g/drug_avail3,1623756470913,1623756672412,,1,
question,/data/g/drug_avail4,1623756470913,1623756672412,,1,
question,/data/g/drug_avail5,1623756470913,1623756672412,,4,
question,/data/g/drug_avail6,1623756470913,1623756672412,,0,
question,/data/g/drug_avail7,1623756470913,1623756672412,,3,
question,/data/g/drug_avail8,1623756470913,1623756672412,,4,
question,/data/g/drug_avail9,1623756470913,1623756672412,,1,
question,/data/g/drug_avail10,1623756470913,1623756672412,,1,
question,/data/g/drug_avail11,1623756470913,1623756672412,,4,
question,/data/g/drug_avail12,1623756470913,1623756672412,,1,
question,/data/g/drug_avail13,1623756470913,1623756672412,,0,
question,/data/g/drug_avail14,1623756470913,1623756672412,,1,
question,/data/g/drug_avail15,1623756470913,1623756672412,,1,
question,/data/g/drug_avail16,1623756470913,1623756672412,,3,
question,/data/g/drug_avail17,1623756470913,1623756672412,,1,
question,/data/g/drug_avail18,1623756470913,1623756672412,,0,
question,/data/g/drug_avail19,1623756470913,1623756672412,,0,
question,/data/g/drug_avail20,1623756470913,1623756672412,,1,
question,/data/g/drug_avail21,1623756470913,1623756672412,,0,
question,/data/g/drug_avail22,1623756470913,1623756672412,,0,
question,/data/g/drug_avail23,1623756470913,1623756672412,,0,
question,/data/g/drug_avail24,1623756470913,1623756672412,,0,
question,/data/g/drug_avail25,1623756470913,1623756672412,,1,
question,/data/g/drug_avail26,1623756470913,1623756672412,,1,
question,/data/g/drug_avail27,1623756470913,1623756672412,,1,
question,/data/g/drug_avail28,1623756470913,1623756672412,,1,
question,/data/g/drug_avail29,1623756470913,1623756672412,,1,
question,/data/g/drug_avail30,1623756470913,1623756672412,,1,
question,/data/g/drug_avail31,1623756470913,1623756672412,,1,
question,/data/g/drug_avail32,1623756470913,1623756672412,,1,
question,/data/g/drug_avail33,1623756470913,1623756672412,,0,
question,/data/g/drug_avail34,1623756470913,1623756672412,,0,
question,/data/g/drug_avail35,1623756470914,1623756672412,,1,
question,/data/g/drug_avail36,1623756470914,1623756672412,,1,
question,/data/g/drug_avail37,1623756470914,1623756672412,,1,
question,/data/g/drug_avail38,1623756470914,1623756672412,,1,
question,/data/g/drug_avail39,1623756470914,1623756672412,,0,
question,/data/g/drug_avail40,1623756470914,1623756672412,,1,
question,/data/g/drug_avail41,1623756470914,1623756672412,,1,
question,/data/g/drug_avail42,1623756470914,1623756672412,,1,
question,/data/g/drug_avail43,1623756470914,1623756672412,,1,
question,/data/g/drug_avail44,1623756470914,1623756672412,,1,
question,/data/g/g5_1,1623756470914,1623756672412,,1,
question,/data/g/g5_2,1623756470914,1623756672412,,1,
question,/data/g/g5_3,1623756470914,1623756672412,,"1, 2, 3, 4, 5",
group questions,/data/h,1623756672635,1623756877742,,,
question,/data/h/h1_1,1623756672636,1623756877742,,99,
question,/data/h/h1_2,1623756672636,1623756877742,,0,
question,/data/h/h1_3,1623756672636,1623756877742,,1,
question,/data/h/h1_4,1623756672636,1623756877742,,2,
question,/data/h/h1_5,1623756672636,1623756877742,,1,
question,/data/h/h1_6,1623756672636,1623756877742,,"1, 2, 3",
question,/data/h/h1_7,1623756672636,1623756877742,,96,
question,/data/h/h2_1,1623756672636,1623756877742,,"2, 1, 3",
question,/data/h/h2_3,1623756672636,1623756877742,,"1, 2, 3",
group questions,/data/i,1623756877828,1623757637596,,,
question,/data/i/i1_1,1623756877829,1623757637596,,1,
question,/data/i/i1_2,1623756877829,1623757637596,,3,
question,/data/i/i1_3,1623756877829,1623757637596,,1,
question,/data/i/i1_10,1623756877829,1623757637596,,3,
question,/data/i/i1_11,1623756877829,1623757637596,,2,
question,/data/i/i1_12,1623756877829,1623757637596,,0,
question,/data/i/i2_1,1623756877829,1623757637596,,1,
question,/data/i/i3_1,1623756877829,1623757637596,,96,
question,/data/i/i3_2,1623756877829,1623757637596,,99,
question,/data/i/i3_3,1623756877829,1623757637596,,1,
question,/data/i/i3_4,1623756877829,1623757637596,,"4, 3, 2, 1",
question,/data/i/i3_5,1623756877829,1623757637596,,"1, 2",
question,/data/i/i3_6,1623756877829,1623757637596,,4,
question,/data/i/i3_7,1623756877829,1623757637596,,1,
question,/data/i/i3_8,1623756877829,1623757637596,,1,
question,/data/i/i3_9,1623756877829,1623757637596,,2,
question,/data/i/i3_10,1623756877829,1623757637596,,1,
question,/data/i/i3_11,1623756877830,1623757637596,,1,
group questions,/data/j,1623757637750,1623758031297,,,
question,/data/j/j1_1,1623757637751,1623758031297,,3,
question,/data/j/j1_2,1623757637751,1623758031297,,"1, 3, 4, 5",
question,/data/j/j1_19,1623757637751,1623758031297,,1,
question,/data/j/j2_1,1623757637751,1623758031297,,"1, 3, 4, 5",
question,/data/j/j2_2,1623757637751,1623758031297,,5,
question,/data/j/j2_3,1623757637751,1623758031297,,1,
question,/data/j/j2_4,1623757637751,1623758031297,,1,
question,/data/j/j2_5,1623757637752,1623758031297,,1,
question,/data/j/j2_6,1623757637752,1623758031297,,1,
question,/data/j/j2_7,1623757637752,1623758031297,,0,
question,/data/j/j2_8,1623757637752,1623758031297,,1,
question,/data/j/j2_9,1623757637752,1623758031297,,1,
question,/data/j/j2_10,1623757637752,1623758031297,,1,
end screen,,1623758031451,1623758035210,,,
group questions,/data/j,1623758035211,1623758040994,,,
end screen,,1623758041126,1623758101247,,,
form save,,1623758101663,,,,
form exit,,1623758101663,,,,
form resume,,1623758507651,,,,
form resume,,1623823010527,,,,
jump,,1623823010527,1623823012389,,,
end screen,,1623823012406,1623823014996,,,
form save,,1623823015535,,,,
form exit,,1623823015535,,,,
form finalize,,1623823015535,,,,
