event,node,start,end,old-value,new-value,change-reason
form start,,1626679336696,,,,
group questions,/data/front_page,1626679336697,1626679339689,,,
form save,,1626679339854,,,,
group questions,/data/facility_identification,1626679344409,1626679400575,,,
question,/data/facility_identification/b1_4,1626679344409,1626679400575,,Kaliua,
group questions,/data/b2,1626679400604,1626684074383,,,
group questions,/data/facility_identification,1626684074455,1626684093688,,,
group questions,/data/b2,1626684093725,1626684096637,,,
group questions,/data/facility_identification,1626684096709,1626684117653,,,
question,/data/facility_identification/b2_2,1626684096712,1626684117653,0,1,
group questions,/data/b2,1626684117693,1626684560935,,,
question,/data/b2/b4_1,1626684117694,1626684560935,,"1, 2, 3, 4, 5, 6, 7",
question,/data/b2/b4_2,1626684117694,1626684560935,,5,
question,/data/b2/b4_3,1626684117694,1626684560935,,0,
question,/data/b2/b2_3,1626684117694,1626684560935,,"2, 4",
question,/data/b2/d1_a_1,1626684117694,1626684560935,,"1, 2, 3, 4, 5",
question,/data/b2/d2_1,1626684117694,1626684560935,,"1, 2, 3, 4, 5",
question,/data/b2/d2_2,1626684117694,1626684560935,,"2, 5, 3",
question,/data/b2/d3_2,1626684117694,1626684560935,,1,
question,/data/b2/d3_3,1626684117694,1626684560935,,1,
question,/data/staff[1]/staff_type,1626684561141,1626684646401,,3,
question,/data/staff[2]/staff_type,1626684646470,1626684666281,,5,
question,/data/staff[3]/staff_type,1626684666328,1626684701578,,9,
question,/data/staff[4]/staff_type,1626684701653,1626684774262,,99,
question,/data/staff[5]/staff_type,1626684774337,1626684819555,,9,
group questions,/data/b3,1626684819622,1626684863947,,,
question,/data/b3/b3_a_9,1626684819623,1626684863947,,1,
question,/data/b3/b3_a_10,1626684819623,1626684863947,,1,
group questions,/data/c,1626684864006,1626685169939,,,
question,/data/c/c1_1,1626684864008,1626685169939,,1,
question,/data/c/c2_2,1626684864008,1626685169939,,9,
question,/data/c/c2_4,1626684864008,1626685169939,,1,
question,/data/c/running_water,1626684864008,1626685169939,,2,
question,/data/c/c2_5,1626684864008,1626685169939,,2,
question,/data/c/c2_6,1626684864008,1626685169939,,2,
question,/data/c/c2_7,1626684864008,1626685169939,,"1, 2, 3",
question,/data/c/c2_8,1626684864008,1626685169939,,"1, 2",
question,/data/c/c3_a_1,1626684864008,1626685169939,,1,
question,/data/c/c3_b_1,1626684864008,1626685169939,,1,
question,/data/c/c3_b_1b,1626684864008,1626685169939,,0,
group questions,/data/e,1626685170107,1626685322779,,,
question,/data/e/e1_2,1626685170108,1626685322779,,1,
question,/data/e/e1_3,1626685170108,1626685322779,,1,
question,/data/e/e1_4,1626685170108,1626685322779,,1,
question,/data/e/e1_5,1626685170108,1626685322779,,2,
question,/data/e/e1_6,1626685170108,1626685322779,,1,
question,/data/e/e1_7,1626685170108,1626685322779,,1,
question,/data/e/e1_8,1626685170108,1626685322779,,1,
question,/data/e/e1_9,1626685170108,1626685322779,,2,
question,/data/e/e1_10,1626685170108,1626685322779,,2,
question,/data/e/e1_11,1626685170108,1626685322779,,2,
question,/data/e/e1_12,1626685170108,1626685322779,,1,
question,/data/e/e2_1,1626685170108,1626685322779,,1,
question,/data/e/e2_3,1626685170108,1626685322779,,1,
question,/data/e/e2_5,1626685170108,1626685322779,,1,
question,/data/e/e2_6,1626685170108,1626685322779,,1,
question,/data/e/e2_7,1626685170108,1626685322779,,2,
question,/data/e/e2_8,1626685170108,1626685322779,,1,
group questions,/data/e3group,1626685322894,1626685430231,,,
question,/data/e3group/e3_1,1626685322895,1626685430231,,1,
question,/data/e3group/e3_4,1626685322895,1626685430231,,1,
question,/data/e3group/e3_5,1626685322895,1626685430231,,1,
question,/data/e3group/e3_6,1626685322895,1626685430231,,1,
question,/data/e3group/e3_7,1626685322895,1626685430231,,1,
question,/data/e3group/e3_8,1626685322895,1626685430231,,97,
question,/data/e3group/e4_1,1626685322895,1626685430231,,1,
group questions,/data/f,1626685430323,1626685582261,,,
question,/data/f/f1_1,1626685430324,1626685582261,,1,
question,/data/f/f4_1,1626685430324,1626685582261,,0,
question,/data/f/f4_3,1626685430324,1626685582261,,0,
group questions,/data/g,1626685582368,1626685839568,,,
question,/data/g/drug_avail1,1626685582370,1626685839568,,1,
question,/data/g/drug_avail2,1626685582370,1626685839568,,1,
question,/data/g/drug_avail3,1626685582370,1626685839568,,4,
question,/data/g/drug_avail4,1626685582370,1626685839568,,4,
question,/data/g/drug_avail5,1626685582370,1626685839568,,4,
question,/data/g/drug_avail6,1626685582370,1626685839568,,0,
question,/data/g/drug_avail7,1626685582370,1626685839568,,4,
question,/data/g/drug_avail8,1626685582370,1626685839568,,1,
question,/data/g/drug_avail9,1626685582370,1626685839568,,4,
question,/data/g/drug_avail10,1626685582370,1626685839568,,4,
question,/data/g/drug_avail11,1626685582370,1626685839568,,4,
question,/data/g/drug_avail12,1626685582370,1626685839568,,4,
question,/data/g/drug_avail13,1626685582370,1626685839568,,4,
question,/data/g/drug_avail14,1626685582370,1626685839568,,1,
question,/data/g/drug_avail15,1626685582370,1626685839568,,4,
question,/data/g/drug_avail16,1626685582370,1626685839568,,4,
question,/data/g/drug_avail17,1626685582370,1626685839568,,4,
question,/data/g/drug_avail18,1626685582370,1626685839568,,0,
question,/data/g/drug_avail19,1626685582370,1626685839568,,0,
question,/data/g/drug_avail20,1626685582370,1626685839568,,1,
question,/data/g/drug_avail21,1626685582370,1626685839568,,0,
question,/data/g/drug_avail22,1626685582370,1626685839568,,4,
question,/data/g/drug_avail23,1626685582370,1626685839568,,4,
question,/data/g/drug_avail24,1626685582370,1626685839568,,0,
question,/data/g/drug_avail25,1626685582370,1626685839568,,1,
question,/data/g/drug_avail26,1626685582370,1626685839568,,1,
question,/data/g/drug_avail27,1626685582370,1626685839568,,1,
question,/data/g/drug_avail28,1626685582370,1626685839568,,4,
question,/data/g/drug_avail29,1626685582370,1626685839568,,1,
question,/data/g/drug_avail30,1626685582370,1626685839568,,4,
question,/data/g/drug_avail31,1626685582370,1626685839568,,1,
question,/data/g/drug_avail32,1626685582371,1626685839568,,1,
question,/data/g/drug_avail33,1626685582371,1626685839568,,0,
question,/data/g/drug_avail34,1626685582371,1626685839568,,0,
question,/data/g/drug_avail35,1626685582371,1626685839568,,1,
question,/data/g/drug_avail36,1626685582371,1626685839568,,1,
question,/data/g/drug_avail37,1626685582371,1626685839568,,1,
question,/data/g/drug_avail38,1626685582371,1626685839568,,1,
question,/data/g/drug_avail39,1626685582371,1626685839568,,4,
question,/data/g/drug_avail40,1626685582371,1626685839568,,1,
question,/data/g/drug_avail41,1626685582371,1626685839568,,1,
question,/data/g/drug_avail42,1626685582371,1626685839568,,1,
question,/data/g/drug_avail43,1626685582371,1626685839568,,1,
question,/data/g/drug_avail44,1626685582371,1626685839568,,1,
question,/data/g/g5_1,1626685582371,1626685839568,,1,
question,/data/g/g5_2,1626685582371,1626685839568,,2,
question,/data/g/g5_3,1626685582371,1626685839568,,"1, 5",
group questions,/data/h,1626685839790,1626686000147,,,
question,/data/h/h1_1,1626685839792,1626686000147,,99,
question,/data/h/h1_2,1626685839792,1626686000147,,0,
question,/data/h/h1_3,1626685839792,1626686000147,,1,
question,/data/h/h1_4,1626685839792,1626686000147,,2,
question,/data/h/h1_5,1626685839792,1626686000147,,1,
question,/data/h/h1_6,1626685839792,1626686000147,,1,
question,/data/h/h1_7,1626685839792,1626686000147,,96,
question,/data/h/h2_1,1626685839792,1626686000147,,2,
question,/data/h/h2_3,1626685839792,1626686000147,,"1, 2, 3",
group questions,/data/i,1626686000233,1626686555666,,,
question,/data/i/i1_1,1626686000235,1626686555666,,2,
question,/data/i/i1_2,1626686000235,1626686555666,,3,
question,/data/i/i1_3,1626686000235,1626686555666,,1,
question,/data/i/i1_10,1626686000235,1626686555666,,3,
question,/data/i/i1_11,1626686000235,1626686555666,,2,
question,/data/i/i1_12,1626686000235,1626686555666,,1,
question,/data/i/i2_1,1626686000235,1626686555666,,1,
question,/data/i/i3_1,1626686000235,1626686555666,,96,
question,/data/i/i3_2,1626686000235,1626686555666,,1,
question,/data/i/i3_3,1626686000235,1626686555666,,1,
question,/data/i/i3_4,1626686000235,1626686555666,,"1, 3, 2",
question,/data/i/i3_5,1626686000235,1626686555666,,"1, 2",
question,/data/i/i3_6,1626686000235,1626686555666,,4,
question,/data/i/i3_7,1626686000235,1626686555666,,1,
question,/data/i/i3_8,1626686000235,1626686555666,,2,
question,/data/i/i3_9,1626686000235,1626686555666,,"1, 2",
question,/data/i/i3_10,1626686000235,1626686555666,,0,
question,/data/i/i3_11,1626686000235,1626686555666,,0,
group questions,/data/j,1626686555859,1626686789857,,,
question,/data/j/j1_1,1626686555860,1626686789857,,"1, 3, 4",
question,/data/j/j1_2,1626686555860,1626686789857,,"1, 3, 4, 5",
question,/data/j/j1_19,1626686555860,1626686789857,,"1, 2",
question,/data/j/j2_1,1626686555861,1626686789857,,"1, 4, 3",
question,/data/j/j2_2,1626686555861,1626686789857,,12,
question,/data/j/j2_3,1626686555861,1626686789857,,1,
question,/data/j/j2_4,1626686555861,1626686789857,,98,
question,/data/j/j2_5,1626686555861,1626686789857,,1,
question,/data/j/j2_6,1626686555861,1626686789857,,1,
question,/data/j/j2_7,1626686555861,1626686789857,,1,
question,/data/j/j2_8,1626686555861,1626686789857,,1,
question,/data/j/j2_9,1626686555861,1626686789857,,1,
question,/data/j/j2_10,1626686555861,1626686789857,,1,
end screen,,1626686790038,1626686810099,,,
form save,,1626686810671,,,,
form exit,,1626686810672,,,,
form resume,,1626712262453,,,,
jump,,1626712262454,1626712264385,,,
end screen,,1626712264403,1626712322836,,,
form save,,1626712323687,,,,
form exit,,1626712323687,,,,
form finalize,,1626712323687,,,,
