event,node,start,end,old-value,new-value,change-reason
form start,,1627644151778,,,,
group questions,/data/front_page,1627644151780,1627644156592,,,
group questions,/data/facility_identification,1627644156607,1627644188403,,,
question,/data/facility_identification/b1_4,1627644156608,1627644188403,,Tanga,
group questions,/data/b2,1627644188441,1627644375925,,,
group questions,/data/facility_identification,1627644375992,1627644378389,,,
group questions,/data/b2,1627644378423,1627645033279,,,
question,/data/b2/b4_1,1627644378424,1627645033279,,"1, 2, 3, 4, 5",
question,/data/b2/b4_2,1627644378424,1627645033279,,3,
question,/data/b2/b4_3,1627644378424,1627645033279,,0,
question,/data/b2/b2_3,1627644378424,1627645033279,,"2, 3",
question,/data/b2/d1_a_1,1627644378424,1627645033279,,"1, 2, 4",
question,/data/b2/d2_1,1627644378424,1627645033279,,"1, 2, 4, 5",
question,/data/b2/d2_2,1627644378424,1627645033279,,2,
question,/data/b2/d3_2,1627644378424,1627645033279,,1,
question,/data/b2/d3_3,1627644378424,1627645033279,,"1, 2, 3",
question,/data/staff[1]/staff_type,1627645033451,1627645318722,,4,
question,/data/staff[2]/staff_type,1627645318782,1627645468843,,6,
question,/data/staff[3]/staff_type,1627645468912,1627645599565,,99,
question,/data/staff[3]/staff_end,1627645615153,1627645619277,1,0,
group questions,/data/b2,1627645677014,1627645681799,,,
group questions,/data/facility_identification,1627645681975,1627645684041,,,
group questions,/data/b2,1627645684080,1627645712858,,,
question,/data/b2/d1_a_6,1627645684081,1627645712858,1,2,
question,/data/staff[3]/staff_end,1627645755223,1627645769272,0,1,
question,/data/staff[3]/staff_end,1627645772190,1627645774586,1,0,
group questions,/data/b2,1627645795281,1627645798369,,,
group questions,/data/facility_identification,1627645798523,1627645801101,,,
group questions,/data/front_page,1627645801138,1627645805198,,,
group questions,/data/facility_identification,1627645805213,1627645808943,,,
group questions,/data/b2,1627645808981,1627645811849,,,
question,/data/staff[3]/staff_end,1627645823364,1627645829520,0,1,
question,/data/staff[3]/staff_end,1627645831302,1627645833666,1,0,
question,/data/staff[4]/staff_type,1627645833730,1627645955939,,99,
group questions,/data/b3,1627645956014,1627646020494,,,
question,/data/b3/b3_a_9,1627645956014,1627646020494,,1,
question,/data/b3/b3_a_10,1627645956014,1627646020494,,0,
question,/data/staff[3]/staff_status,1627646022290,1627646030254,1,3,
group questions,/data/b3,1627646033635,1627646051812,,,
group questions,/data/c,1627646051869,1627646694418,,,
question,/data/c/c1_1,1627646051870,1627646694418,,1,
question,/data/c/c2_2,1627646051870,1627646694418,,9,
question,/data/c/c2_4,1627646051870,1627646694418,,1,
question,/data/c/running_water,1627646051870,1627646694418,,1,
question,/data/c/c2_5,1627646051870,1627646694418,,1,
question,/data/c/c2_6,1627646051870,1627646694418,,0,
question,/data/c/c2_7,1627646051870,1627646694418,,"1, 2, 3",
question,/data/c/c2_8,1627646051870,1627646694418,,"2, 1",
question,/data/c/c3_a_1,1627646051870,1627646694418,,"1, 2",
question,/data/c/c3_b_1,1627646051870,1627646694418,,1,
question,/data/c/c3_b_1b,1627646051870,1627646694418,,0,
question,/data/c/c1_4,1627646128748,1627646694418,,3,
question,/data/c/c3_b_9,1627646566096,1627646694418,,2,
question,/data/c/c3_b_10,1627646566096,1627646694418,,0,
question,/data/c/c3_c_1,1627646566096,1627646694418,,96,
group questions,/data/e,1627646694551,1627647249478,,,
question,/data/e/e1_2,1627646694552,1627647249478,,1,
question,/data/e/e1_3,1627646694552,1627647249478,,1,
question,/data/e/e1_4,1627646694552,1627647249478,,1,
question,/data/e/e1_5,1627646694552,1627647249478,,2,
question,/data/e/e1_6,1627646694552,1627647249478,,1,
question,/data/e/e1_8,1627646694552,1627647249478,,1,
question,/data/e/e1_9,1627646694552,1627647249478,,0,
question,/data/e/e1_10,1627646694552,1627647249478,,1,
question,/data/e/e1_11,1627646694552,1627647249478,,2,
question,/data/e/e1_12,1627646694552,1627647249478,,2,
question,/data/e/e2_1,1627646694553,1627647249478,,1,
question,/data/e/e2_3,1627646694553,1627647249478,,1,
question,/data/e/e2_5,1627646694553,1627647249478,,1,
question,/data/e/e2_6,1627646694553,1627647249478,,0,
question,/data/e/e2_7,1627646694553,1627647249478,,0,
question,/data/e/e2_8,1627646694553,1627647249478,,1,
group questions,/data/e3group,1627647249591,1627647343440,,,
question,/data/e3group/e3_1,1627647249592,1627647343440,,1,
question,/data/e3group/e3_4,1627647249592,1627647343440,,1,
question,/data/e3group/e3_5,1627647249592,1627647343440,,1,
question,/data/e3group/e3_6,1627647249592,1627647343440,,1,
question,/data/e3group/e3_7,1627647249592,1627647343440,,1,
question,/data/e3group/e3_8,1627647249592,1627647343440,,0,
question,/data/e3group/e4_1,1627647249592,1627647343440,,96,
group questions,/data/f,1627647343502,1627648347517,,,
question,/data/f/f1_1,1627647343503,1627648347517,,1,
question,/data/f/f4_1,1627647343503,1627648347517,,0,
question,/data/f/f4_3,1627647343503,1627648347517,,0,
group questions,/data/g,1627648347620,1627648490301,,,
question,/data/g/drug_avail1,1627648347621,1627648490301,,3,
question,/data/g/drug_avail2,1627648347621,1627648490301,,3,
question,/data/g/drug_avail3,1627648347621,1627648490301,,1,
question,/data/g/drug_avail4,1627648347621,1627648490301,,1,
question,/data/g/drug_avail5,1627648347621,1627648490301,,1,
question,/data/g/drug_avail6,1627648347621,1627648490301,,3,
question,/data/g/drug_avail7,1627648347621,1627648490301,,3,
question,/data/g/drug_avail8,1627648347621,1627648490301,,3,
question,/data/g/drug_avail9,1627648347621,1627648490301,,1,
question,/data/g/drug_avail10,1627648347621,1627648490301,,1,
question,/data/g/drug_avail11,1627648347621,1627648490301,,1,
question,/data/g/drug_avail12,1627648347621,1627648490301,,3,
question,/data/g/drug_avail13,1627648347621,1627648490301,,3,
question,/data/g/drug_avail14,1627648347621,1627648490301,,3,
question,/data/g/drug_avail15,1627648347621,1627648490301,,1,
question,/data/g/drug_avail16,1627648347621,1627648490301,,1,
question,/data/g/drug_avail17,1627648347621,1627648490301,,1,
question,/data/g/drug_avail18,1627648347621,1627648490301,,3,
question,/data/g/drug_avail19,1627648347621,1627648490301,,3,
question,/data/g/drug_avail20,1627648347621,1627648490301,,3,
question,/data/g/drug_avail21,1627648347621,1627648490301,,1,
question,/data/g/drug_avail22,1627648347621,1627648490301,,1,
question,/data/g/drug_avail23,1627648347621,1627648490301,,1,
question,/data/g/drug_avail24,1627648347621,1627648490301,,3,
question,/data/g/drug_avail25,1627648347621,1627648490301,,3,
question,/data/g/drug_avail26,1627648347622,1627648490301,,3,
question,/data/g/drug_avail27,1627648347622,1627648490301,,1,
question,/data/g/drug_avail28,1627648347622,1627648490301,,1,
question,/data/g/drug_avail29,1627648347622,1627648490301,,1,
question,/data/g/drug_avail30,1627648347622,1627648490301,,3,
question,/data/g/drug_avail31,1627648347622,1627648490301,,3,
question,/data/g/drug_avail32,1627648347622,1627648490301,,3,
question,/data/g/drug_avail33,1627648347622,1627648490301,,1,
question,/data/g/drug_avail34,1627648347622,1627648490301,,1,
question,/data/g/drug_avail35,1627648347622,1627648490301,,1,
question,/data/g/drug_avail36,1627648347622,1627648490301,,3,
question,/data/g/drug_avail37,1627648347622,1627648490301,,3,
question,/data/g/drug_avail38,1627648347622,1627648490301,,3,
question,/data/g/drug_avail39,1627648347622,1627648490301,,1,
question,/data/g/drug_avail40,1627648347622,1627648490301,,1,
question,/data/g/drug_avail41,1627648347622,1627648490301,,1,
question,/data/g/drug_avail42,1627648347622,1627648490301,,3,
question,/data/g/drug_avail43,1627648347622,1627648490301,,3,
question,/data/g/drug_avail44,1627648347622,1627648490301,,3,
question,/data/g/g5_1,1627648347622,1627648490301,,1,
question,/data/g/g5_2,1627648347622,1627648490301,,3,
question,/data/g/g5_3,1627648347622,1627648490301,,"1, 3, 4, 5",
group questions,/data/h,1627648490519,1627648579403,,,
question,/data/h/h1_1,1627648490520,1627648579403,,F0036,
question,/data/h/h1_2,1627648490520,1627648579403,,1,
question,/data/h/h1_3,1627648490520,1627648579403,,1,
question,/data/h/h1_4,1627648490520,1627648579403,,"1, 2, 3, 4",
question,/data/h/h1_5,1627648490520,1627648579403,,1,
question,/data/h/h1_6,1627648490520,1627648579403,,"1, 2, 3",
question,/data/h/h1_7,1627648490520,1627648579403,,2,
question,/data/h/h2_1,1627648490520,1627648579403,,"1, 2, 3",
question,/data/h/h2_3,1627648490520,1627648579403,,"1, 2, 3",
group questions,/data/i,1627648579492,1627648747817,,,
question,/data/i/i1_1,1627648579493,1627648747817,,1,
question,/data/i/i1_2,1627648579493,1627648747817,,1,
question,/data/i/i1_3,1627648579493,1627648747817,,1,
question,/data/i/i1_10,1627648579493,1627648747817,,2,
question,/data/i/i1_11,1627648579493,1627648747817,,1,
question,/data/i/i1_12,1627648579493,1627648747817,,1,
question,/data/i/i2_1,1627648579493,1627648747817,,1,
question,/data/i/i3_1,1627648579493,1627648747817,,4,
question,/data/i/i3_2,1627648579493,1627648747817,,2,
question,/data/i/i3_3,1627648579493,1627648747817,,3,
question,/data/i/i3_4,1627648579493,1627648747817,,3,
question,/data/i/i3_5,1627648579493,1627648747817,,3,
question,/data/i/i3_6,1627648579493,1627648747817,,4,
question,/data/i/i3_7,1627648579493,1627648747817,,98,
question,/data/i/i3_8,1627648579493,1627648747817,,5,
question,/data/i/i3_9,1627648579493,1627648747817,,1,
question,/data/i/i3_10,1627648579493,1627648747817,,0,
question,/data/i/i3_11,1627648579493,1627648747817,,0,
group questions,/data/j,1627648748006,1627648798072,,,
question,/data/j/j1_1,1627648748008,1627648798072,,2,
question,/data/j/j1_2,1627648748008,1627648798072,,3,
question,/data/j/j1_19,1627648748008,1627648798072,,2,
question,/data/j/j2_1,1627648748009,1627648798072,,3,
question,/data/j/j2_2,1627648748009,1627648798072,,4,
question,/data/j/j2_3,1627648748009,1627648798072,,1,
question,/data/j/j2_4,1627648748009,1627648798072,,1,
question,/data/j/j2_5,1627648748009,1627648798072,,1,
question,/data/j/j2_6,1627648748009,1627648798072,,1,
question,/data/j/j2_7,1627648748009,1627648798072,,1,
question,/data/j/j2_8,1627648748009,1627648798072,,1,
question,/data/j/j2_9,1627648748009,1627648798072,,1,
question,/data/j/j2_10,1627648748009,1627648798072,,1,
end screen,,1627648798192,1627648802573,,,
group questions,/data/j,1627648802573,1627648803786,,,
group questions,/data/i,1627648803911,1627648807133,,,
group questions,/data/h,1627648807334,1627648807704,,,
group questions,/data/g,1627648807789,1627715851298,,,
question,/data/g/g5_3,1627648807791,1627715851298,"1, 3, 4, 5",,
group questions,/data/f,1627715851560,1627715856693,,,
form save,,1627715857068,,,,
form exit,,1627715857068,,,,
form resume,,1627840644853,,,,
jump,,1627840644854,1627840650730,,,
end screen,,1627840650753,1627840653693,,,
group questions,/data/j,1627840653694,1627840686918,,,
question,/data/j/j1_2,1627840653696,1627840686918,3,,
question,/data/j/j2_1,1627840653701,1627840686918,3,,
group questions,/data/i,1627840687062,1627840700150,,,
group questions,/data/h,1627840700347,1627840716186,,,
group questions,/data/g,1627840716285,1627841141709,,,
question,/data/g/drug_avail1,1627840716286,1627841141709,3,1,
question,/data/g/drug_avail8,1627840716286,1627841141709,3,1,
question,/data/g/drug_avail26,1627840716288,1627841141709,3,4,
question,/data/g/drug_avail31,1627840716288,1627841141709,3,1,
question,/data/g/drug_avail32,1627840716288,1627841141709,3,1,
question,/data/g/g5_3,1627840716289,1627841141709,,3,
group questions,/data/h,1627841141951,1627841145514,,,
group questions,/data/g,1627841145601,1627841148245,,,
group questions,/data/f,1627841148481,1627841154226,,,
group questions,/data/e3group,1627841154341,1627841160409,,,
group questions,/data/e,1627841160474,1627841207766,,,
group questions,/data/c,1627841207885,1627841209521,,,
group questions,/data/b3,1627841209679,1627841211655,,,
group questions,/data/c,1627841211715,1627841214859,,,
group questions,/data/e,1627841215028,1627841552518,,,
group questions,/data/c,1627841552636,1627841568761,,,
group questions,/data/b3,1627841568918,1627841599704,,,
change reason,,1627890967062,,,,time
form save,,1627890967573,,,,
form exit,,1627890967573,,,,
form resume,,1627894237829,,,,
jump,,1627894237829,1627894240494,,,
group questions,/data/front_page,1627894240531,1627894243285,,,
group questions,/data/facility_identification,1627894243304,1627894257950,,,
group questions,/data/b2,1627894257987,1627894380520,,,
group questions,/data/facility_identification,1627894380651,1627894382581,,,
group questions,/data/b2,1627894382616,1627903185064,,,
question,/data/b2/d1_a_6,1627894382619,1627903185064,2,1,
question,/data/b2/d1_c_1,1627894382619,1627903185064,"1, 2, 3, 4, 5","1, 3, 4, 5, 2",
question,/data/b2/d2_1,1627894382621,1627903185064,"1, 2, 4, 5","1, 2, 4, 5, 3",
group questions,/data/b2,1627905149182,1627905289695,,,
question,/data/b2/d1_a_1,1627905149184,1627905289695,"1, 2, 4","1, 2, 4, 3",
question,/data/b2/d1_a_2,1627905149185,1627905289695,"1, 2, 4","1, 2, 4, 3",
question,/data/b2/d1_c_5,1627905149187,1627905289695,"2, 4","2, 4, 1, 3, 5",
question,/data/staff[1]/staff_training,1627905289816,1627905409672,"1, 3, 6, 7","3, 1",
question,/data/staff[2]/staff_training,1627905409729,1627905488660,"3, 6, 7","1, 3",
group questions,/data/b3,1627905544015,1627905551454,,,
group questions,/data/c,1627905551517,1627905735322,,,
question,/data/c/c3_a_1,1627905551519,1627905735322,"1, 2",1,
question,/data/c/c3_b_4,1627905551519,1627905735322,"3, 6, 7","2, 3, 6, 7",
group questions,/data/e,1627905735464,1627905991601,,,
question,/data/e/e1_11,1627905735466,1627905991601,2,1,
question,/data/e/e2_6,1627905735466,1627905991601,0,3,
group questions,/data/e3group,1627905991708,1627906015838,,,
group questions,/data/f,1627906015899,1627906155486,,,
question,/data/f/f3_1,1627906015900,1627906155486,1,0,
question,/data/f/f3_2,1627906015900,1627906155486,1,0,
question,/data/f/f2_1,1627906015900,1627906155486,"1, 2, 3",1,
question,/data/f/f3_6,1627906015900,1627906155486,1,0,
group questions,/data/g,1627906155594,1627906929623,,,
question,/data/g/drug_avail2,1627906155596,1627906929623,3,0,
question,/data/g/drug_avail4,1627906155596,1627906929623,1,0,
question,/data/g/drug_avail5,1627906155596,1627906929623,1,0,
question,/data/g/drug_avail6,1627906155596,1627906929623,3,0,
question,/data/g/drug_avail7,1627906155596,1627906929623,3,4,
question,/data/g/drug_avail10,1627906155596,1627906929623,1,4,
question,/data/g/drug_avail11,1627906155596,1627906929623,1,4,
question,/data/g/drug_avail12,1627906155596,1627906929623,3,1,
question,/data/g/drug_avail13,1627906155596,1627906929623,3,0,
question,/data/g/drug_avail14,1627906155596,1627906929623,3,1,
question,/data/g/drug_avail16,1627906155596,1627906929623,1,4,
question,/data/g/drug_avail18,1627906155596,1627906929623,3,4,
question,/data/g/drug_avail19,1627906155596,1627906929623,3,0,
question,/data/g/drug_avail20,1627906155596,1627906929623,3,1,
question,/data/g/drug_avail21,1627906155596,1627906929623,1,4,
question,/data/g/drug_avail22,1627906155597,1627906929623,1,4,
question,/data/g/drug_avail23,1627906155597,1627906929623,1,4,
question,/data/g/drug_avail24,1627906155597,1627906929623,3,0,
question,/data/g/drug_avail25,1627906155597,1627906929623,3,1,
question,/data/g/drug_avail26,1627906155597,1627906929623,4,1,
question,/data/g/drug_avail30,1627906155597,1627906929623,3,4,
question,/data/g/drug_avail33,1627906155597,1627906929623,1,0,
question,/data/g/drug_avail36,1627906155597,1627906929623,3,1,
question,/data/g/drug_avail37,1627906155597,1627906929623,3,1,
question,/data/g/drug_avail38,1627906155597,1627906929623,3,4,
question,/data/g/drug_avail42,1627906155597,1627906929623,3,1,
question,/data/g/drug_avail43,1627906155597,1627906929623,3,1,
question,/data/g/drug_avail44,1627906155597,1627906929623,3,1,
question,/data/g/g5_3,1627906155597,1627906929623,3,2,
group questions,/data/h,1627906929831,1627907221603,,,
question,/data/h/h1_2a,1627906929833,1627907221603,F0036,"F0036, F0043",
question,/data/h/h1_5,1627906929834,1627907221603,1,"1, 2",
question,/data/h/h1_7,1627906929834,1627907221603,2,"2, 3, 4",
group questions,/data/i,1627907221695,1627907285593,,,
group questions,/data/h,1627907285785,1627907386864,,,
question,/data/h/h1_8,1627907285788,1627907386864,1,"1, 3, 2",
question,/data/h/h1_9,1627907285788,1627907386864,1,"1, 2, 3",
question,/data/h/h2_1,1627907285788,1627907386864,"1, 2, 3","1, 2",
question,/data/h/h2_3,1627907285788,1627907386864,"1, 2, 3","1, 2, 3, 99",
group questions,/data/i,1627907386960,1627909148895,,,
question,/data/i/i1_1,1627907386961,1627909148895,1,3,
question,/data/i/i1_2,1627907386961,1627909148895,1,4,
question,/data/i/i1_4,1627907386961,1627909148895,"2, 3, 4, 6","2, 3, 4, 6, 1, 5, 7, 8",
question,/data/i/i1_5,1627907386961,1627909148895,2,6,
question,/data/i/i1_7,1627907386962,1627909148895,4,6,
question,/data/i/i1_8,1627907386962,1627909148895,2,6,
question,/data/i/i1_9,1627907386962,1627909148895,2,6,
question,/data/i/i1_11,1627907386962,1627909148895,1,2,
question,/data/i/i1_12,1627907386962,1627909148895,1,0,
question,/data/i/i1_13,1627907386962,1627909148895,"3, 2",,
question,/data/i/i2g/i2_13,1627907386962,1627909148895,2,4,
question,/data/i/i2g/i2_2,1627907386962,1627909148895,"2, 3","1, 2, 3, 4, 5",
question,/data/i/i2g/i2_4,1627907386962,1627909148895,3,2,
question,/data/i/i2g/i2_6,1627907386962,1627909148895,1,"1, 3, 2",
question,/data/i/i2g/i2_7,1627907386962,1627909148895,1,"1, 3",
question,/data/i/i2g/i2_10,1627907386962,1627909148895,4,"4, 1, 3",
question,/data/i/i2g/i2_11,1627907386962,1627909148895,99,"1, 2, 3, 99",
question,/data/i/i3_1,1627907386962,1627909148895,4,96,
question,/data/i/i3_2,1627907386962,1627909148895,2,1,
question,/data/i/i3_3,1627907386962,1627909148895,3,99,
question,/data/i/i3_5,1627907386962,1627909148895,3,1,
question,/data/i/i3_6,1627907386962,1627909148895,4,2,
question,/data/i/i3_7,1627907386962,1627909148895,98,1,
question,/data/i/i3_8,1627907386962,1627909148895,5,99,
question,/data/i/i3_9,1627907386963,1627909148895,1,"1, 2",
group questions,/data/j,1627909149114,1627909911474,,,
question,/data/j/j1_1,1627909149116,1627909911474,2,"1, 3",
question,/data/j/j1_2,1627909149116,1627909911474,,"1, 2, 3, 4, 5",
question,/data/j/j1_19,1627909149116,1627909911474,2,"2, 1",
question,/data/j/j1_20,1627909149116,1627909911474,1,3,
question,/data/j/j1_21,1627909149116,1627909911474,30/07/21,26/07/21,
question,/data/j/j2_1,1627909149116,1627909911474,,"3, 4, 5",
question,/data/j/j2_2,1627909149116,1627909911474,4,1,
question,/data/j/j2_6,1627909149117,1627909911474,1,0,
question,/data/j/j2_9,1627909149117,1627909911474,1,0,
end screen,,1627909911639,1627910054460,,,
change reason,,1627910091385,,,,nimetumia situation tatu kumalizia form moja
form save,,1627910092016,,,,
form exit,,1627910092016,,,,
form finalize,,1627910092016,,,,
