event,node,start,end,old-value,new-value,change-reason
form start,,1626949253159,,,,
group questions,/data/front_page,1626949253160,1626949255394,,,
group questions,/data/facility_identification,1626949255408,1626949288265,,,
question,/data/facility_identification/b1_4,1626949255409,1626949288265,,Sengerema,
group questions,/data/b2,1626949288295,1626950062922,,,
question,/data/b2/b4_1,1626949288297,1626950062922,,"1, 2, 3, 4, 5",
question,/data/b2/b4_2,1626949288297,1626950062922,,2,
question,/data/b2/b4_3,1626949288297,1626950062922,,0,
question,/data/b2/b2_3,1626949288297,1626950062922,,96,
question,/data/b2/d1_a_1,1626949288297,1626950062922,,"1, 2, 4",
question,/data/b2/d2_1,1626949288297,1626950062922,,"1, 2, 4, 5",
question,/data/b2/d2_2,1626949288297,1626950062922,,2,
question,/data/b2/d3_2,1626949288297,1626950062922,,2,
question,/data/b2/d3_3,1626949288297,1626950062922,,2,
question,/data/b2/d1_a_2,1626949478291,1626950062922,,"1, 2, 4",
question,/data/b2/d1_c_5,1626949478292,1626950062922,,"1, 4, 2, 3, 5",
question,/data/staff[1]/staff_type,1626950063064,1626950239040,,4,
question,/data/staff[2]/staff_type,1626950239104,1626950301441,,10,
question,/data/staff[3]/staff_type,1626950301484,1626950321804,,10,
question,/data/staff[4]/staff_type,1626950321852,1626950359629,,9,
question,/data/staff[5]/staff_type,1626950359675,1626950494990,,99,
group questions,/data/b3,1626950495063,1626950608225,,,
question,/data/b3/b3_a_9,1626950495064,1626950608225,,1,
question,/data/b3/b3_a_10,1626950495064,1626950608225,,0,
group questions,/data/c,1626950608279,1626951667949,,,
question,/data/c/c1_1,1626950608280,1626951667949,,1,
question,/data/c/c2_2,1626950608280,1626951667949,,1,
question,/data/c/c2_4,1626950608280,1626951667949,,1,
question,/data/c/running_water,1626950608280,1626951667949,,1,
question,/data/c/c2_5,1626950608280,1626951667949,,0,
question,/data/c/c2_6,1626950608280,1626951667949,,1,
question,/data/c/c2_7,1626950608280,1626951667949,,"1, 2, 3",
question,/data/c/c2_8,1626950608280,1626951667949,,"1, 2",
question,/data/c/c3_a_1,1626950608280,1626951667949,,"1, 2",
question,/data/c/c3_b_1,1626950608280,1626951667949,,1,
question,/data/c/c3_b_1b,1626950608280,1626951667949,,1,
question,/data/c/c3_b_3,1626951213907,1626951667949,2,0,
question,/data/c/c3_b_4,1626951213907,1626951667949,,"3, 4, 6",
question,/data/c/c3_b_9,1626951213908,1626951667949,,2,
question,/data/c/c3_b_10,1626951213908,1626951667949,,0,
question,/data/c/c3_c_1,1626951213908,1626951667949,,96,
group questions,/data/e,1626951668112,1626951898603,,,
question,/data/e/e1_2,1626951668113,1626951898603,,1,
question,/data/e/e1_3,1626951668113,1626951898603,,2,
question,/data/e/e1_4,1626951668113,1626951898603,,2,
question,/data/e/e1_5,1626951668113,1626951898603,,0,
question,/data/e/e1_6,1626951668113,1626951898603,,2,
question,/data/e/e1_8,1626951668113,1626951898603,,2,
question,/data/e/e1_9,1626951668113,1626951898603,,2,
question,/data/e/e1_10,1626951668113,1626951898603,,2,
question,/data/e/e1_11,1626951668113,1626951898603,,2,
question,/data/e/e1_12,1626951668113,1626951898603,,2,
question,/data/e/e2_1,1626951668114,1626951898603,,1,
question,/data/e/e2_3,1626951668114,1626951898603,,0,
question,/data/e/e2_5,1626951668114,1626951898603,,1,
question,/data/e/e2_6,1626951668114,1626951898603,,1,
question,/data/e/e2_7,1626951668114,1626951898603,,0,
question,/data/e/e2_8,1626951668114,1626951898603,,1,
group questions,/data/e3group,1626951898711,1626951999296,,,
question,/data/e3group/e3_1,1626951898712,1626951999296,,1,
question,/data/e3group/e3_4,1626951898712,1626951999296,,1,
question,/data/e3group/e3_5,1626951898712,1626951999296,,1,
question,/data/e3group/e3_6,1626951898712,1626951999296,,1,
question,/data/e3group/e3_7,1626951898712,1626951999296,,1,
question,/data/e3group/e3_8,1626951898712,1626951999296,,0,
question,/data/e3group/e4_1,1626951898712,1626951999296,,96,
group questions,/data/f,1626951999357,1626952195071,,,
question,/data/f/f1_1,1626951999358,1626952195071,,1,
group questions,/data/e3group,1626952195155,1626952204802,,,
group questions,/data/e,1626952204858,1626952442015,,,
question,/data/e/e1_2,1626952204859,1626952442015,1,2,
question,/data/e/e1_6,1626952204859,1626952442015,2,0,
question,/data/e/e1_8,1626952204859,1626952442015,2,1,
question,/data/e/e1_9,1626952204859,1626952442015,2,0,
question,/data/e/e1_10,1626952204859,1626952442015,2,0,
question,/data/e/e1_12,1626952204859,1626952442015,2,1,
group questions,/data/e3group,1626952442113,1626952473858,,,
group questions,/data/f,1626952473917,1626952644549,,,
question,/data/f/f2_2,1626952473919,1626952644549,,1,
question,/data/f/f2_1,1626952473919,1626952644549,,1,
question,/data/f/f2_3,1626952473919,1626952644549,,"1, 2",
question,/data/f/f2_5,1626952473919,1626952644549,,"1, 2",
question,/data/f/f3_9,1626952473919,1626952644549,,0,
question,/data/f/f2_6,1626952473919,1626952644549,,1,
question,/data/f/f3_10,1626952473919,1626952644549,,0,
question,/data/f/f3_11,1626952473919,1626952644549,,0,
question,/data/f/f4_1,1626952473919,1626952644549,,0,
question,/data/f/f4_3,1626952473919,1626952644549,,0,
group questions,/data/g,1626952644654,1626953164836,,,
question,/data/g/drug_avail1,1626952644655,1626953164836,,1,
question,/data/g/drug_avail2,1626952644655,1626953164836,,4,
question,/data/g/drug_avail3,1626952644656,1626953164836,,0,
question,/data/g/drug_avail4,1626952644656,1626953164836,,1,
question,/data/g/drug_avail5,1626952644656,1626953164836,,0,
question,/data/g/drug_avail6,1626952644656,1626953164836,,0,
question,/data/g/drug_avail7,1626952644656,1626953164836,,4,
question,/data/g/drug_avail8,1626952644656,1626953164836,,1,
question,/data/g/drug_avail9,1626952644656,1626953164836,,1,
question,/data/g/drug_avail10,1626952644656,1626953164836,,4,
question,/data/g/drug_avail11,1626952644656,1626953164836,,4,
question,/data/g/drug_avail12,1626952644656,1626953164836,,0,
question,/data/g/drug_avail13,1626952644656,1626953164836,,0,
question,/data/g/drug_avail14,1626952644656,1626953164836,,1,
question,/data/g/drug_avail15,1626952644656,1626953164836,,1,
question,/data/g/drug_avail16,1626952644656,1626953164836,,0,
question,/data/g/drug_avail17,1626952644656,1626953164836,,1,
question,/data/g/drug_avail18,1626952644656,1626953164836,,0,
question,/data/g/drug_avail19,1626952644656,1626953164836,,0,
question,/data/g/drug_avail20,1626952644656,1626953164836,,0,
question,/data/g/drug_avail21,1626952644656,1626953164836,,0,
question,/data/g/drug_avail22,1626952644656,1626953164836,,0,
question,/data/g/drug_avail23,1626952644656,1626953164836,,4,
question,/data/g/drug_avail24,1626952644656,1626953164836,,0,
question,/data/g/drug_avail25,1626952644656,1626953164836,,1,
question,/data/g/drug_avail26,1626952644656,1626953164836,,4,
question,/data/g/drug_avail27,1626952644656,1626953164836,,1,
question,/data/g/drug_avail28,1626952644656,1626953164836,,1,
question,/data/g/drug_avail29,1626952644656,1626953164836,,1,
question,/data/g/drug_avail30,1626952644656,1626953164836,,1,
question,/data/g/drug_avail31,1626952644656,1626953164836,,1,
question,/data/g/drug_avail32,1626952644656,1626953164836,,1,
question,/data/g/drug_avail33,1626952644656,1626953164836,,0,
question,/data/g/drug_avail34,1626952644656,1626953164836,,0,
question,/data/g/drug_avail35,1626952644656,1626953164836,,1,
question,/data/g/drug_avail36,1626952644656,1626953164836,,1,
question,/data/g/drug_avail37,1626952644657,1626953164836,,1,
question,/data/g/drug_avail38,1626952644657,1626953164836,,4,
question,/data/g/drug_avail39,1626952644657,1626953164836,,0,
question,/data/g/drug_avail40,1626952644657,1626953164836,,1,
question,/data/g/drug_avail41,1626952644657,1626953164836,,1,
question,/data/g/drug_avail42,1626952644657,1626953164836,,1,
question,/data/g/drug_avail43,1626952644657,1626953164836,,1,
question,/data/g/drug_avail44,1626952644657,1626953164836,,1,
question,/data/g/g5_1,1626952644657,1626953164836,,1,
question,/data/g/g5_2,1626952644657,1626953164836,,2,
question,/data/g/g5_3,1626952644657,1626953164836,,"2, 3",
group questions,/data/h,1626953165044,1626953645695,,,
question,/data/h/h1_1,1626953165045,1626953645695,,RF04,
question,/data/h/h1_2,1626953165045,1626953645695,,1,
question,/data/h/h1_3,1626953165045,1626953645695,,1,
question,/data/h/h1_4,1626953165045,1626953645695,,2,
question,/data/h/h1_5,1626953165045,1626953645695,,1,
question,/data/h/h1_6,1626953165046,1626953645695,,"1, 2",
question,/data/h/h1_7,1626953165046,1626953645695,,96,
question,/data/h/h2_1,1626953165046,1626953645695,,1,
question,/data/h/h2_3,1626953165046,1626953645695,,"1, 3",
group questions,/data/i,1626953645777,1626955371556,,,
question,/data/i/i1_1,1626953645778,1626955371556,,3,
question,/data/i/i1_2,1626953645778,1626955371556,,4,
question,/data/i/i1_3,1626953645778,1626955371556,,1,
question,/data/i/i1_10,1626953645779,1626955371556,,2,
question,/data/i/i1_11,1626953645779,1626955371556,,2,
question,/data/i/i1_12,1626953645779,1626955371556,,0,
question,/data/i/i2_1,1626953645779,1626955371556,,1,
question,/data/i/i3_1,1626953645779,1626955371556,,1,
question,/data/i/i3_2,1626953645779,1626955371556,,99,
question,/data/i/i3_3,1626953645779,1626955371556,,3,
question,/data/i/i3_4,1626953645779,1626955371556,,"1, 2, 3, 4",
question,/data/i/i3_5,1626953645779,1626955371556,,"1, 2, 3",
question,/data/i/i3_6,1626953645779,1626955371556,,2,
question,/data/i/i3_7,1626953645779,1626955371556,,1,
question,/data/i/i3_8,1626953645779,1626955371556,,1,
question,/data/i/i3_9,1626953645779,1626955371556,,1,
question,/data/i/i3_10,1626953645779,1626955371556,,0,
question,/data/i/i3_11,1626953645779,1626955371556,,1,
question,/data/i/i1_5,1626954170534,1626955371556,,5,
question,/data/i/i1_7,1626954170534,1626955371556,,5,
question,/data/i/i1_8,1626954170534,1626955371556,,5,
question,/data/i/i1_9,1626954170534,1626955371556,,5,
question,/data/i/i2g/i2_12,1626954844519,1626955371556,,1,
group questions,/data/j,1626955371734,1626957303730,,,
question,/data/j/j1_1,1626955371735,1626957303730,,1,
question,/data/j/j1_2,1626955371735,1626957303730,,"1, 3, 4, 5",
question,/data/j/j1_19,1626955371735,1626957303730,,"2, 1",
question,/data/j/j2_1,1626955371737,1626957303730,,"1, 3, 4, 5",
question,/data/j/j2_2,1626955371737,1626957303730,,1,
question,/data/j/j2_3,1626955371737,1626957303730,,1,
question,/data/j/j2_4,1626955371737,1626957303730,,1,
question,/data/j/j2_5,1626955371737,1626957303730,,1,
question,/data/j/j2_6,1626955371737,1626957303730,,1,
question,/data/j/j2_7,1626955371737,1626957303730,,1,
question,/data/j/j2_8,1626955371737,1626957303730,,1,
question,/data/j/j2_9,1626955371737,1626957303730,,1,
question,/data/j/j2_10,1626955371737,1626957303730,,1,
end screen,,1626957303858,1626957308717,,,
group questions,/data/j,1626957308717,1626957389345,,,
end screen,,1626957389477,1626957399609,,,
form save,,1626957400071,,,,
form exit,,1626957400071,,,,
form resume,,1627031629472,,,,
jump,,1627031629472,1627031640366,,,
group questions,/data/h,1627031637708,1627031640366,,,
group questions,/data/i,1627031640447,1627031643847,,,
group questions,/data/j,1627031644028,1627031645816,,,
end screen,,1627031645978,1627031647465,,,
group questions,/data/j,1627031647465,1627031649085,,,
group questions,/data/i,1627031649246,1627031654242,,,
group questions,/data/j,1627031654440,1627031898374,,,
question,/data/j/j2_7,1627031654443,1627031898374,1,0,
question,/data/j/j2_10,1627031654443,1627031898374,1,0,
end screen,,1627031898537,1627031924093,,,
change reason,,1627032214234,,,,after confirmation of some information from registers
form save,,1627032214668,,,,
form exit,,1627032214668,,,,
form resume,,1627040384304,,,,
jump,,1627040384304,1627040386481,,,
end screen,,1627040386502,1627040389946,,,
form save,,1627040390545,,,,
form exit,,1627040390545,,,,
form finalize,,1627040390545,,,,
form resume,,1627041343604,,,,
jump,,1627041343604,1627041394046,,,
group questions,/data/front_page,1627041394066,1627041405427,,,
form save,,1627041405988,,,,
form exit,,1627041405988,,,,
form finalize,,1627041405988,,,,
form resume,,1627041423880,,,,
jump,,1627041423880,1627041468783,,,
group questions,/data/front_page,1627041468804,1627041472833,,,
form save,,1627041473386,,,,
form exit,,1627041473386,,,,
form finalize,,1627041473387,,,,
