SubmissionDate,today,start,end,deviceid,front_page-generated_note_name_8,front_page-generated_note_name_9,visit_start-generated_note_name_12,visit_start-b1_4,visit_start-fcode,visit_start-fname,visit_start-arm,visit_start-ccode,visit_start-generated_note_name_18,visit_start-arrival,visit_start-time_arrival,visit_start-time_arrival_dec,visit_start-time_arrival_disp,visit_start-generated_note_name_23,visit_start-generated_note_name_24,count,steps_count,time_departure,time_departure_dec,time_departure_disp,visit_duration,step_summary,child_identification-generated_note_name_82,child_identification-a1_a_4,child_identification-a1_a_4a,child_identification-pid,child_identification-generated_note_name_86,summary-generated_note_name_89,summary-generated_note_name_90,summary-generated_note_name_91,summary-generated_note_name_92,summary-generated_note_name_93,summary-generated_note_name_94,summary-comments,summary-generated_note_name_96,meta-audit,meta-instanceID,meta-instanceName,KEY,SubmitterID,SubmitterName,AttachmentsPresent,AttachmentsExpected,Status,ReviewState,DeviceID,Edits
2021-08-22T07:33:29.905Z,2021-08-20,2021-08-20T08:50:12.795+03:00,2021-08-22T10:32:53.078+03:00,collect:zwYTuAbn9i6xhSHq,,,,Kaliua,F0010,Ulyankulu,1,T,,OK,2021-08-20T08:50:24.489+03:00,18859.243338993056,08:50:24,,,16,16,2021-08-20T15:08:19.598+03:00,18859.505782384258,15:08:19,378, 1. waiting from 08:50:35 to 09:06:54<br/> 2. registration from 09:07:03 to 09:09:14<br/> 3. walking from 09:09:18 to 09:09:45<br/> 4. TB screening from 09:09:53 to 09:12:04<br/> 5. waiting from 09:12:08 to 11:27:12<br/> 6. consultation from 11:27:15 to 11:32:48<br/> 7. walking from 11:32:49 to 11:34:15<br/> 8. waiting from 11:34:17 to 12:52:58<br/> 9. laboratory testing from 12:53:01 to 12:56:15<br/> 10. waiting from 12:56:19 to 13:24:23<br/> 11. walking from 13:24:24 to 13:25:51<br/> 12. waiting from 13:25:52 to 14:27:45<br/> 13. consultation from 14:27:48 to 14:31:15<br/> 14. walking from 14:31:16 to 14:32:00<br/> 15. waiting from 14:32:02 to 15:07:33<br/> 16. pharmacy from 15:07:36 to 15:08:19,,,T-F0010-P0218,T-F0010-P0218,,,,,,,,"-Due to the long waiting line the TIMCI RA checked if caregiver/patient are eligible for enrollment,  verbal consent for shadowing obtained.
- TIMCI enrollment done in the 5th step: consultation waiting area
from 0929hrs to 0943hrs
-In the 5th step: There was no clinician in the consultation room until 1035hrs
-In the 6th step: HCP doesn't seem comfortable with pulse oximeter, explanation and preparation for measurement not done.
-Lab waiting area crowded, lab opened late, there were also lab referrals from community dispensaries for ANC investigations.
- In the 8th step: Lab waiting area, there was a HCP explaining to clients the proper way to collect stool sample.
-Long waiting line at dispensing area since the HCP had other duties
- In the 13th step: The caregiver given a handwritten prescription, the system of using these prescriptions started yesterday (19th Aug 2021)
- In the 15th step: The TIMCI RA finalised the questionnaire at the dispensing waiting area, since the caregiver already had a handwritten prescription.
",,audit.csv,uuid:696d589b-0ed3-4c70-81d3-aee201655262,2021-08-20-timeflow-T-F0010-P0218,uuid:696d589b-0ed3-4c70-81d3-aee201655262,322,Timeflow RA,1,1,,,collect:zwYTuAbn9i6xhSHq
2021-08-22T04:05:53.708Z,2021-08-20,2021-08-20T08:55:18.247+03:00,2021-08-22T07:05:16.167+03:00,collect:UHSjYBthqG4RxIqq,,,,Kaliua,F0010,Ulyankulu,1,T,,OK,2021-08-20T08:55:29.493+03:00,18859.246869131945,08:55:29,,,24,24,2021-08-20T12:37:06.866+03:00,18859.400773912035,12:37:06,222, 1. waiting from 08:55:37 to 08:56:11<br/> 2. walking from 08:56:17 to 08:56:21<br/> 3. RA for enrollment from 08:56:26 to 08:57:00<br/> 4. RA station from 08:57:03 to 09:07:59<br/> 5. walking from 09:08:01 to 09:08:22<br/> 6. waiting from 09:08:24 to 09:09:21<br/> 7. registration from 09:09:23 to 09:11:18<br/> 8. walking from 09:11:20 to 09:13:30<br/> 9. HIV/TB Station from 09:13:34 to 09:14:08<br/> 10. walking from 09:14:10 to 09:14:24<br/> 11. waiting from 09:14:37 to 12:10:00<br/> 12. walking from 12:10:02 to 12:10:16<br/> 13. consultation from 12:10:19 to 12:12:10<br/> 14. walking from 12:12:12 to 12:12:55<br/> 15. waiting from 12:12:59 to 12:13:38<br/> 16. walking from 12:13:43 to 12:14:16<br/> 17. waiting from 12:14:18 to 12:16:59<br/> 18. walking from 12:17:02 to 12:17:10<br/> 19. consultation from 12:17:14 to 12:18:10<br/> 20. walking from 12:18:13 to 12:18:46<br/> 21. waiting from 12:18:48 to 12:36:18<br/> 22. walking from 12:36:20 to 12:36:29<br/> 23. pharmacy from 12:36:32 to 12:36:48<br/> 24. walking from 12:36:50 to 12:37:06,,,T-F0010-P0216,T-F0010-P0216,,,,,,,,"
Waiting area
- Caregiver  (teenager) waited  for the registration  and enrollment in the waiting  area 
- Caregiver first passed through  TB/HIV  screening  station  before  going  Consultation  area

In consultation  area.
- She met her friend so she sat out off the waiting  lines.
- She walked out with her friend
-She changed  her baby  diaper  while she  was not in the waiting  lines.
In Consultation room
-History  taking  
- Diagnosis 
- Instructed to go dispensing  room for medications 
- No lab request 
- No physical  examination 
-No use of  eCDSA  and POX

In Dispensing  area
- RA met the caregiver at waiting area and instructed to go back consultation room to take prescription .
- Caregiver  went back  to the consultation  room to ask for the prescription 
- Dr wrote prescription  and the caregiver went back to the dispensing  room
- While waiting for medications at waiting, the RA decided to finalise enrollment  process of the  caregiver by taking photos of prescription.

 In the dispensing  room
-The caregiver  moved to the service window  to collect  medicines  and received some instructions",,audit.csv,uuid:b9326c97-c5ed-4351-b446-c59e0647c7bf,2021-08-20-timeflow-T-F0010-P0216,uuid:b9326c97-c5ed-4351-b446-c59e0647c7bf,322,Timeflow RA,1,1,,,collect:UHSjYBthqG4RxIqq
2021-08-20T21:22:33.752Z,2021-08-20,2021-08-20T13:26:56.859+03:00,2021-08-21T00:09:33.626+03:00,collect:KL6eqMJPrsN1Gz8G,,,,Tanga,F0101,Mwakidila,2,T,,OK,2021-08-20T13:27:08.777+03:00,18859.435518252314,13:27:08,,,11,11,2021-08-20T15:24:24.025+03:00,18859.516944733798,15:24:24,117, 1. registration from 13:27:24 to 13:28:20<br/> 2. waiting from 13:28:24 to 14:04:06<br/> 3. consultation from 14:04:18 to 14:32:41<br/> 4. walking from 14:32:42 to 14:35:43<br/> 5. laboratory testing from 14:35:46 to 14:38:21<br/> 6. waiting from 14:38:23 to 15:00:54<br/> 7. walking from 15:00:56 to 15:03:41<br/> 8. waiting from 15:03:44 to 15:13:12<br/> 9. consultation from 15:13:16 to 15:20:54<br/> 10. walking from 15:20:55 to 15:21:26<br/> 11. pharmacy from 15:21:29 to 15:24:24,,T-F0101-P0120,,T-F0101-P0120,,,,,,,,Consultation took alot of time because the caregiver had two children's both in need of consultation ,,audit.csv,uuid:d117a211-dabd-4859-a943-a660673a86f8,2021-08-20-timeflow-T-F0101-P0120,uuid:d117a211-dabd-4859-a943-a660673a86f8,322,Timeflow RA,1,1,,,collect:KL6eqMJPrsN1Gz8G
2021-08-20T21:22:32.068Z,2021-08-20,2021-08-20T08:50:13.150+03:00,2021-08-20T23:36:46.502+03:00,collect:KL6eqMJPrsN1Gz8G,,,,Tanga,F0101,Mwakidila,2,T,,OK,2021-08-20T08:50:21.067+03:00,18859.243299386573,08:50:21,,,7,7,2021-08-20T09:28:50.342+03:00,18859.270027106482,09:28:50,38, 1. waiting from 08:50:26 to 08:51:32<br/> 2. registration from 08:51:35 to 08:51:57<br/> 3. walking from 08:55:03 to 08:52:56<br/> 4. registration from 08:53:01 to 08:53:34<br/> 5. waiting from 08:53:47 to 09:21:24<br/> 6. consultation from 09:21:40 to 09:27:14<br/> 7. pharmacy from 09:27:28 to 09:28:50,,,T-F0101-P0118,T-F0101-P0118,,,,,,,,"The careprovider responsible for consultation(AMO) was not present (was in administration meetings)at the facility so consultation was done by AMREF personnel 
The careprovider didn't use POX or CDSA during consultation because he is not trained ",,audit.csv,uuid:9315f960-7019-4ed4-ad14-105bed60dd6b,2021-08-20-timeflow-T-F0101-P0118,uuid:9315f960-7019-4ed4-ad14-105bed60dd6b,322,Timeflow RA,1,1,,,collect:KL6eqMJPrsN1Gz8G
2021-08-20T21:22:30.634Z,2021-08-20,2021-08-20T10:45:36.215+03:00,2021-08-20T23:52:58.716+03:00,collect:KL6eqMJPrsN1Gz8G,,,,Tanga,F0101,Mwakidila,2,T,,OK,2021-08-20T10:45:39.874+03:00,18859.323378171295,10:45:39,,,12,12,2021-08-20T13:19:59.079+03:00,18859.430544895833,13:19:59,154, 1. registration from 10:45:42 to 10:46:59<br/> 2. waiting from 10:47:02 to 11:56:47<br/> 3. consultation from 12:15:59 to 12:29:28<br/> 4. walking from 12:29:36 to 12:30:58<br/> 5. laboratory testing from 12:31:01 to 12:33:34<br/> 6. waiting from 12:33:36 to 12:57:05<br/> 7. walking from 12:57:07 to 12:58:34<br/> 8. waiting from 12:58:36 to 13:07:53<br/> 9. consultation from 13:07:55 to 13:15:29<br/> 10. walking from 13:15:37 to 13:18:52<br/> 11. waiting from 13:18:55 to 13:19:50<br/> 12. pharmacy from 13:19:53 to 13:19:59,,,T-F0101-P0102,T-F0101-P0102,,,,,,,,"The patient spent along time waiting for consultation because there was only one careprovider for consultation in the facility 
The patient was not prescribed any medicines but she went to the pharmacy to talk to the Medical assistant 
The patient was attended by AMREF personnel during consultation one and by AMO during consultation two 
The patient was referred to Bombo hospital ",,audit.csv,uuid:ee4daf27-31e8-41d7-9947-0ed0a25d40dd,2021-08-20-timeflow-T-F0101-P0102,uuid:ee4daf27-31e8-41d7-9947-0ed0a25d40dd,322,Timeflow RA,1,1,,,collect:KL6eqMJPrsN1Gz8G
2021-08-20T18:37:35.659Z,2021-08-20,2021-08-20T08:48:11.032+03:00,2021-08-20T20:48:40.877+03:00,collect:ztRMhQAeZZZuNDgm,,,,Kaliua,F0010,Ulyankulu,1,T,,OK,2021-08-20T08:48:18.688+03:00,18859.241882962964,08:48:18,,,19,19,2021-08-20T15:06:28.672+03:00,18859.50449851852,15:06:28,378, 1. waiting from 08:48:23 to 09:04:47<br/> 2. registration from 09:05:06 to 09:05:55<br/> 3. waiting from 09:06:03 to 09:12:53<br/> 4. RA-TIMCI from 09:12:55 to 09:16:38<br/> 5. TB scoring and screening from 09:17:03 to 09:21:01<br/> 6. waiting from 09:21:04 to 11:10:33<br/> 7. consultation from 11:10:35 to 11:16:06<br/> 8. walking from 11:16:09 to 11:17:46<br/> 9. waiting from 11:17:48 to 12:56:45<br/> 10. laboratory testing from 12:56:47 to 12:58:10<br/> 11. walking from 12:58:13 to 12:58:25<br/> 12. waiting from 12:58:27 to 13:24:33<br/> 13. walking from 13:24:34 to 13:26:00<br/> 14. waiting from 13:26:03 to 14:22:51<br/> 15. consultation from 14:22:53 to 14:26:49<br/> 16. walking from 14:26:50 to 14:27:22<br/> 17. waiting from 14:27:24 to 15:04:12<br/> 18. pharmacy from 15:04:15 to 15:05:47<br/> 19. RA from 15:05:56 to 15:06:28,,,T-F0010-P0217,T-F0010-P0217,,,,,,,,"The Clinical Officer seemed to be struggling with using Pulse Oxymeter.  After several attempts it read 62, then 65. Unlike other patients,  he did not record the readings.",,audit.csv,uuid:c66a78f0-4059-466e-9fec-e64be24bc3c4,2021-08-20-timeflow-T-F0010-P0217,uuid:c66a78f0-4059-466e-9fec-e64be24bc3c4,322,Timeflow RA,1,1,,,collect:ztRMhQAeZZZuNDgm
2021-08-20T18:37:34.793Z,2021-08-19,2021-08-19T09:56:54.729+03:00,2021-08-20T20:51:22.945+03:00,collect:ztRMhQAeZZZuNDgm,,,,Kaliua,F0083,Bukemba,2,T,,OK,2021-08-19T09:57:04.463+03:00,18858.289634988425,09:57:04,,,14,14,2021-08-19T12:52:29.994+03:00,18858.41145826389,12:52:29,175, 1. walking from 09:57:09 to 09:57:13<br/> 2. waiting from 09:57:34 to 09:57:52<br/> 3. RA for enrolment from 09:57:56 to 09:59:22<br/> 4. walking from 09:59:27 to 09:59:31<br/> 5. waiting from 09:59:33 to 11:10:15<br/> 6. walking from 11:10:19 to 11:10:41<br/> 7. waiting from 11:10:43 to 11:24:45<br/> 8. walking from 11:24:46 to 11:24:49<br/> 9. consultation from 11:24:51 to 11:46:43<br/> 10. walking from 11:46:44 to 11:47:12<br/> 11. waiting from 11:47:14 to 12:50:01<br/> 12. walking from 12:51:05 to 12:51:09<br/> 13. pharmacy from 12:51:12 to 12:52:25<br/> 14. walking from 12:52:27 to 12:52:29,,,T-F0083-P0147,T-F0083-P0147,,,,,,,,"

- Caregiver walked  to the consultation room, suddenly  she came back to the waiting  area  and  leave elder  to be attended  first although her child looked weak.

 ",,audit.csv,uuid:07021881-7430-450d-96f6-ccd1a1286393,2021-08-19-timeflow-T-F0083-P0147,uuid:07021881-7430-450d-96f6-ccd1a1286393,322,Timeflow RA,1,1,,,collect:ztRMhQAeZZZuNDgm
2021-08-20T15:10:29.285Z,2021-08-20,2021-08-20T10:25:27.907+03:00,2021-08-20T18:09:29.925+03:00,collect:gzYxlkVsmLsQ9cx2,,,,Tanga,F0101,Mwakidila,2,T,,OK,2021-08-20T10:25:35.455+03:00,18859.309438136574,10:25:35,,,7,7,2021-08-20T11:21:18.880+03:00,18859.348135185184,11:21:18,56, 1. registration from 10:25:43 to 10:27:54<br/> 2. walking from 10:27:58 to 10:28:04<br/> 3. waiting from 10:28:06 to 10:57:38<br/> 4. consultation from 10:57:41 to 11:14:27<br/> 5. walking from 11:14:31 to 11:14:59<br/> 6. waiting from 11:15:03 to 11:16:52<br/> 7. pharmacy from 11:16:57 to 11:21:18,,T-F0101-P0101,,T-F0101-P0101,,,,,,,,The care provider didn't use both pox and CDSA because he is not trained,,audit.csv,uuid:7b9d27a5-9e6a-49f1-adc3-2a8d31c79f9e,2021-08-20-timeflow-T-F0101-P0101,uuid:7b9d27a5-9e6a-49f1-adc3-2a8d31c79f9e,322,Timeflow RA,1,1,,,collect:gzYxlkVsmLsQ9cx2
2021-08-20T14:31:49.400Z,2021-08-19,2021-08-19T10:45:05.959+03:00,2021-08-19T12:04:13.225+03:00,collect:qIK8uDn3ZAH744IQ,,,,Tanga,F0029,Mpirani,1,T,,OK,2021-08-19T10:45:19.565+03:00,18858.323143113426,10:45:19,,,15,15,2021-08-19T12:01:08.546+03:00,18858.37579335648,12:01:08,76, 1. registration from 10:45:35 to 10:46:52<br/> 2. walking from 10:46:54 to 10:47:00<br/> 3. waiting from 10:47:02 to 11:19:29<br/> 4. walking from 11:19:31 to 11:19:37<br/> 5. consultation from 11:22:17 to 11:24:03<br/> 6. walking from 11:24:10 to 11:25:00<br/> 7. waiting from 11:25:02 to 11:28:19<br/> 8. walking from 11:28:21 to 11:28:54<br/> 9. laboratory testing from 11:31:10 to 11:33:00<br/> 10. walking from 11:33:05 to 11:33:40<br/> 11. waiting from 11:34:15 to 11:41:44<br/> 12. consultation from 11:43:04 to 11:55:20<br/> 13. walking from 11:55:26 to 11:55:51<br/> 14. waiting from 11:55:52 to 11:59:38<br/> 15. pharmacy from 11:59:42 to 12:01:08,,T-F0029-P0064,,T-F0029-P0064,,,,,,,,,,audit.csv,uuid:f271b3a2-febd-47d6-995d-24243b3bfb6b,2021-08-19-timeflow-T-F0029-P0064,uuid:f271b3a2-febd-47d6-995d-24243b3bfb6b,322,Timeflow RA,1,1,,,collect:qIK8uDn3ZAH744IQ
2021-08-20T14:26:45.745Z,2021-08-20,2021-08-20T12:46:09.002+03:00,2021-08-20T17:26:36.308+03:00,collect:6kV6tIFNLPVLBqIW,,,,Tanga,F0101,Mwakidila,2,T,,OK,2021-08-20T12:46:14.220+03:00,18859.40710902778,12:46:14,,,11,11,2021-08-20T14:45:56.169+03:00,18859.4902334375,14:45:56,120, 1. registration from 12:46:17 to 12:47:04<br/> 2. waiting from 12:47:05 to 13:28:22<br/> 3. consultation from 13:28:29 to 13:37:56<br/> 4. walking from 13:38:08 to 13:39:06<br/> 5. laboratory testing from 13:39:08 to 13:41:35<br/> 6. waiting from 13:41:37 to 14:04:32<br/> 7. walking from 14:04:34 to 14:05:35<br/> 8. waiting from 14:05:37 to 14:40:39<br/> 9. consultation from 14:40:41 to 14:43:56<br/> 10. walking from 14:43:58 to 14:45:00<br/> 11. pharmacy from 14:45:03 to 14:45:56,,T-F0101-P0119,,T-F0101-P0119,,,,,,,,When using  POX the healthcare provider faced difficulties as the  patient kept pulling it off and crying .The healthcare provider decided to switch on her phone and play some cartoons hence the patient calm down,,audit.csv,uuid:c8c43f57-bfbb-4cf0-bfb3-0d911f16bb56,2021-08-20-timeflow-T-F0101-P0119,uuid:c8c43f57-bfbb-4cf0-bfb3-0d911f16bb56,322,Timeflow RA,1,1,,,collect:6kV6tIFNLPVLBqIW
2021-08-20T14:26:28.857Z,2021-08-20,2021-08-20T09:15:17.336+03:00,2021-08-20T17:26:26.136+03:00,collect:6kV6tIFNLPVLBqIW,,,,Tanga,F0101,Mwakidila,2,T,,OK,2021-08-20T09:15:25.611+03:00,18859.260713090276,09:15:25,,,20,20,2021-08-20T11:53:34.877+03:00,18859.37054255787,11:53:34,158, 1. registration from 09:15:30 to 09:16:22<br/> 2. walking from 09:16:23 to 09:16:32<br/> 3. waiting from 09:16:34 to 09:25:53<br/> 4. walking from 09:25:54 to 09:26:40<br/> 5. waiting from 09:26:48 to 09:33:49<br/> 6. consultation from 09:33:52 to 09:36:07<br/> 7. walking from 09:36:08 to 09:37:54<br/> 8. waiting from 09:37:58 to 09:43:21<br/> 9. laboratory testing from 09:43:24 to 09:45:33<br/> 10. waiting from 09:45:36 to 10:11:47<br/> 11. walking from 10:11:50 to 10:13:09<br/> 12. waiting from 10:13:11 to 10:17:44<br/> 13. walking from 10:17:48 to 10:18:16<br/> 14. waiting from 10:21:24 to 10:24:42<br/> 15. RCH from 10:24:45 to 11:15:41<br/> 16. walking from 11:15:52 to 11:17:02<br/> 17. waiting from 11:17:07 to 11:39:59<br/> 18. consultation from 11:40:08 to 11:48:12<br/> 19. walking from 11:48:13 to 11:49:58<br/> 20. pharmacy from 11:50:01 to 11:53:34,,T-F0101-P0100,,T-F0101-P0100,,,,,,,,"There was a change in process as the caregiver while waiting for consultation round 2 decided to go to the RCH clinic instead.

While at the pharmacy the caregiver gave the patient medicine as advised by the healthcare provider",,audit.csv,uuid:5a26453d-b980-4c77-bd31-439a280ba0b4,2021-08-20-timeflow-T-F0101-P0100,uuid:5a26453d-b980-4c77-bd31-439a280ba0b4,322,Timeflow RA,1,1,,,collect:6kV6tIFNLPVLBqIW
2021-08-20T13:19:07.886Z,2021-08-20,2021-08-20T10:34:24.283+03:00,2021-08-20T12:33:55.411+03:00,collect:FNJFDim9QRaoDQik,,,,Sengerema,F0087,Nyamazugo,2,T,,OK,2021-08-20T10:34:52.231+03:00,18859.31588230324,10:34:52,,,18,18,2021-08-20T11:54:18.687+03:00,18859.371049618054,11:54:18,79, 1. walking from 10:34:56 to 10:36:03<br/> 2. waiting from 10:36:05 to 10:50:25<br/> 3. registration from 10:50:34 to 10:53:49<br/> 4. consultation from 10:53:51 to 11:03:19<br/> 5. waiting from 11:03:57 to 11:06:50<br/> 6. walking from 11:06:53 to 11:08:21<br/> 7. waiting from 11:08:24 to 11:19:14<br/> 8. laboratory testing from 11:19:18 to 11:20:54<br/> 9. waiting from 11:21:12 to 11:28:45<br/> 10. laboratory testing from 11:28:51 to 11:30:31<br/> 11. walking from 11:30:35 to 11:32:03<br/> 12. waiting from 11:32:05 to 11:37:21<br/> 13. walking from 11:37:29 to 11:37:36<br/> 14. consultation from 11:37:43 to 11:41:46<br/> 15. waiting from 11:41:51 to 11:43:54<br/> 16. walking from 11:43:56 to 11:44:09<br/> 17. pharmacy from 11:44:11 to 12:05:05<br/> 18. walking from 11:54:16 to 11:54:18,,,T-F0087-P0083,T-F0087-P0083,,,,,,,,"During patient  consultation in step 4,waiting in step 5  for caregiver  proceed with her own consultation  because  herself  she was sick also vise vesa  in step 15.
Registration  and Consultation  done  in room ",,audit.csv,uuid:0fc4d78b-05b2-4a87-94d7-ef9196c1fdaa,2021-08-20-timeflow-T-F0087-P0083,uuid:0fc4d78b-05b2-4a87-94d7-ef9196c1fdaa,322,Timeflow RA,1,1,,,collect:FNJFDim9QRaoDQik
2021-08-20T13:18:30.935Z,2021-08-20,2021-08-20T10:16:18.066+03:00,2021-08-20T16:18:27.377+03:00,collect:hXDXPLczrvk9OyH1,,,,Sengerema,F0022,Mwabaluhi,1,T,,OK,2021-08-20T10:16:26.152+03:00,18859.303080462963,10:16:26,,,28,28,2021-08-20T12:41:20.124+03:00,18859.403705138888,12:41:20,145, 1. walking from 10:16:32 to 10:17:02<br/> 2. waiting from 10:17:19 to 10:18:05<br/> 3. triage from 10:18:07 to 10:19:34<br/> 4. walking from 10:19:38 to 10:20:02<br/> 5. waiting from 10:20:04 to 11:29:14<br/> 6. registration from 11:29:16 to 11:32:30<br/> 7. consultation from 11:32:32 to 11:35:36<br/> 8. walking from 11:35:38 to 11:36:19<br/> 9. laboratory testing from 11:36:31 to 11:54:29<br/> 10. walking from 11:54:32 to 11:54:59<br/> 11. waiting from 11:55:01 to 12:01:47<br/> 12. consultation from 12:01:49 to 12:04:20<br/> 13. walking from 12:04:24 to 12:04:53<br/> 14. waiting from 12:04:55 to 12:05:26<br/> 15. laboratory testing from 12:05:36 to 12:05:45<br/> 16. walking from 12:05:47 to 12:06:10<br/> 17. Toilet from 12:06:17 to 12:07:43<br/> 18. walking from 12:07:45 to 12:08:02<br/> 19. laboratory testing from 12:08:06 to 12:22:01<br/> 20. walking from 12:22:03 to 12:22:26<br/> 21. consultation from 12:22:37 to 12:31:39<br/> 22. walking from 12:31:43 to 12:32:07<br/> 23. waiting from 12:32:30 to 12:34:41<br/> 24. pharmacy from 12:34:44 to 12:38:56<br/> 25. walking from 12:39:00 to 12:39:28<br/> 26. consultation from 12:39:31 to 12:39:53<br/> 27. walking from 12:40:39 to 12:40:51<br/> 28. pharmacy from 12:40:55 to 12:41:20,,,T-F0022-P0063,T-F0022-P0063,,,,,,,,"Caregiver and patient waited for a long time to enter in consultation room for registration because there was a meeting in the consultation room .
Clinical officer delayed to start registration because she had a meeting with visitors and staffs.
Both registration and consultation conducted in the same room (consultation room).
Caregiver and patient return back to pharmacy for the second time because the nurse attendant did not understand properly what was written in prescription, therefore the nurse attendant requested caregiver to return it to clinical officer to write it properly and return it to pharmacy.
Clinical officer did not use pulse oximeter.
Clinical officer did not use IMCI guideline.",,audit.csv,uuid:75276ac5-ad78-41a5-84de-f78777ae34f8,2021-08-20-timeflow-T-F0022-P0063,uuid:75276ac5-ad78-41a5-84de-f78777ae34f8,322,Timeflow RA,1,1,,,collect:hXDXPLczrvk9OyH1
2021-08-20T13:16:50.534Z,2021-08-20,2021-08-20T12:34:15.904+03:00,2021-08-20T16:15:36.757+03:00,collect:YtfxC7csVXTU0Odx,,,,Sengerema,F0022,Mwabaluhi,1,T,,OK,2021-08-20T12:34:21.978+03:00,18859.39886548611,12:34:21,,,14,14,2021-08-20T13:10:41.434+03:00,18859.424090671295,13:10:41,36, 1. walking from 12:34:27 to 12:34:45<br/> 2. triage from 12:34:48 to 12:39:54<br/> 3. walking from 12:39:59 to 12:40:16<br/> 4. registration from 12:40:20 to 12:44:08<br/> 5. consultation from 12:44:11 to 12:48:31<br/> 6. walking from 12:48:43 to 12:49:34<br/> 7. waiting from 12:49:43 to 12:52:41<br/> 8. laboratory testing from 12:52:48 to 12:56:48<br/> 9. waiting from 12:56:50 to 12:58:44<br/> 10. laboratory testing from 12:58:49 to 12:59:42<br/> 11. walking from 12:59:44 to 13:00:08<br/> 12. consultation from 13:00:11 to 13:04:03<br/> 13. walking from 13:04:05 to 13:04:22<br/> 14. pharmacy from 13:04:25 to 13:10:41,,,T-F0022-P0065,T-F0022-P0065,,,,,,,,"Registratio and consultation   conducted at the same room (consultation  room ) by clinical Officer..
Clinical  Officer did not use IMCI  Manual (Guideline )",,audit.csv,uuid:1c70d537-701b-4e13-89ab-99bccf70ecf0,2021-08-20-timeflow-T-F0022-P0065,uuid:1c70d537-701b-4e13-89ab-99bccf70ecf0,322,Timeflow RA,1,1,,,collect:YtfxC7csVXTU0Odx
2021-08-20T13:16:49.738Z,2021-08-20,2021-08-20T10:22:32.966+03:00,2021-08-20T16:15:27.111+03:00,collect:YtfxC7csVXTU0Odx,,,,Sengerema,F0022,Mwabaluhi,1,T,,OK,2021-08-20T10:32:57.527+03:00,18859.314554710647,10:32:57,,,9,9,2021-08-20T11:51:07.944+03:00,18859.368841944444,11:51:07,78, 1. walking from 10:33:05 to 10:33:39<br/> 2. triage from 10:34:40 to 10:39:07<br/> 3. walking from 10:39:13 to 10:39:40<br/> 4. waiting from 10:39:42 to 11:35:48<br/> 5. consultation from 11:35:54 to 11:41:46<br/> 6. walking from 11:42:01 to 11:42:24<br/> 7. waiting from 11:43:20 to 11:44:51<br/> 8. pharmacy from 11:44:54 to 11:49:27<br/> 9. Exit from 11:50:35 to 11:51:07,,,T-F0022-P0064,T-F0022-P0064,,,,,,,,"Registration and  consultation  are conducted  at consultation room by clinical Officer.
First waiting consumes more time, before  caregiver enters  consultation room for registration and consultation ,because clinical Officer had visitors from pathfinder  and they had conversation which took a lot of time.
Patient process map ends at pharmacy, but  I selected  wrong selection, instead of "" the child is exiting in the  facility"" I selected "" The child is moving  to the next step"" so I decided to end the process by selecting other and write the word exit.
Clinical Officer did not use  either  Pulse Oxymeter or IMCI guideline.",,audit.csv,uuid:e2d3e2f3-12d1-4da3-8da7-038a11834aec,2021-08-20-timeflow-T-F0022-P0064,uuid:e2d3e2f3-12d1-4da3-8da7-038a11834aec,322,Timeflow RA,1,1,,,collect:YtfxC7csVXTU0Odx
2021-08-20T12:38:48.962Z,2021-08-20,2021-08-20T11:24:03.935+03:00,2021-08-20T13:05:00.377+03:00,collect:gzYxlkVsmLsQ9cx2,,,,Tanga,F0101,Mwakidila,2,T,,OK,2021-08-20T11:24:13.374+03:00,18859.350154791668,11:24:13,,,4,4,2021-08-20T12:49:14.253+03:00,18859.409192743056,12:49:14,85, 1. registration from 11:24:17 to 11:25:15<br/> 2. waiting from 11:25:20 to 12:35:16<br/> 3. consultation from 12:35:20 to 12:48:13<br/> 4. walking from 12:48:16 to 12:49:14,,T-F0101-P0118,,T-F0101-P0118,,,,,,,,,,audit.csv,uuid:f3d42ce5-79ef-48eb-8cac-66814bbdcd89,2021-08-20-timeflow-T-F0101-P0118,uuid:f3d42ce5-79ef-48eb-8cac-66814bbdcd89,322,Timeflow RA,1,1,,,collect:gzYxlkVsmLsQ9cx2
2021-08-20T12:02:32.723Z,2021-08-20,2021-08-20T11:37:15.831+03:00,2021-08-20T12:54:50.797+03:00,collect:Vm6WKqcHJDD3OmhV,,,,Sengerema,F0087,Nyamazugo,2,T,,OK,2021-08-20T11:37:22.590+03:00,18859.359289236112,11:37:22,,,17,17,2021-08-20T12:34:00.409+03:00,18859.398615844908,12:34:00,57, 1. walking from 11:37:25 to 11:37:36<br/> 2. waiting from 11:37:37 to 11:44:03<br/> 3. registration from 11:44:22 to 11:45:40<br/> 4. consultation from 11:45:43 to 11:54:39<br/> 5. walking from 11:54:41 to 11:56:46<br/> 6. waiting from 11:56:47 to 11:58:30<br/> 7. laboratory testing from 11:58:32 to 12:00:30<br/> 8. walking from 12:00:32 to 12:00:41<br/> 9. waiting from 12:00:43 to 12:09:55<br/> 10. walking from 12:09:59 to 12:10:03<br/> 11. laboratory testing from 12:10:06 to 12:10:24<br/> 12. walking from 12:10:25 to 12:10:53<br/> 13. waiting from 12:10:54 to 12:22:00<br/> 14. consultation from 12:22:03 to 12:25:46<br/> 15. walking from 12:25:48 to 12:26:01<br/> 16. waiting from 12:26:07 to 12:28:51<br/> 17. pharmacy from 12:28:55 to 12:34:00,,T-F0087-P0084,,T-F0087-P0084,,,,,,,,There is no walking between registration and consultation because they were both done in one room by a medical assistant.,,audit.csv,uuid:3d088266-423b-48c1-a344-1785a871465c,2021-08-20-timeflow-T-F0087-P0084,uuid:3d088266-423b-48c1-a344-1785a871465c,322,Timeflow RA,1,1,,,collect:Vm6WKqcHJDD3OmhV
2021-08-20T12:02:32.134Z,2021-08-20,2021-08-20T10:12:52.742+03:00,2021-08-20T12:51:10.150+03:00,collect:Vm6WKqcHJDD3OmhV,,,,Sengerema,F0087,Nyamazugo,2,T,,OK,2021-08-20T10:13:01.019+03:00,18859.30070622685,10:13:01,,,16,16,2021-08-20T11:36:07.528+03:00,18859.358420462962,11:36:07,83, 1. walking from 10:13:06 to 10:14:03<br/> 2. waiting from 10:14:05 to 10:23:50<br/> 3. consultation from 10:23:51 to 10:36:36<br/> 4. waiting from 10:37:54 to 10:48:13<br/> 5. walking from 10:48:20 to 10:50:14<br/> 6. waiting from 10:50:15 to 10:52:18<br/> 7. Toilet from 10:52:47 to 10:52:54<br/> 8. walking from 10:58:02 to 10:59:21<br/> 9. waiting from 10:59:23 to 11:01:10<br/> 10. laboratory testing from 11:01:13 to 11:06:59<br/> 11. walking from 11:07:03 to 11:07:23<br/> 12. waiting from 11:07:26 to 11:18:58<br/> 13. walking from 11:18:59 to 11:19:41<br/> 14. consultation from 11:19:47 to 11:26:30<br/> 15. walking from 11:26:33 to 11:26:55<br/> 16. pharmacy from 11:26:57 to 11:36:07,,T-F0087-P0081,,T-F0087-P0081,,,,,,,,"Generally the caregiver and patient spent much time in every step because the caregiver had two patients who needed to be treated .
Long waiting time at the laboratory because the caregiver had no mask therefore she had to wait for someone to bring the mask so she can be attended at the laboratory.
The patient didn't go through registration process because the patient already has a file.
After consultation round one as seen in step 3 the caregiver waited as seen in step 4 because the caregiver had two patients thus had to wait for the second patient to be attended before moving to the next step",,audit.csv,uuid:28eda160-3b83-4b6a-9fa1-a60db54ae156,2021-08-20-timeflow-T-F0087-P0081,uuid:28eda160-3b83-4b6a-9fa1-a60db54ae156,322,Timeflow RA,1,1,,,collect:Vm6WKqcHJDD3OmhV
2021-08-20T06:36:45.246Z,2021-08-19,2021-08-19T10:16:08.586+03:00,2021-08-20T09:36:41.551+03:00,collect:YtfxC7csVXTU0Odx,,,,Sengerema,F0087,Nyamazugo,2,T,,OK,2021-08-19T10:33:53.802+03:00,18858.315206041665,10:33:53,,,15,15,2021-08-19T11:06:11.397+03:00,18858.337631909722,11:06:11,32, 1. walking from 10:35:02 to 10:35:36<br/> 2. waiting from 10:35:40 to 10:36:46<br/> 3. walking from 10:36:49 to 10:37:00<br/> 4. registration from 10:37:04 to 10:37:28<br/> 5. consultation from 10:37:31 to 10:44:23<br/> 6. walking from 10:44:27 to 10:45:37<br/> 7. laboratory testing from 10:45:40 to 10:48:45<br/> 8. waiting from 10:48:49 to 10:53:20<br/> 9. walking from 10:53:22 to 10:53:26<br/> 10. laboratory testing from 10:53:30 to 10:54:03<br/> 11. walking from 10:54:05 to 10:55:13<br/> 12. consultation from 10:55:18 to 11:01:42<br/> 13. walking from 11:01:44 to 11:02:02<br/> 14. waiting from 11:02:06 to 11:02:39<br/> 15. pharmacy from 11:02:42 to 11:06:11,,T-F0087-P0079,,T-F0087-P0079,,,,,,,,"Registration and  consultation  conducted at  the same room ( consultation room). Was done by Clinical  Assistant.
Lab  investigation   ( blood test for malaria) was done by Clinical  Officer , Lab  Technician is on  leave.
Dispensing of medicine to patient was done by Nurse  Attendant.",,audit.csv,uuid:134158bd-fa65-4d3b-8723-32abac745049,2021-08-19-timeflow-T-F0087-P0079,uuid:134158bd-fa65-4d3b-8723-32abac745049,322,Timeflow RA,1,1,,,collect:YtfxC7csVXTU0Odx
2021-08-19T19:40:34.242Z,2021-08-19,2021-08-19T09:58:28.893+03:00,2021-08-19T22:40:28.097+03:00,collect:UHSjYBthqG4RxIqq,,,,Kaliua,F0083,Bukemba,2,T,,OK,2021-08-19T09:58:41.693+03:00,18858.290760335647,09:58:41,,,15,15,2021-08-19T13:03:05.448+03:00,18858.418813055556,13:03:05,184, 1. waiting from 09:58:48 to 10:11:52<br/> 2. walking from 10:11:54 to 10:11:57<br/> 3. RA station  for enrollment from 10:12:00 to 10:38:57<br/> 4. walking from 10:39:01 to 10:39:11<br/> 5. waiting from 10:39:13 to 12:21:55<br/> 6. walking from 12:21:57 to 12:22:05<br/> 7. consultation from 12:22:08 to 12:44:00<br/> 8. walking from 12:44:02 to 12:44:07<br/> 9. waiting from 12:44:09 to 12:53:30<br/> 10. walking from 12:53:32 to 12:56:30<br/> 11. pharmacy from 12:56:34 to 12:57:59<br/> 12. walking from 12:58:01 to 12:58:08<br/> 13. waiting from 12:58:09 to 13:00:17<br/> 14. RA area for finalisation enrollment from 13:00:21 to 13:02:56<br/> 15. walking from 13:03:01 to 13:03:05,,,T-F0083-P0149,T-F0083-P0149,,,,,,,,"-Waiting  area few patients  seen in waiting  lines 
-No  registration  today
-enrollment done but child was crying so the RA decided to follow the caregiver  and did  enrollment  under the tree.

In the consultation  room
-EN introducing TIMCI team to the caregiver 
- History taking
-Physical examination 
-Use of all TIMCI tool including  POX and eCDSA
- The asked the caregiver   about  HIV status and TB  history  in her family.
-Laboratory test ( blood test)
-Shared laboratory  results and diagnosis.
-Insisting the caregiver to come back for Vit A on the month of 6th
- Document  the POX readings, Diagnosis and management plan.

Waiting at dispensing area till the EN finished to attend all patients 

Patient  went back to RA room  to finalise  enrollment process",,audit.csv,uuid:61687df5-67de-4e6a-83d9-7edca3ab0ffe,2021-08-19-timeflow-T-F0083-P0149,uuid:61687df5-67de-4e6a-83d9-7edca3ab0ffe,322,Timeflow RA,1,1,,,collect:UHSjYBthqG4RxIqq
2021-08-19T18:25:15.812Z,2021-08-19,2021-08-19T09:55:06.571+03:00,2021-08-19T21:23:18.308+03:00,collect:zwYTuAbn9i6xhSHq,,,,Kaliua,F0083,Bukemba,2,T,,OK,2021-08-19T09:55:24.338+03:00,18858.288476134258,09:55:24,,,12,12,2021-08-19T12:59:42.613+03:00,18858.41646542824,12:59:42,184, 1. waiting from 09:55:34 to 09:56:21<br/> 2. RA TIMCI Enrollment from 09:56:23 to 10:11:42<br/> 3. walking from 10:11:44 to 10:11:47<br/> 4. waiting from 10:11:50 to 11:47:03<br/> 5. walking from 11:47:05 to 11:47:21<br/> 6. consultation from 11:47:23 to 12:09:14<br/> 7. walking from 12:09:16 to 12:09:23<br/> 8. waiting from 12:09:24 to 12:52:31<br/> 9. pharmacy from 12:52:35 to 12:54:52<br/> 10. waiting from 12:54:54 to 12:56:03<br/> 11. walking from 12:56:04 to 12:56:09<br/> 12. RA TIMCI from 12:58:23 to 12:59:42,,,T-F0083-P0148,T-F0083-P0148,,,,,,,,"-The dispensary has a few patients today (short waiting line)
-The clinician incharge is not around due to administrative activities/ issues.
-The EN started providing services at the ANC, then Wound dressing, followed by consultation room, finishing with the dispensing of meds.
-Registration and labs are done in the consultation room. (MRDT done to patient, PITC done to both patient and caregiver)
-Results of labs given in the consultation room 
-Diagnosis and management plan explained to caregiver 
-The 12th step: RA TIMCI started at 12:56 to 12:59.",,audit.csv,uuid:7509852d-5d01-4b6f-a2b6-16b13e4455d2,2021-08-19-timeflow-T-F0083-P0148,uuid:7509852d-5d01-4b6f-a2b6-16b13e4455d2,322,Timeflow RA,1,1,,,collect:zwYTuAbn9i6xhSHq
2021-08-19T17:43:52.251Z,2021-08-19,2021-08-19T11:18:35.589+03:00,2021-08-19T20:33:17.500+03:00,collect:KL6eqMJPrsN1Gz8G,,,,Tanga,F0101,Mwakidila,2,T,,OK,2021-08-19T11:18:40.719+03:00,18858.346304618055,11:18:40,,,16,16,2021-08-19T14:12:47.095+03:00,18858.467211747684,14:12:47,174, 1. walking from 11:18:44 to 11:18:57<br/> 2. waiting from 11:18:59 to 11:20:02<br/> 3. registration from 11:20:12 to 11:33:24<br/> 4. waiting from 11:33:29 to 11:45:22<br/> 5. walking from 11:45:39 to 11:47:38<br/> 6. waiting from 11:47:41 to 12:59:16<br/> 7. walking from 12:59:18 to 12:59:27<br/> 8. consultation from 12:59:30 to 13:10:33<br/> 9. walking from 13:10:36 to 13:12:13<br/> 10. laboratory testing from 13:12:17 to 13:20:52<br/> 11. waiting from 13:20:54 to 13:47:59<br/> 12. walking from 13:48:11 to 13:50:05<br/> 13. waiting from 13:50:08 to 14:04:49<br/> 14. consultation from 14:04:52 to 14:10:07<br/> 15. walking from 14:10:09 to 14:11:55<br/> 16. pharmacy from 14:11:58 to 14:12:47,,,T-F0101-P0116,T-F0101-P0116,,,,,,,,"The patient spent alot of time in waiting for consultation because there was only one careprovider responsible for consultation in the facility in the present day, as the other one was absent and there were alot of patients ",,audit.csv,uuid:11949646-5c01-457f-9e81-4ca3ecd62b26,2021-08-19-timeflow-T-F0101-P0116,uuid:11949646-5c01-457f-9e81-4ca3ecd62b26,322,Timeflow RA,1,1,,,collect:KL6eqMJPrsN1Gz8G
2021-08-19T17:43:43.672Z,2021-08-19,2021-08-19T08:56:28.960+03:00,2021-08-19T20:25:35.674+03:00,collect:KL6eqMJPrsN1Gz8G,,,,Tanga,F0101,Mwakidila,2,T,,OK,2021-08-19T08:56:36.808+03:00,18858.24764824074,08:56:36,,,14,14,2021-08-19T10:26:54.241+03:00,18858.310350011576,10:26:54,90, 1. walking from 08:56:42 to 08:57:21<br/> 2. waiting from 08:57:24 to 08:57:58<br/> 3. registration from 08:57:59 to 08:59:09<br/> 4. waiting from 08:59:11 to 09:08:34<br/> 5. walking from 09:08:38 to 09:09:14<br/> 6. waiting from 09:09:19 to 09:44:40<br/> 7. walking from 09:44:41 to 09:45:04<br/> 8. consultation from 09:45:08 to 09:47:02<br/> 9. walking from 09:47:04 to 09:47:56<br/> 10. RCH from 09:47:59 to 09:51:07<br/> 11. walking from 09:51:09 to 09:51:32<br/> 12. waiting from 09:51:34 to 10:08:49<br/> 13. consultation from 10:08:57 to 10:24:32<br/> 14. walking from 10:24:36 to 10:26:54,,,T-F0101-P0068,T-F0101-P0068,,,,,,,,"The patient was a repeated visit i.e follow up on child's development 
The caregiver changed purpose during consultation where the careprovider directed her to go to RCH for child's weighing ",,audit.csv,uuid:7cbf60eb-d4aa-4485-b33f-bc53682e6727,2021-08-19-timeflow-T-F0101-P0068,uuid:7cbf60eb-d4aa-4485-b33f-bc53682e6727,322,Timeflow RA,1,1,,,collect:KL6eqMJPrsN1Gz8G
2021-08-19T17:22:09.332Z,2021-08-19,2021-08-19T13:01:03.119+03:00,2021-08-19T20:21:59.201+03:00,collect:6kV6tIFNLPVLBqIW,,,,Tanga,F0101,Mwakidila,2,T,,OK,2021-08-19T13:01:40.332+03:00,18858.417827916666,13:01:40,,,7,7,2021-08-19T13:57:00.563+03:00,18858.456256516205,13:57:00,55, 1. registration from 13:01:53 to 13:03:04<br/> 2. walking from 13:03:05 to 13:03:16<br/> 3. waiting from 13:03:19 to 13:39:08<br/> 4. walking from 13:39:10 to 13:39:20<br/> 5. consultation from 13:39:32 to 13:55:58<br/> 6. walking from 13:56:01 to 13:56:36<br/> 7. pharmacy from 13:56:39 to 13:57:00,,T-F0101-P0117,,T-F0101-P0117,,,,,,,,One doctor available at the facility today,,audit.csv,uuid:b6db18eb-70f4-43dd-8754-76912db60ac6,2021-08-19-timeflow-T-F0101-P0117,uuid:b6db18eb-70f4-43dd-8754-76912db60ac6,322,Timeflow RA,1,1,,,collect:6kV6tIFNLPVLBqIW
2021-08-19T17:21:55.154Z,2021-08-19,2021-08-19T09:54:59.494+03:00,2021-08-19T20:21:10.907+03:00,collect:6kV6tIFNLPVLBqIW,,,,Tanga,F0101,Mwakidila,2,T,,OK,2021-08-19T09:55:04.500+03:00,18858.288246527776,09:55:04,,,17,17,2021-08-19T12:34:57.166+03:00,18858.39927275463,12:34:57,160, 1. registration from 09:55:09 to 09:56:57<br/> 2. walking from 09:56:58 to 09:57:08<br/> 3. waiting from 09:57:10 to 10:42:19<br/> 4. walking from 10:42:22 to 10:42:28<br/> 5. consultation from 10:42:40 to 10:52:13<br/> 6. walking from 10:54:11 to 10:54:13<br/> 7. laboratory testing from 10:54:15 to 10:57:24<br/> 8. waiting from 10:57:28 to 11:16:21<br/> 9. walking from 11:16:26 to 11:18:22<br/> 10. waiting from 11:18:24 to 11:42:56<br/> 11. walking from 11:42:58 to 11:43:15<br/> 12. waiting from 11:43:17 to 12:26:02<br/> 13. walking from 12:26:04 to 12:26:06<br/> 14. consultation from 20:19:46 to 12:27:58<br/> 15. walking from 12:27:59 to 12:29:49<br/> 16. waiting from 12:29:59 to 12:32:46<br/> 17. pharmacy from 12:32:49 to 12:34:57,,T-F0101-P0115,,T-F0101-P0115,,,,,,,,Many patients at the facility and only one Doctor is available today,,audit.csv,uuid:3c588996-0dc7-4d7c-affb-1f73b3b56fe3,2021-08-19-timeflow-T-F0101-P0115,uuid:3c588996-0dc7-4d7c-affb-1f73b3b56fe3,322,Timeflow RA,1,1,,,collect:6kV6tIFNLPVLBqIW
2021-08-19T17:18:24.309Z,2021-08-19,2021-08-19T08:39:14.118+03:00,2021-08-19T20:17:49.245+03:00,collect:6kV6tIFNLPVLBqIW,,,,Tanga,F0101,Mwakidila,2,T,,OK,2021-08-19T08:39:27.719+03:00,18858.235737488427,08:39:27,,,15,15,2021-08-19T09:53:48.309+03:00,18858.2873646875,09:53:48,74, 1. waiting from 08:39:31 to 08:41:52<br/> 2. walking from 08:41:54 to 08:42:00<br/> 3. registration from 08:42:02 to 08:46:30<br/> 4. walking from 08:46:31 to 08:46:38<br/> 5. waiting from 08:46:39 to 09:07:35<br/> 6. walking from 09:07:37 to 09:08:27<br/> 7. waiting from 09:08:29 to 09:10:45<br/> 8. walking from 09:12:33 to 09:12:38<br/> 9. waiting from 09:12:40 to 09:17:55<br/> 10. walking from 09:18:21 to 09:18:29<br/> 11. waiting from 09:18:34 to 09:28:44<br/> 12. walking from 09:28:49 to 09:30:21<br/> 13. consultation from 09:30:34 to 09:44:33<br/> 14. walking from 09:44:34 to 09:45:23<br/> 15. pharmacy from 09:45:27 to 09:53:48,,,T-F0101-P0096,T-F0101-P0096,,,,,,,,When the caregivers turn to enter the consultation room arrived she was twice asked by eldery patients  and once by a healthcare provider to take her turn hence came back to wait.,,audit.csv,uuid:ea24398e-69b9-42c5-9921-14f82a53b03e,2021-08-19-timeflow-T-F0101-P0096,uuid:ea24398e-69b9-42c5-9921-14f82a53b03e,322,Timeflow RA,1,1,,,collect:6kV6tIFNLPVLBqIW
2021-08-19T10:28:41.295Z,2021-08-19,2021-08-19T11:53:24.518+03:00,2021-08-19T13:27:06.107+03:00,collect:Vm6WKqcHJDD3OmhV,,,,Sengerema,F0022,Mwabaluhi,1,T,,OK,2021-08-19T11:53:30.577+03:00,18858.370492789352,11:53:30,,,34,34,2021-08-19T13:14:34.763+03:00,18858.426791238428,13:14:34,81, 1. walking from 11:53:36 to 11:53:44<br/> 2. triage from 11:53:52 to 11:58:44<br/> 3. walking from 11:58:46 to 11:59:11<br/> 4. waiting from 11:59:14 to 12:15:26<br/> 5. walking from 12:15:27 to 12:15:37<br/> 6. waiting from 12:15:43 to 12:16:21<br/> 7. consultation from 12:16:26 to 12:16:36<br/> 8. waiting from 12:16:38 to 12:27:59<br/> 9. walking from 12:28:01 to 12:28:10<br/> 10. consultation from 12:28:14 to 12:29:13<br/> 11. walking from 12:29:14 to 12:29:19<br/> 12. Timci Research assistant (to take clinical card) from 12:29:21 to 12:29:27<br/> 13. walking from 12:29:28 to 12:29:35<br/> 14. waiting from 12:29:43 to 12:37:34<br/> 15. walking from 12:37:35 to 12:37:37<br/> 16. consultation from 12:37:52 to 12:40:37<br/> 17. walking from 12:40:39 to 12:41:08<br/> 18. waiting from 12:41:19 to 12:44:13<br/> 19. walking from 12:44:15 to 12:44:21<br/> 20. laboratory testing from 12:44:24 to 12:46:14<br/> 21. walking from 12:46:18 to 12:46:23<br/> 22. waiting from 12:46:25 to 12:52:24<br/> 23. walking from 12:52:25 to 12:52:27<br/> 24. laboratory testing from 12:52:29 to 12:52:42<br/> 25. waiting from 12:52:43 to 12:58:23<br/> 26. laboratory testing from 12:58:26 to 12:58:29<br/> 27. walking from 12:58:31 to 12:59:19<br/> 28. waiting from 12:59:22 to 13:00:16<br/> 29. walking from 13:00:18 to 13:00:29<br/> 30. consultation from 13:00:34 to 13:05:56<br/> 31. walking from 13:05:58 to 13:06:28<br/> 32. waiting from 13:06:30 to 13:10:28<br/> 33. walking from 13:10:29 to 13:10:31<br/> 34. pharmacy from 13:10:37 to 13:14:34,,T-F0022-P0062,,T-F0022-P0062,,,,,,,,"There was a lot of back and forth movement ny the caregiver and patient because they were not familiar the facility layout and procedures in the dispensary
After entering consultation im step 5 patient was told to wait again,same scenario repeated itself in step in step 7
In step 10 caregiver and patient were told to go and take  clinic card which was left research assistant's room before heading back to consultation room.",,audit.csv,uuid:49db4e28-6090-413a-a5eb-8b987cc008f0,2021-08-19-timeflow-T-F0022-P0062,uuid:49db4e28-6090-413a-a5eb-8b987cc008f0,322,Timeflow RA,1,1,,,collect:Vm6WKqcHJDD3OmhV
2021-08-19T10:28:40.103Z,2021-08-19,2021-08-19T09:36:09.134+03:00,2021-08-19T10:57:26.011+03:00,collect:Vm6WKqcHJDD3OmhV,,,,Sengerema,F0022,Mwabaluhi,1,T,,OK,2021-08-19T09:41:39.765+03:00,18858.278932465277,09:41:39,,,17,17,2021-08-19T10:50:11.639+03:00,18858.32652359954,10:50:11,69, 1. walking from 09:41:42 to 09:42:05<br/> 2. triage from 09:42:16 to 09:48:48<br/> 3. walking from 09:48:49 to 09:48:59<br/> 4. consultation from 09:49:19 to 09:57:10<br/> 5. Consultation continues from 09:58:20 to 09:58:46<br/> 6. walking from 09:58:54 to 09:59:48<br/> 7. waiting from 09:59:50 to 10:00:38<br/> 8. laboratory testing from 10:00:58 to 10:06:30<br/> 9. waiting from 10:06:32 to 10:23:27<br/> 10. walking from 10:23:42 to 10:24:21<br/> 11. consultation from 10:24:29 to 10:28:38<br/> 12. walking from 10:28:42 to 10:29:18<br/> 13. walking from 10:29:20 to 10:29:48<br/> 14. RA from 10:29:51 to 10:41:31<br/> 15. walking from 10:41:32 to 10:42:10<br/> 16. waiting from 10:42:25 to 10:49:21<br/> 17. pharmacy from 10:49:23 to 10:50:11,,T-F0022-P0060,,T-F0022-P0060,,,,,,,,"The patient moved from one step to another without having to wait for long because the were few patients until when the patient got to dispensing area where  the medical attendant was out so they had to wait for sometime before being attended to
They was also deviation  because instead going to the dispensing area they went to timci research assistant for further documentation.Thus explaining double walking in steps 12 and 13",,audit.csv,uuid:b77a9a81-74b2-406c-851f-b18c993e47e4,2021-08-19-timeflow-T-F0022-P0060,uuid:b77a9a81-74b2-406c-851f-b18c993e47e4,322,Timeflow RA,1,1,,,collect:Vm6WKqcHJDD3OmhV
2021-08-19T10:18:41.722Z,2021-08-19,2021-08-19T10:43:53.283+03:00,2021-08-19T13:12:46.163+03:00,collect:FNJFDim9QRaoDQik,,,,Sengerema,F0022,Mwabaluhi,1,T,,OK,2021-08-19T10:44:16.420+03:00,18858.322412268517,10:44:16,,,30,30,2021-08-19T12:38:03.945+03:00,18858.40143454861,12:38:03,114, 1. walking from 10:44:28 to 10:44:34<br/> 2. Going to Research Assistant  for enrolled  from 10:44:47 to 11:02:22<br/> 3. walking from 11:02:24 to 11:02:58<br/> 4. waiting from 11:03:00 to 11:05:54<br/> 5. walking from 11:05:55 to 11:06:06<br/> 6. waiting from 11:06:08 to 11:14:08<br/> 7. walking from 11:14:15 to 11:14:30<br/> 8. consultation from 11:14:47 to 11:14:53<br/> 9. walking from 11:15:02 to 11:15:21<br/> 10. triage from 11:15:28 to 11:21:49<br/> 11. walking from 11:22:24 to 11:22:28<br/> 12. waiting from 11:25:18 to 11:31:44<br/> 13. walking from 11:31:52 to 11:32:08<br/> 14. consultation from 11:32:11 to 11:37:30<br/> 15. walking from 11:37:32 to 11:38:22<br/> 16. laboratory testing from 11:38:31 to 11:42:23<br/> 17. walking from 11:42:26 to 11:43:24<br/> 18. Toilet from 11:43:27 to 11:43:59<br/> 19. walking from 11:44:01 to 11:44:30<br/> 20. laboratory testing from 11:44:33 to 11:44:41<br/> 21. waiting from 11:44:43 to 12:08:28<br/> 22. laboratory testing from 12:09:13 to 12:09:14<br/> 23. walking from 12:09:16 to 12:09:32<br/> 24. waiting from 12:09:34 to 12:16:59<br/> 25. walking from 12:17:02 to 12:17:09<br/> 26. consultation from 12:17:11 to 12:24:16<br/> 27. walking from 12:24:23 to 12:24:50<br/> 28. pharmacy from 12:24:52 to 12:35:39<br/> 29. walking from 12:35:48 to 12:36:36<br/> 30. Research Assistant  from 12:36:43 to 12:38:03,,,T-F0022-P0061,T-F0022-P0061,,,,,,,,"Step 8,staff didn't attend  the patient and told the  caregiver to return first to
 triage inorder  to measure  body temperature  and weight.It is a normal process  for all patients under 5 to pass Triage/RCH for check  body temperature  and weight before attending Registration/Consultation. 
Step 9 Caregiver returned  to Triage. 
Step12,Caregiver  waiting near dispensing room to take drug for giving patient due to high temperature.
Staff is not in the dispansing room, after caregiver and patient spending sometime thus the staff attended her  in Triage  directed caregiver to go consultation room.",,audit.csv,uuid:fb6bb209-8284-41ae-9a21-9e01d9b523bc,2021-08-19-timeflow-T-F0022-P0061,uuid:fb6bb209-8284-41ae-9a21-9e01d9b523bc,322,Timeflow RA,1,1,,,collect:FNJFDim9QRaoDQik
2021-08-19T06:00:17.297Z,2021-08-18,2021-08-18T12:17:15.732+03:00,2021-08-19T08:56:31.323+03:00,collect:FNJFDim9QRaoDQik,,,,Sengerema,F0087,Nyamazugo,2,T,,OK,2021-08-18T12:17:22.943+03:00,18857.387071099536,12:17:22,,,10,10,2021-08-18T12:46:12.817+03:00,18857.40709278935,12:46:12,29, 1. walking from 12:18:12 to 12:18:35<br/> 2. waiting from 12:18:38 to 12:20:23<br/> 3. walking from 12:20:25 to 12:20:39<br/> 4. consultation from 12:57:34 to 12:28:51<br/> 5. laboratory testing from 12:29:23 to 12:30:05<br/> 6. walking from 12:30:17 to 12:30:24<br/> 7. consultation from 12:30:28 to 12:39:30<br/> 8. walking from 12:39:33 to 12:40:10<br/> 9. waiting from 12:40:18 to 12:43:05<br/> 10. pharmacy from 12:43:08 to 12:46:12,,,T-F0087-P0078,T-F0087-P0078,,,,,,,,"The sixth step on the timeflow was selected by mistake but im actual sense the patient didn't move since registration ,consultation and laboratory test were done on the same table",,audit.csv,uuid:89680242-5aae-42c1-8075-908064f21bfd,2021-08-18-timeflow-T-F0087-P0078,uuid:89680242-5aae-42c1-8075-908064f21bfd,322,Timeflow RA,1,1,,,collect:FNJFDim9QRaoDQik
2021-08-19T05:20:18.508Z,2021-08-18,2021-08-18T12:29:26.932+03:00,2021-08-19T08:20:16.372+03:00,collect:qIK8uDn3ZAH744IQ,,,,Tanga,F0029,Mpirani,1,T,,OK,2021-08-18T12:29:38.118+03:00,18857.395580069446,12:29:38,,,14,14,2021-08-18T13:00:04.623+03:00,18857.416720173613,13:00:04,30, 1. waiting from 12:29:43 to 12:34:01<br/> 2. registration from 12:34:05 to 12:37:34<br/> 3. walking from 12:37:36 to 12:37:40<br/> 4. consultation from 12:38:12 to 12:49:02<br/> 5. walking from 12:49:06 to 12:49:39<br/> 6. waiting from 12:49:41 to 12:51:33<br/> 7. laboratory testing from 12:52:10 to 12:54:01<br/> 8. walking from 12:54:03 to 12:54:11<br/> 9. waiting from 12:54:13 to 12:56:47<br/> 10. walking from 12:56:49 to 12:56:56<br/> 11. consultation from 12:57:01 to 12:58:27<br/> 12. walking from 12:58:30 to 12:58:57<br/> 13. waiting from 12:58:59 to 12:59:35<br/> 14. pharmacy from 12:59:48 to 13:00:04,,T-F0029-P0063,,T-F0029-P0063,,,,,,,,The facility is not busy/has no many patients hence no long waiting at each step.,,audit.csv,uuid:a2ed4e27-99e9-469b-96f8-faba20b6a355,2021-08-18-timeflow-T-F0029-P0063,uuid:a2ed4e27-99e9-469b-96f8-faba20b6a355,322,Timeflow RA,1,1,,,collect:qIK8uDn3ZAH744IQ
2021-08-19T05:13:48.051Z,2021-08-18,2021-08-18T11:06:14.192+03:00,2021-08-19T08:12:13.848+03:00,collect:ztRMhQAeZZZuNDgm,,,,Kaliua,F0010,Ulyankulu,1,T,,OK,2021-08-18T11:06:20.854+03:00,18857.33774136574,11:06:20,,,18,18,2021-08-18T13:38:44.378+03:00,18857.443569189814,13:38:44,152, 1. walking from 11:06:27 to 11:06:29<br/> 2. registration from 11:06:31 to 11:07:00<br/> 3. Research Assistant  from 11:07:04 to 11:14:20<br/> 4. walking from 11:14:22 to 11:14:58<br/> 5. TB scoring from 11:15:00 to 11:18:06<br/> 6. walking from 11:18:08 to 11:18:40<br/> 7. waiting from 11:18:41 to 11:37:33<br/> 8. consultation from 11:37:45 to 11:42:19<br/> 9. walking from 11:42:26 to 11:44:22<br/> 10. RCH from 11:44:24 to 11:45:36<br/> 11. walking from 11:45:38 to 11:47:11<br/> 12. waiting from 11:47:13 to 12:16:31<br/> 13. laboratory testing from 12:16:35 to 13:24:22<br/> 14. consultation from 13:24:27 to 13:25:22<br/> 15. walking from 13:26:12 to 13:26:16<br/> 16. waiting from 13:26:18 to 13:36:54<br/> 17. pharmacy from 13:36:58 to 13:37:33<br/> 18. Research Assistant  from 13:37:37 to 13:38:44,,,T-F0010-P0211,T-F0010-P0211,,,,,,,,"Please note: I overlooked after step 13 (which took 5minutes) the care giver waited for 1 hour to enter consultation round two . 

The Clinical Officer had gone for lunch",,audit.csv,uuid:8538b3c1-fbbe-4925-a851-140bb6be9057,2021-08-18-timeflow-T-F0010-P0211,uuid:8538b3c1-fbbe-4925-a851-140bb6be9057,322,Timeflow RA,1,1,,,collect:ztRMhQAeZZZuNDgm
2021-08-19T05:13:47.237Z,2021-08-17,2021-08-17T09:37:44.635+03:00,2021-08-19T08:07:09.184+03:00,collect:ztRMhQAeZZZuNDgm,,,,Kaliua,F0010,Ulyankulu,1,T,,OK,2021-08-17T09:42:19.859+03:00,18856.279396516205,09:42:19,,,19,19,2021-08-17T13:56:54.569+03:00,18856.456187141204,13:56:54,255, 1. waiting from 09:42:34 to 09:49:17<br/> 2. registration from 09:49:19 to 09:50:42<br/> 3. walking from 09:50:46 to 09:50:50<br/> 4. Research Assistant  from 09:50:53 to 09:51:46<br/> 5. walking from 09:51:48 to 09:52:19<br/> 6. waiting from 09:52:23 to 10:18:57<br/> 7. walking from 10:19:11 to 10:19:14<br/> 8. consultation from 10:19:16 to 10:23:47<br/> 9. walking from 10:23:49 to 10:25:10<br/> 10. waiting from 10:25:11 to 10:59:06<br/> 11. laboratory testing from 10:59:11 to 11:00:38<br/> 12. waiting from 11:00:45 to 11:41:17<br/> 13. walking from 11:41:19 to 11:42:12<br/> 14. waiting from 11:42:16 to 13:12:14<br/> 15. consultation from 13:12:17 to 13:13:40<br/> 16. walking from 13:13:41 to 13:14:07<br/> 17. waiting from 13:14:09 to 13:54:23<br/> 18. pharmacy from 13:54:25 to 13:55:28<br/> 19. Research Assistant  from 13:55:39 to 13:56:54,,,T-F0010-P0198,T-F0010-P0198,,,,,,,,-The Clinical Officer couldn't use the purse oxymeter despite trying several times because the child was crying and restless and he couldn't calm her down.,,audit.csv,uuid:16b98e4f-ac5c-4b88-8de3-13f0c67e49f1,2021-08-17-timeflow-T-F0010-P0198,uuid:16b98e4f-ac5c-4b88-8de3-13f0c67e49f1,322,Timeflow RA,1,1,,,collect:ztRMhQAeZZZuNDgm
2021-08-19T05:13:45.412Z,2021-08-16,2021-08-16T10:26:44.607+03:00,2021-08-19T08:03:10.111+03:00,collect:ztRMhQAeZZZuNDgm,,,,Kaliua,F0010,Ulyankulu,1,T,,OK,2021-08-16T10:27:13.684+03:00,18855.310575046296,10:27:13,,,13,13,2021-08-16T13:51:43.183+03:00,18855.452583136575,13:51:43,204, 1. walking from 10:31:50 to 10:31:53<br/> 2. IHI-RA from 10:31:57 to 10:51:17<br/> 3. walking from 10:51:19 to 10:51:22<br/> 4. waiting from 10:51:24 to 13:11:27<br/> 5. consultation from 13:11:28 to 13:34:37<br/> 6. walking from 13:34:38 to 13:34:49<br/> 7. waiting from 13:34:50 to 13:35:34<br/> 8. pharmacy from 13:35:39 to 13:39:04<br/> 9. walking from 13:39:05 to 13:39:08<br/> 10. Dressing Room from 13:39:13 to 13:48:22<br/> 11. walking from 13:49:38 to 13:49:21<br/> 12. waiting from 13:49:43 to 13:51:27<br/> 13. RA from 13:51:32 to 13:51:43,,,T-F0038-P0137,T-F0038-P0137,,,,,,,,"Since the Clinical Officer was not around, waiting queues were longer than usual and consultation was done by the Enrolled Nurse.
Dispensing and Dressing was done by the Medical Attendant.",,audit.csv,uuid:260dca23-57f3-43b8-8ee6-411783c89c45,2021-08-16-timeflow-T-F0038-P0137,uuid:260dca23-57f3-43b8-8ee6-411783c89c45,322,Timeflow RA,1,1,,,collect:ztRMhQAeZZZuNDgm
2021-08-18T20:28:48.518Z,2021-08-18,2021-08-18T10:11:10.893+03:00,2021-08-18T23:28:12.689+03:00,collect:zwYTuAbn9i6xhSHq,,,,Kaliua,F0010,Ulyankulu,1,T,,OK,2021-08-18T10:11:20.977+03:00,18857.29954834491,10:11:20,,,24,24,2021-08-18T12:21:08.898+03:00,18857.389686319446,12:21:08,130, 1. waiting from 10:11:28 to 10:11:57<br/> 2. registration from 10:11:59 to 10:13:52<br/> 3. walking from 10:13:53 to 10:14:03<br/> 4. RA TIMCI enrollment from 10:14:05 to 10:26:08<br/> 5. walking from 10:26:10 to 10:26:36<br/> 6. waiting from 10:26:38 to 10:32:26<br/> 7. walking from 10:32:49 to 10:33:07<br/> 8. waiting from 10:33:14 to 10:34:08<br/> 9. RCH clinic from 10:34:10 to 10:35:52<br/> 10. walking from 10:35:53 to 10:36:19<br/> 11. waiting from 10:36:20 to 10:39:32<br/> 12. consultation from 10:39:36 to 10:41:50<br/> 13. walking from 10:41:53 to 10:43:10<br/> 14. waiting from 10:43:12 to 11:06:09<br/> 15. walking from 11:06:10 to 11:06:18<br/> 16. laboratory testing from 11:06:21 to 11:08:37<br/> 17. waiting from 11:08:41 to 11:30:33<br/> 18. walking from 11:30:34 to 11:31:54<br/> 19. waiting from 11:31:56 to 11:55:09<br/> 20. consultation from 11:55:10 to 11:57:44<br/> 21. walking from 11:57:45 to 11:58:15<br/> 22. waiting from 11:58:16 to 12:18:45<br/> 23. pharmacy from 12:18:51 to 12:19:42<br/> 24. TIMCI RA from 12:19:45 to 12:21:08,,,T-F0010-P0210,T-F0010-P0210,,,,,,,,"-The RA asked a  few questions to the caregiver before registration to check eligibility for enrollment 
-While in the consultation waiting area the caregiver/ patient went to RCH before entering the consultation room to update the RCH1 card (Bwt, vit A, Tb screening done)
- There was a long waiting line at the lab due to lab referrals from dispensaries  in the community for ANC investigations.
- In the lab MRDT done and caregiver came with stool sample from home in matchbox.
- Long waiting line at dispensing area because the HCP was not around.",,audit.csv,uuid:a99f0d47-33f0-4cc6-8225-341a95a40b01,2021-08-18-timeflow-T-F0010-P0210,uuid:a99f0d47-33f0-4cc6-8225-341a95a40b01,322,Timeflow RA,1,1,,,collect:zwYTuAbn9i6xhSHq
2021-08-18T20:28:48.102Z,2021-08-17,2021-08-17T09:32:02.899+03:00,2021-08-18T23:28:05.080+03:00,collect:zwYTuAbn9i6xhSHq,,,,Kaliua,F0010,Ulyankulu,1,T,,OK,2021-08-17T09:32:16.812+03:00,18856.272416805554,09:32:16,,,30,30,2021-08-17T13:54:01.208+03:00,18856.454180648147,13:54:01,262, 1. walking from 09:32:22 to 09:32:35<br/> 2. waiting from 09:32:37 to 09:41:43<br/> 3. walking from 09:41:45 to 09:41:50<br/> 4. registration from 09:41:52 to 09:44:14<br/> 5. waiting from 09:44:19 to 09:47:07<br/> 6. walking from 09:47:10 to 09:48:43<br/> 7. TB screening from 09:48:48 to 09:52:27<br/> 8. waiting from 09:52:29 to 10:29:07<br/> 9. walking from 10:29:10 to 10:29:14<br/> 10. consultation from 10:29:17 to 10:33:52<br/> 11. waiting from 10:33:54 to 10:37:09<br/> 12. walking from 10:37:10 to 10:39:02<br/> 13. waiting from 10:39:06 to 11:00:28<br/> 14. laboratory testing from 11:00:32 to 11:04:28<br/> 15. waiting from 11:04:29 to 11:06:46<br/> 16. walking from 11:06:47 to 11:08:39<br/> 17. waiting from 11:08:41 to 11:15:49<br/> 18. walking from 11:15:50 to 11:17:47<br/> 19. laboratory testing from 11:17:52 to 11:19:13<br/> 20. waiting from 11:19:15 to 11:39:58<br/> 21. walking from 11:40:00 to 11:41:22<br/> 22. waiting from 11:41:23 to 13:00:15<br/> 23. walking from 13:00:20 to 13:00:31<br/> 24. consultation from 13:00:33 to 13:02:21<br/> 25. waiting from 13:02:23 to 13:09:54<br/> 26. walking from 13:09:55 to 13:10:33<br/> 27. waiting from 13:10:34 to 13:50:47<br/> 28. pharmacy from 13:50:49 to 13:51:09<br/> 29. waiting from 13:51:10 to 13:53:03<br/> 30. TIMCI RA finalizing the questionnaire from 13:53:05 to 13:54:01,,,T-F0010-P0193,T-F0010-P0193,,,,,,,,"The caregiver had 3 sick children, only 1 eligible for enrollment in TIMCI
Registration service window opened at 0915hrs
Time flow recorded after enrollment in TIMCI by RA
Tb screening done because it's the first time the patient is treated in the facility 
While waiting for 2nd consultation the clinician wasn't in the consultation room until 1210hrs
While waiting at the dispensing area there was no HCP until 1350hrs",,audit.csv,uuid:04bcbdca-b5b6-4189-992a-5ae3765c5441,2021-08-17-timeflow-T-F0010-P0193,uuid:04bcbdca-b5b6-4189-992a-5ae3765c5441,322,Timeflow RA,1,1,,,collect:zwYTuAbn9i6xhSHq
2021-08-18T20:28:47.471Z,2021-08-16,2021-08-16T10:29:51.339+03:00,2021-08-18T23:27:57.364+03:00,collect:zwYTuAbn9i6xhSHq,,,,Kaliua,F0083,Bukemba,2,T,,OK,2021-08-16T10:30:03.141+03:00,18855.312536354166,10:30:03,,,15,15,2021-08-16T14:17:54.344+03:00,18855.47076787037,14:17:54,228, 1. waiting from 10:30:12 to 10:51:11<br/> 2. walking from 10:51:12 to 10:51:21<br/> 3. TIMCI Enrollment from 10:51:22 to 11:10:48<br/> 4. walking from 11:10:49 to 11:10:56<br/> 5. waiting from 11:10:57 to 13:33:45<br/> 6. walking from 13:33:47 to 13:34:05<br/> 7. waiting from 13:34:10 to 13:36:53<br/> 8. walking from 13:36:55 to 13:37:02<br/> 9. consultation from 13:37:05 to 14:09:20<br/> 10. walking from 14:09:24 to 14:09:40<br/> 11. waiting from 14:09:43 to 14:10:24<br/> 12. pharmacy from 14:10:26 to 14:14:13<br/> 13. walking from 14:14:17 to 14:14:30<br/> 14. waiting from 14:14:32 to 14:15:02<br/> 15. Complete questionnaire TIMCI RA from 14:15:04 to 14:17:54,,,T-F0083-P0138,T-F0083-P0138,,,,,,,,"Dispensary crowded since it doesn't open during the weekends
CO not around due to administrative activities
Consultation was done by EN instead of CO
The EN started providing services at the ANC, followed by dressing room, then Consultation.
Priority given to elderly patients
Registration done in consultation room 
Lab tests (MRDT and PITC) done in consultation room
Dispensing of meds done by MA.",,audit.csv,uuid:63ba1773-d340-4ea0-bddb-03be8b8587dd,2021-08-16-timeflow-T-F0083-P0138,uuid:63ba1773-d340-4ea0-bddb-03be8b8587dd,322,Timeflow RA,1,1,,,collect:zwYTuAbn9i6xhSHq
2021-08-18T20:28:46.844Z,2021-08-10,2021-08-10T09:24:31.857+03:00,2021-08-18T23:27:48.162+03:00,collect:zwYTuAbn9i6xhSHq,,,,Kaliua,F0010,Ulyankulu,1,T,,OK,2021-08-10T09:24:46.800+03:00,18849.267208333335,09:24:46,,,26,26,2021-08-10T13:25:33.873+03:00,18849.43441982639,13:25:33,241, 1. walking from 09:24:52 to 09:25:06<br/> 2. waiting from 09:25:08 to 09:46:01<br/> 3. walking from 09:46:03 to 09:46:06<br/> 4. registration from 09:46:08 to 09:46:56<br/> 5. walking from 09:47:00 to 09:47:42<br/> 6. waiting from 09:47:45 to 09:50:21<br/> 7. walking from 09:50:22 to 09:50:29<br/> 8. consultation from 09:50:32 to 09:57:31<br/> 9. walking from 09:57:33 to 09:58:45<br/> 10. waiting from 09:58:47 to 10:05:46<br/> 11. walking from 10:05:48 to 10:06:06<br/> 12. laboratory testing from 10:06:09 to 10:10:54<br/> 13. walking from 10:12:48 to 10:12:55<br/> 14. waiting from 10:19:59 to 10:24:16<br/> 15. walking from 10:24:18 to 10:26:14<br/> 16. waiting from 10:26:15 to 10:27:49<br/> 17. walking from 10:27:50 to 10:28:34<br/> 18. Stool and urine sample collection from 10:28:36 to 10:46:52<br/> 19. walking from 10:47:23 to 10:48:17<br/> 20. waiting from 10:48:19 to 11:32:39<br/> 21. walking from 11:32:41 to 11:33:41<br/> 22. waiting from 11:33:43 to 12:59:20<br/> 23. consultation from 12:59:22 to 13:06:12<br/> 24. walking from 13:06:13 to 13:06:56<br/> 25. waiting from 13:06:57 to 13:24:27<br/> 26. pharmacy from 13:24:30 to 13:25:33,,,T-F0010-P0115,T-F0010-P0115,,,,,,,,"The registration area opened around 0900hrs
Crowded 
Matchbox for stool collection has to be bought in HC kiosk
Lab tests, samples collected first for all patients at that particular day and results given out at once for all patients (only one lab technician)
Urine and stool sample collection from pt done under a tree
During second consultation after lab results were out, the clinician was not in the consultation room for more than an hour
The patient waited in the dispensing area for a few minutes since there was no HCP",,audit.csv,uuid:40ecef80-d668-466a-8b6d-b1b3342af214,2021-08-10-timeflow-T-F0010-P0115,uuid:40ecef80-d668-466a-8b6d-b1b3342af214,322,Timeflow RA,1,1,,,collect:zwYTuAbn9i6xhSHq
2021-08-18T19:57:12.367Z,2021-08-18,2021-08-18T11:56:27.365+03:00,2021-08-18T22:54:29.157+03:00,collect:hXDXPLczrvk9OyH1,,,,Sengerema,F0022,Mwabaluhi,1,T,,OK,2021-08-18T11:56:33.600+03:00,18857.37261111111,11:56:33,,,15,15,2021-08-18T13:32:09.990+03:00,18857.43900451389,13:32:09,96, 1. walking from 11:56:39 to 11:57:02<br/> 2. waiting from 11:57:05 to 12:02:23<br/> 3. triage from 12:02:24 to 12:13:36<br/> 4. walking from 12:13:38 to 12:14:02<br/> 5. waiting from 12:14:04 to 12:34:38<br/> 6. registration from 12:34:40 to 12:36:28<br/> 7. consultation from 12:36:44 to 12:59:23<br/> 8. walking from 12:59:26 to 13:00:28<br/> 9. waiting from 13:00:31 to 13:12:57<br/> 10. Injection from 13:13:01 to 13:16:52<br/> 11. walking from 13:17:07 to 13:17:33<br/> 12. waiting from 13:17:35 to 13:21:08<br/> 13. consultation from 13:21:10 to 13:30:17<br/> 14. walking from 13:30:18 to 13:30:24<br/> 15. pharmacy from 13:30:27 to 13:32:09,,,T-F0022-P0059,T-F0022-P0059,,,,,,,,"Consultation was done by Registered nurse. 
Registration and consultation were done in consultation room. During consultation round two the registered nurse use both pox and IMCI guideline. ",,audit.csv,uuid:101b9ae9-4a0b-493e-9902-d5ce0635c2ed,2021-08-18-timeflow-T-F0022-P0059,uuid:101b9ae9-4a0b-493e-9902-d5ce0635c2ed,322,Timeflow RA,1,1,,,collect:hXDXPLczrvk9OyH1
2021-08-18T19:57:11.443Z,2021-08-18,2021-08-18T10:12:30.449+03:00,2021-08-18T22:50:35.821+03:00,collect:hXDXPLczrvk9OyH1,,,,Sengerema,F0022,Mwabaluhi,1,T,,OK,2021-08-18T10:14:27.770+03:00,18857.301710300926,10:14:27,,,10,10,2021-08-18T10:48:14.482+03:00,18857.32516761574,10:48:14,34, 1. walking from 10:14:33 to 10:15:47<br/> 2. waiting from 10:15:52 to 10:23:29<br/> 3. triage from 10:23:32 to 10:30:26<br/> 4. walking from 10:30:29 to 10:30:46<br/> 5. waiting from 10:30:51 to 10:33:34<br/> 6. registration from 10:33:40 to 10:34:32<br/> 7. consultation from 10:34:38 to 10:42:40<br/> 8. walking from 10:42:42 to 10:43:11<br/> 9. waiting from 10:43:13 to 10:46:48<br/> 10. pharmacy from 10:46:54 to 10:48:14,,,T-F0022-P0057,T-F0022-P0057,,,,,,,,"Consultation was done by Registered nurse. 
Both registration and consultation were done in consultation room. 
Registered nurse did not use neither pox nor IMCI guideline.",,audit.csv,uuid:bd63bcab-6f2d-4a90-b8ec-57d11f6dc5af,2021-08-18-timeflow-T-F0022-P0057,uuid:bd63bcab-6f2d-4a90-b8ec-57d11f6dc5af,322,Timeflow RA,1,1,,,collect:hXDXPLczrvk9OyH1
2021-08-18T19:57:10.354Z,2021-08-18,2021-08-18T11:09:27.696+03:00,2021-08-18T22:16:06.739+03:00,collect:hXDXPLczrvk9OyH1,,,,Sengerema,F0022,Mwabaluhi,1,T,,OK,2021-08-18T11:09:39.719+03:00,18857.34004304398,11:09:39,,,9,9,2021-08-18T11:45:30.093+03:00,18857.364931631946,11:45:30,36, 1. walking from 11:09:44 to 11:10:28<br/> 2. waiting from 11:10:29 to 11:26:21<br/> 3. triage from 11:26:23 to 11:27:04<br/> 4. walking from 11:27:06 to 11:27:27<br/> 5. waiting from 11:27:28 to 11:35:07<br/> 6. registration from 11:35:09 to 11:36:33<br/> 7. consultation from 11:36:36 to 11:42:15<br/> 8. walking from 11:42:21 to 11:43:51<br/> 9. pharmacy from 11:45:03 to 11:45:30,,,T-F0022-P0036,T-F0022-P0036,,,,,,,,"Consultation was done by Registered nurse.
Both registration and consultation were done in consultation room.
During consultation registered nurse did not prescribe any medicine instead educated the caregiver about maintaining cleaness of patient clothes as the only medication for scabies of a patient .
After consultation caregiver with a patient return file at dispensing.
",,audit.csv,uuid:9f530065-5cfc-4e73-9776-cb9f78b04c8b,2021-08-18-timeflow-T-F0022-P0036,uuid:9f530065-5cfc-4e73-9776-cb9f78b04c8b,322,Timeflow RA,1,1,,,collect:hXDXPLczrvk9OyH1
2021-08-18T17:06:14.078Z,2021-08-16,2021-08-16T11:13:46.299+03:00,2021-08-18T20:06:07.176+03:00,collect:UHSjYBthqG4RxIqq,,,,Kaliua,F0083,Bukemba,2,T,,OK,2021-08-16T11:14:24.630+03:00,18855.343340625,11:14:24,,,17,17,2021-08-16T15:09:13.013+03:00,18855.506400613427,15:09:13,235, 1. walking from 11:14:28 to 11:14:32<br/> 2. waiting from 19:34:12 to 11:15:51<br/> 3. walking from 19:33:47 to 11:16:05<br/> 4. TIMCI area for enrollment from 19:37:23 to 11:28:16<br/> 5. walking from 11:28:19 to 11:28:23<br/> 6. waiting from 11:28:26 to 14:17:44<br/> 7. walking from 14:17:49 to 14:18:08<br/> 8. consultation from 14:18:13 to 14:45:17<br/> 9. walking from 14:45:19 to 14:45:25<br/> 10. walking from 19:38:47 to 14:54:31<br/> 11. Caregiver moved with  medical attendant in  the RA room  whereby the MA checked again oxygen concentration  using POX tool  from 14:54:36 to 14:55:25<br/> 12. walking from 14:56:16 to 14:56:23<br/> 13. consultation from 14:56:25 to 14:59:26<br/> 14. walking from 14:59:28 to 14:59:30<br/> 15. pharmacy from 14:59:34 to 15:03:34<br/> 16. walking from 15:03:37 to 15:03:40<br/> 17. RA room to finalise enrollment processes from 15:05:22 to 15:09:13,,,T-F0083-P0139,T-F0083-P0139,,,,,,,,"Waiting area
-Patiets were crowded both at RCH, Antenatal and OPD areas. 

Consultation  area
- Cliician was out of the office,so patients were attended  by Enroed Nurse - EN who was doing first Antenatal  services.
-She tried to use eCDSA at first it was loading then she managed  
to use it
- POX readings  was 85 so she was planning  to make referral

While caregiver  walking to go pharmacy  to take some medications, she interacted with medical attendant  and decided  to go at RA room to check  again  Oxygen  using POX 
And shared the readings  97 with EN at consultation  area 
",,audit.csv,uuid:e3c416ae-1d97-4b44-8a82-0deb658a76c0,2021-08-16-timeflow-T-F0083-P0139,uuid:e3c416ae-1d97-4b44-8a82-0deb658a76c0,322,Timeflow RA,1,1,,,collect:UHSjYBthqG4RxIqq
2021-08-18T16:27:19.670Z,2021-08-17,2021-08-17T09:40:35.084+03:00,2021-08-18T19:26:47.934+03:00,collect:UHSjYBthqG4RxIqq,,,,Kaliua,F0083,Bukemba,2,T,,OK,2021-08-17T09:40:45.301+03:00,18856.278302094906,09:40:45,,,25,25,2021-08-17T13:04:39.575+03:00,18856.419902488426,13:04:39,204, 1. waiting from 09:41:00 to 09:52:23<br/> 2. registration from 09:52:26 to 09:53:33<br/> 3. walking from 09:54:22 to 09:54:26<br/> 4. RA for enrollment from 09:54:31 to 09:56:01<br/> 5. TB/HIV Station for screening the child from 09:56:09 to 09:57:38<br/> 6. walking from 09:57:40 to 09:57:45<br/> 7. waiting from 09:57:51 to 10:37:13<br/> 8. walking from 10:37:16 to 10:37:19<br/> 9. consultation from 10:37:21 to 10:48:56<br/> 10. walking from 10:48:57 to 10:49:00<br/> 11. waiting from 10:49:16 to 11:08:19<br/> 12. walking from 11:08:21 to 11:08:27<br/> 13. laboratory testing from 11:08:30 to 11:10:32<br/> 14. walking from 11:10:34 to 11:10:43<br/> 15. waiting from 11:10:47 to 11:33:27<br/> 16. waiting from 11:33:29 to 11:39:42<br/> 17. walking from 11:39:44 to 11:41:11<br/> 18. laboratory testing from 12:56:24 to 12:56:04<br/> 19. walking from 12:56:08 to 12:56:33<br/> 20. consultation from 12:56:36 to 12:58:22<br/> 21. walking from 12:58:41 to 12:59:12<br/> 22. waiting from 12:59:29 to 12:59:46<br/> 23. pharmacy from 12:59:50 to 13:00:12<br/> 24. Back to RA to finalise enrollment process from 13:00:22 to 13:04:35<br/> 25. walking from 13:04:37 to 13:04:39,,,T-F0010-P0199,T-F0010-P0199,,,,,,,,"Consultation rooms  situated in OPD block however the Laboratory block is a bit far from consultation  rooms so patients need to walk and there is no interconnections corridors between departments.

The RA screen is very  close to the service window  of dispensing  room",,audit.csv,uuid:a892270a-a8df-4e16-938f-2e825fbb3b93,2021-08-17-timeflow-T-F0010-P0199,uuid:a892270a-a8df-4e16-938f-2e825fbb3b93,322,Timeflow RA,1,1,,,collect:UHSjYBthqG4RxIqq
2021-08-18T15:56:44.323Z,2021-08-18,2021-08-18T11:48:41.962+03:00,2021-08-18T18:56:38.482+03:00,collect:gzYxlkVsmLsQ9cx2,,,,Tanga,F0029,Mpirani,1,T,,OK,2021-08-18T11:48:54.423+03:00,18857.3672965625,11:48:54,,,11,11,2021-08-18T12:31:43.083+03:00,18857.397026423612,12:31:43,43, 1. registration from 11:49:01 to 11:50:04<br/> 2. walking from 11:50:08 to 11:50:15<br/> 3. laboratory testing from 11:50:19 to 11:50:50<br/> 4. walking from 11:51:00 to 11:51:04<br/> 5. waiting from 11:51:06 to 12:22:08<br/> 6. walking from 12:22:12 to 12:22:18<br/> 7. laboratory testing from 12:22:23 to 12:24:29<br/> 8. walking from 12:24:32 to 12:24:51<br/> 9. waiting from 12:24:54 to 12:26:45<br/> 10. walking from 12:26:47 to 12:26:54<br/> 11. pharmacy from 12:26:57 to 12:31:43,,T-F0029-P0062,,T-F0029-P0062,,,,,,,,"There was deviation from the norm as the patient  went straight to the labaratory  for testing and prescription, there was no consultation. ",,audit.csv,uuid:37fb7081-9dbd-44a7-b7e1-3f4386de6c45,2021-08-18-timeflow-T-F0029-P0062,uuid:37fb7081-9dbd-44a7-b7e1-3f4386de6c45,322,Timeflow RA,1,1,,,collect:gzYxlkVsmLsQ9cx2
2021-08-18T15:51:02.038Z,2021-08-18,2021-08-18T10:24:56.285+03:00,2021-08-18T18:44:22.380+03:00,collect:UHSjYBthqG4RxIqq,,,,Kaliua,F0010,Ulyankulu,1,T,,OK,2021-08-18T10:25:20.552+03:00,18857.30926564815,10:25:20,,,20,20,2021-08-18T12:22:42.571+03:00,18857.390770497685,12:22:42,117, 1. waiting from 10:25:25 to 10:42:19<br/> 2. registration from 10:42:21 to 10:43:45<br/> 3. walking from 10:43:47 to 10:43:52<br/> 4. consultation from 18:25:05 to 10:44:32<br/> 5. walking from 10:44:35 to 10:44:39<br/> 6. waiting from 10:44:42 to 10:57:47<br/> 7. consultation from 10:57:49 to 11:04:41<br/> 8. walking from 11:04:50 to 11:06:58<br/> 9. waiting from 11:06:59 to 11:21:13<br/> 10. laboratory testing from 11:21:20 to 11:21:51<br/> 11. waiting from 11:59:07 to 12:03:24<br/> 12. walking from 12:03:27 to 12:03:33<br/> 13. consultation from 12:03:38 to 12:05:02<br/> 14. walking from 12:05:05 to 12:05:41<br/> 15. waiting from 12:05:43 to 12:20:39<br/> 16. walking from 12:20:41 to 12:20:44<br/> 17. pharmacy from 12:20:46 to 12:20:56<br/> 18. walking from 12:20:58 to 12:21:04<br/> 19. RA station to finalise  enrollment from 12:21:07 to 12:22:26<br/> 20. walking from 12:22:34 to 12:22:42,,,T-F0010-P0206,T-F0010-P0206,,,,,,,,"In  the waiting  area  
-  few number  of  patients seen in waiting  lines.

In consultation  area
-  a bit number  of patients   around tens with big number  of elders observed.
- clinician was keep on changing POX equipment 3x  on big toe, thumb then big toe.
- Staff staff interactions observed in consultation  room. 

In laboratory  area 
-  there were no many patients in the waiting  area
-  only blood sample tested.

On the  way to  the second round consultation  the caregiver  stopped to change her baby diaper.",,audit.csv,uuid:6083bc1a-b383-4c7b-a0df-5bd31a9f9938,2021-08-18-timeflow-T-F0010-P0206,uuid:6083bc1a-b383-4c7b-a0df-5bd31a9f9938,322,Timeflow RA,1,1,,,collect:UHSjYBthqG4RxIqq
2021-08-18T15:50:58.919Z,2021-07-31,2021-07-31T15:40:20.536+03:00,2021-08-01T22:17:31.103+03:00,collect:UHSjYBthqG4RxIqq,,,,Sengerema,F0019,Isole,1,T,,OK,2021-07-31T15:41:11.331+03:00,18839.528603368057,15:41:11,,,18,18,2021-07-31T15:54:47.040+03:00,18839.538044444445,15:54:47,14, 1. walking from 15:41:33 to 15:41:37<br/> 2. registration from 15:41:40 to 15:41:59<br/> 3. walking from 15:42:57 to 15:43:00<br/> 4. triage from 15:43:16 to 15:43:21<br/> 5. walking from 15:43:53 to 15:43:37<br/> 6. consultation from 15:44:00 to 15:45:35<br/> 7. walking from 15:46:01 to 15:46:06<br/> 8. laboratory testing from 15:46:11 to 15:48:04<br/> 9. waiting from 15:48:08 to 15:48:31<br/> 10. walking from 15:48:50 to 15:48:56<br/> 11. triage from 15:49:14 to 15:49:58<br/> 12. triage from 15:50:02 to 15:50:41<br/> 13. walking from 15:50:46 to 15:50:53<br/> 14. waiting from 15:51:16 to 15:52:11<br/> 15. consultation from 15:52:37 to 15:53:00<br/> 16. walking from 15:53:03 to 15:53:32<br/> 17. pharmacy from 15:53:38 to 15:53:54<br/> 18. pharmacy from 15:54:44 to 15:54:47,,T-F0031-P0001,,T-F0031-P0001,,,,,,,,,,audit.csv,uuid:fe7c52d0-cec0-4049-b09a-a3ab39375c10,2021-07-31-timeflow-T-F0031-P0001,uuid:fe7c52d0-cec0-4049-b09a-a3ab39375c10,322,Timeflow RA,1,1,,,collect:UHSjYBthqG4RxIqq
2021-08-18T15:47:31.053Z,2021-08-18,2021-08-18T12:31:41.101+03:00,2021-08-18T18:46:39.139+03:00,collect:KL6eqMJPrsN1Gz8G,,,,Tanga,F0101,Mwakidila,2,T,,OK,2021-08-18T12:31:46.528+03:00,18857.397066296297,12:31:46,,,6,6,2021-08-18T13:56:14.659+03:00,18857.45572521991,13:56:14,84, 1. waiting from 12:32:13 to 12:34:00<br/> 2. registration from 12:34:03 to 12:36:06<br/> 3. waiting from 12:36:09 to 13:46:10<br/> 4. consultation from 13:46:15 to 13:55:09<br/> 5. walking from 13:55:15 to 13:55:45<br/> 6. pharmacy from 13:55:48 to 13:56:14,,,T-F0101-P0114,T-F0101-P0114,,,,,,,,The caregiver used alot of time waiting for consultation because there was only one careprovider(AMO) responsible for consultation,,audit.csv,uuid:a72a2b3a-5eff-4ebc-b2fd-154c1a186649,2021-08-18-timeflow-T-F0101-P0114,uuid:a72a2b3a-5eff-4ebc-b2fd-154c1a186649,322,Timeflow RA,1,1,,,collect:KL6eqMJPrsN1Gz8G
2021-08-18T15:47:30.565Z,2021-08-18,2021-08-18T11:04:17.966+03:00,2021-08-18T18:46:02.863+03:00,collect:KL6eqMJPrsN1Gz8G,,,,Tanga,F0101,Mwakidila,2,T,,OK,2021-08-18T11:04:24.248+03:00,18857.336391759258,11:04:24,,,8,8,2021-08-18T11:55:16.955+03:00,18857.371724016204,11:55:16,51, 1. waiting from 11:04:30 to 11:04:52<br/> 2. registration from 11:04:54 to 11:06:09<br/> 3. waiting from 11:06:14 to 11:36:55<br/> 4. walking from 11:36:57 to 11:37:26<br/> 5. waiting from 11:37:29 to 11:39:33<br/> 6. consultation from 11:39:51 to 11:53:45<br/> 7. walking from 11:53:50 to 11:54:41<br/> 8. pharmacy from 11:54:44 to 11:55:16,,,T-F0101-P0094,T-F0101-P0094,,,,,,,,The care provider walked after waiting for consultation as she took the child to the water tap to drink water,,audit.csv,uuid:1ab1c6f8-bfc1-4100-9621-990364eeff39,2021-08-18-timeflow-T-F0101-P0094,uuid:1ab1c6f8-bfc1-4100-9621-990364eeff39,322,Timeflow RA,1,1,,,collect:KL6eqMJPrsN1Gz8G
2021-08-18T15:44:28.769Z,2021-08-18,2021-08-18T11:42:46.146+03:00,2021-08-18T18:44:26.353+03:00,collect:6kV6tIFNLPVLBqIW,,,,Tanga,F0101,Mwakidila,2,T,,OK,2021-08-18T11:42:53.491+03:00,18857.363119108795,11:42:53,,,11,11,2021-08-18T13:47:25.109+03:00,18857.449596168983,13:47:25,125, 1. waiting from 15:37:54 to 11:43:20<br/> 2. registration from 11:43:21 to 11:46:01<br/> 3. waiting from 11:46:04 to 13:05:29<br/> 4. consultation from 13:05:32 to 13:06:56<br/> 5. laboratory testing from 13:10:07 to 13:14:15<br/> 6. waiting from 13:14:17 to 13:25:51<br/> 7. walking from 13:25:53 to 13:27:04<br/> 8. waiting from 13:27:06 to 13:38:10<br/> 9. consultation from 13:38:13 to 13:45:58<br/> 10. walking from 13:46:00 to 13:46:36<br/> 11. pharmacy from 15:40:13 to 13:47:25,,,T-F0101-P0095,T-F0101-P0095,,,,,,,,The caregiver/patient waited a long time before entering the consultation room as only one doctor was available today and they were many patients,,audit.csv,uuid:e30d2b31-3af6-4814-8854-c6ac80736b86,2021-08-18-timeflow-T-F0101-P0095,uuid:e30d2b31-3af6-4814-8854-c6ac80736b86,322,Timeflow RA,1,1,,,collect:6kV6tIFNLPVLBqIW
2021-08-17T18:45:29.701Z,2021-07-31,2021-07-31T14:17:06.719+03:00,2021-07-31T15:39:23.196+03:00,collect:KL6eqMJPrsN1Gz8G,,,,Kaliua,F0001,Igombe 56,1,T,,OK,2021-07-31T14:54:05.001+03:00,18839.495891215276,14:54:05,,,15,15,2021-07-31T15:11:11.564+03:00,18839.507772731482,15:11:11,17, 1. kutembea from 14:55:44 to 14:56:31<br/> 2. triage from 14:58:41 to 15:01:51<br/> 3. kutembea from 15:01:54 to 15:02:30<br/> 4. mashauriano from 15:02:35 to 15:03:44<br/> 5. kutembea from 15:03:50 to 15:04:27<br/> 6. vipimo vya maabara from 15:04:29 to 15:05:38<br/> 7. kutembea from 15:05:46 to 15:05:48<br/> 8. mashauriano from 15:05:50 to 15:06:28<br/> 9. kutembea from 15:06:30 to 15:06:43<br/> 10. usajili from 15:06:57 to 15:07:10<br/> 11. kutembea from 15:07:23 to 15:07:32<br/> 12. duka la dawa from 15:07:37 to 15:08:33<br/> 13. kutembea from 15:08:37 to 15:08:44<br/> 14. kusubiri from 15:08:46 to 15:09:41<br/> 15. Chumba cha sindano from 15:10:39 to 15:11:11,,T-F0031-P0001,,T-F0031-P0001,,,,,,,,,,audit.csv,uuid:c5e1a23d-46db-4ad3-b5a1-33d971d94cc0,2021-07-31-timeflow-T-F0031-P0001,uuid:c5e1a23d-46db-4ad3-b5a1-33d971d94cc0,322,Timeflow RA,1,1,,,collect:KL6eqMJPrsN1Gz8G
2021-08-03T07:45:04.991Z,2021-07-31,2021-07-31T14:49:01.651+03:00,2021-07-31T15:40:11.101+03:00,collect:UHSjYBthqG4RxIqq,,,,Kaliua,F0001,Igombe 56,1,T,,OK,2021-07-31T14:54:05.243+03:00,18839.495894016203,14:54:05,,,16,16,2021-07-31T15:14:39.162+03:00,18839.51017548611,15:14:39,21, 1. walking from 14:54:52 to 14:56:07<br/> 2. triage from 14:56:29 to 15:02:06<br/> 3. walking from 15:02:48 to 15:02:56<br/> 4. consultation from 15:03:15 to 15:04:03<br/> 5. walking from 15:04:28 to 15:04:36<br/> 6. laboratory testing from 15:04:40 to 15:05:38<br/> 7. walking from 15:05:42 to 15:05:46<br/> 8. consultation from 15:05:53 to 15:06:32<br/> 9. walking from 15:06:35 to 15:06:49<br/> 10. registration from 15:07:02 to 15:07:10<br/> 11. walking from 15:07:27 to 15:07:33<br/> 12. pharmacy from 15:07:39 to 15:07:41<br/> 13. walking from 15:09:52 to 15:08:38<br/> 14. waiting from 15:08:59 to 15:14:05<br/> 15. Injection room from 15:14:15 to 15:14:24<br/> 16. Analysis do from 15:14:29 to 15:14:39,,T-F0031-P0001,,T-F0031-P0001,,,,,,,,,,audit.csv,uuid:f0a9b6c2-e1dc-4da6-87b3-21f390560eab,2021-07-31-timeflow-T-F0031-P0001,uuid:f0a9b6c2-e1dc-4da6-87b3-21f390560eab,322,Timeflow RA,1,1,,,collect:UHSjYBthqG4RxIqq
2021-08-03T07:40:45.260Z,2021-07-31,2021-07-31T14:17:07.592+03:00,2021-07-31T15:39:23.710+03:00,collect:hXDXPLczrvk9OyH1,,,,Kaliua,F0001,Igombe 56,1,T,,OK,2021-07-31T14:54:06.489+03:00,18839.4959084375,14:54:06,,,16,16,2021-07-31T15:15:39.174+03:00,18839.510870069444,15:15:39,22, 1. kutembea from 14:55:19 to 14:55:26<br/> 2. triage from 14:56:14 to 14:57:10<br/> 3. kutembea from 15:02:11 to 15:02:33<br/> 4. mashauriano from 15:02:39 to 15:03:43<br/> 5. kutembea from 15:03:49 to 15:04:30<br/> 6. vipimo vya maabara from 15:04:34 to 15:05:37<br/> 7. kutembea from 15:05:39 to 15:05:43<br/> 8. mashauriano from 15:05:51 to 15:06:30<br/> 9. kutembea from 15:06:32 to 15:06:38<br/> 10. usajili / triage ya pamoja from 15:07:10 to 15:07:12<br/> 11. kutembea from 15:07:28 to 15:07:35<br/> 12. duka la dawa from 15:07:39 to 15:08:35<br/> 13. kutembea from 15:08:40 to 15:08:42<br/> 14. kusubiri from 15:09:03 to 15:09:43<br/> 15. Chumba cha sindano from 15:15:28 to 15:11:22<br/> 16. kutembea from 15:15:36 to 15:15:39,,T-F0031-P0001,,T-F0031-P0001,,,,,,,,,,audit.csv,uuid:1e5e2387-031f-4ec1-addc-59360b27e5e6,2021-07-31-timeflow-T-F0031-P0001,uuid:1e5e2387-031f-4ec1-addc-59360b27e5e6,322,Timeflow RA,1,1,,,collect:hXDXPLczrvk9OyH1
2021-08-03T07:38:24.225Z,2021-07-31,2021-07-31T14:21:19.272+03:00,2021-07-31T15:39:07.902+03:00,collect:Vm6WKqcHJDD3OmhV,,,,Kaliua,F0001,Igombe 56,1,T,,OK,2021-07-31T14:54:08.469+03:00,18839.495931354166,14:54:08,,,16,16,2021-07-31T15:11:17.527+03:00,18839.507841747683,15:11:17,17, 1. walking from 14:55:48 to 14:56:11<br/> 2. triage from 14:56:19 to 15:01:04<br/> 3. walking from 15:01:59 to 15:02:33<br/> 4. consultation from 15:03:15 to 15:03:45<br/> 5. walking from 15:03:47 to 15:04:05<br/> 6. laboratory testing from 15:04:14 to 15:04:19<br/> 7. walking from 15:05:40 to 15:05:42<br/> 8. consultation from 15:05:49 to 15:06:33<br/> 9. walking from 15:06:34 to 15:06:49<br/> 10. combined registration / triage from 15:07:02 to 15:07:12<br/> 11. walking from 15:07:14 to 15:07:31<br/> 12. pharmacy from 15:07:37 to 15:08:37<br/> 13. walking from 15:08:39 to 15:09:11<br/> 14. waiting from 15:09:13 to 15:09:45<br/> 15. Injection room from 15:10:43 to 15:11:01<br/> 16. Leaving from 15:12:17 to 15:11:17,,T-F0031-P0001,,T-F0031-P0001,,,,,,,,,,audit.csv,uuid:887c48e5-4325-4c30-80bf-d2139b476991,2021-07-31-timeflow-T-F0031-P0001,uuid:887c48e5-4325-4c30-80bf-d2139b476991,322,Timeflow RA,1,1,,,collect:Vm6WKqcHJDD3OmhV
