event,node,start,end,old-value,new-value,change-reason
form start,,1629445536278,,,,
group questions,/data/front_page,1629445536281,1629445537422,,,
group questions,/data/visit_start,1629445537436,1629445540720,,,
question,/data/visit_start/arrival,1629445537440,1629445540720,,OK,
question,/data/steps[1]/step_type,1629445540764,1629445619641,,1,
question,/data/steps[2]/step_type,1629445619669,1629449807272,,2,
question,/data/steps[3]/step_type,1629450955202,1629451768749,,4,
question,/data/steps[4]/step_type,1629451768800,1629451858273,,7,
question,/data/steps[5]/step_type,1629451858307,1629452014130,,5,
question,/data/steps[6]/step_type,1629452014161,1629453425532,,2,
question,/data/steps[7]/step_type,1629453425575,1629453514702,,7,
question,/data/steps[8]/step_type,1629453514735,1629453547697,,2,
question,/data/steps[2]/waiting/waiting_comment,1629453571491,1629453590820,For consultation ,For consultation (R1),
question,/data/steps[8]/step_end,1629453600514,1629454073029,,1,
question,/data/steps[9]/step_type,1629454073069,1629454529655,,4,
question,/data/steps[10]/step_type,1629454529709,1629454732975,,7,
question,/data/steps[11]/step_type,1629454733008,1629454790188,,2,
question,/data/steps[12]/step_type,1629454790230,1629454799083,,6,
group questions,/data/child_identification,1629454799116,1629454859304,,,
question,/data/child_identification/a1_a_4a,1629454799116,1629454859304,,T-F0101-P0102,
group questions,/data/summary,1629454859328,1629455191154,,,
question,/data/summary/comments,1629454859329,1629455191154,,"The patient spent along time waiting for consultation because there was only one careprovider for consultation in the facility 
The patient was not prescribed any medicines but she went to the pharmacy to talk to the Medical assistant 
The patient was attended ",
jump,,1629455191155,1629455193861,,,
end screen,,1629455193924,1629455196468,,,
form save,,1629455196704,,,,
form exit,,1629455196704,,,,
form resume,,1629491822598,,,,
jump,,1629491822598,1629491827007,,,
group questions,/data/front_page,1629491827032,1629491828844,,,
group questions,/data/visit_start,1629491828860,1629491832220,,,
group questions,/data/child_identification,1629491839768,1629491842807,,,
group questions,/data/summary,1629491842830,1629492733709,,,
question,/data/summary/comments,1629491842831,1629492733709,"The patient spent along time waiting for consultation because there was only one careprovider for consultation in the facility 
The patient was not prescribed any medicines but she went to the pharmacy to talk to the Medical assistant 
The patient was attended","The patient spent along time waiting for consultation because there was only one careprovider for consultation in the facility 
The patient was not prescribed any medicines but she went to the pharmacy to talk to the Medical assistant 
The patient was attended by AMREF personnel during consultation one and by AMO during consultation two 
The patient was referred to Bombo hospital ",
end screen,,1629492733749,1629492765966,,,
change reason,,1629492778588,,,,process verification 
form save,,1629492778975,,,,
form exit,,1629492778975,,,,
form finalize,,1629492778975,,,,
