event,node,start,end,old-value,new-value,change-reason
form start,,1629438613563,,,,
group questions,/data/front_page,1629438613567,1629438615196,,,
group questions,/data/visit_start,1629438615226,1629438623653,,,
question,/data/visit_start/arrival,1629438615246,1629438623653,,OK,
question,/data/steps[1]/step_type,1629438623692,1629438692976,,2,
question,/data/steps[2]/step_type,1629438693042,1629438717491,,1,
question,/data/steps[3]/step_type,1629438717531,1629438776131,,1,
question,/data/steps[4]/step_type,1629438776183,1629438814729,,1,
question,/data/steps[5]/step_type,1629438824465,1629438865763,,2,
group questions,/data/visit_start,1629438890076,1629438891845,,,
question,/data/steps[3]/step_type,1629438897092,1629438906008,1,7,
question,/data/steps[5]/waiting/waiting_comment,1629438909477,1629440484843,,For consultation ,
question,/data/steps[5]/step_end,1629438909477,1629440484843,,1,
question,/data/steps[6]/step_type,1629440484881,1629440834458,,4,
question,/data/steps[7]/step_type,1629440834505,1629440930346,,6,
group questions,/data/child_identification,1629440930379,1629440953344,,,
jump,,1629440953345,1629440956371,,,
end screen,,1629440956415,1629440962452,,,
form save,,1629440962681,,,,
form exit,,1629440962681,,,,
form resume,,1629465693008,,,,
jump,,1629465693008,1629465694830,,,
group questions,/data/front_page,1629465694849,1629465696345,,,
group questions,/data/visit_start,1629465696359,1629465696843,,,
group questions,/data/child_identification,1629465700528,1629465705280,,,
group questions,/data/visit_start,1629465725358,1629465726267,,,
group questions,/data/front_page,1629465726306,1629465727420,,,
group questions,/data/visit_start,1629465727436,1629465728273,,,
form resume,,1629490280065,,,,
jump,,1629490280065,1629490282171,,,
end screen,,1629490282195,1629490288461,,,
group questions,/data/summary,1629490288462,1629490294324,,,
group questions,/data/child_identification,1629490294385,1629490346130,,,
question,/data/child_identification/a1_a_4a,1629490294386,1629490346130,,T-F0101-P0118,
group questions,/data/summary,1629490346160,1629491760678,,,
question,/data/summary/comments,1629490346161,1629491760678,,"The careprovider responsible for consultation(AMO) was not present (was in administration meetings)at the facility so consultation was done by AMREF personnel 
The careprovider didn't use POX or CDSA during consultation because he is not trained ",
end screen,,1629491760731,1629491796557,,,
change reason,,1629491806322,,,,process verification 
form save,,1629491806751,,,,
form exit,,1629491806751,,,,
form finalize,,1629491806751,,,,
