event,node,start,end,old-value,new-value,change-reason
form start,,1629444864397,,,,
group questions,/data/front_page,1629444864398,1629444866278,,,
group questions,/data/visit_start,1629444866294,1629444894648,,,
question,/data/visit_start/fcode,1629444866298,1629444894648,F0022,F0087,
question,/data/visit_start/arrival,1629444866298,1629444894648,,OK,
question,/data/steps[1]/step_type,1629444894688,1629444963458,,7,
question,/data/steps[2]/step_type,1629444963489,1629445825480,,2,
question,/data/steps[3]/step_type,1629445825520,1629446029108,,1,
question,/data/steps[4]/step_type,1629446029141,1629446635778,,4,
question,/data/steps[5]/step_type,1629446635863,1629446810911,,2,
question,/data/steps[6]/step_type,1629446810955,1629446901949,,7,
question,/data/steps[7]/step_type,1629446901979,1629447554122,,2,
question,/data/steps[8]/step_type,1629447554160,1629447654549,,5,
question,/data/steps[9]/step_type,1629447654580,1629448125065,,2,
question,/data/steps[10]/step_type,1629448125108,1629448231849,,5,
question,/data/steps[11]/step_type,1629448231883,1629448323417,,7,
question,/data/steps[12]/step_type,1629448323452,1629448641956,,2,
question,/data/steps[13]/step_type,1629448641996,1629448656711,,7,
question,/data/steps[14]/step_type,1629448656742,1629448906666,,4,
question,/data/steps[15]/step_type,1629448906733,1629449034435,,2,
question,/data/steps[16]/step_type,1629449034476,1629449049430,,7,
question,/data/steps[17]/step_type,1629449049461,1629449537811,,6,
question,/data/steps[17]/step_end,1629449542082,1629449545534,1,2,
question,/data/steps[18]/step_type,1629449654564,1629449658691,,7,
group questions,/data/child_identification,1629449658724,1629449757098,,,
question,/data/steps[15]/waiting/waiting_comment,1629449773772,1629449882763,For caregiver  herself for management  within  consultation room , caregiver  herself being manage  within  consultation room because  also  she was sick ,
question,/data/steps[5]/waiting/waiting_comment,1629449933925,1629450121741,Waiting within  consultation room.Caregiver  is sick continues with  her consultation ,"Waiting within  consultation room.Caregiver she  is also sick,  so we are waiting when continues with  her consultation ",
question,/data/steps[17]/step_end,1629450301605,1629450305041,2,1,
group questions,/data/child_identification,1629450311747,1629450386331,,,
question,/data/child_identification/a1_a_4a,1629450311747,1629450386331,,T-F0087-P0083,
group questions,/data/summary,1629450386353,1629450975481,,,
question,/data/summary/comments,1629450386354,1629450975481,,"During patient  consultation in step 4,waiting in step 5  for caregiver  proceed with her own consultation  because  herself  she was sick also vise vesa  in step 15",
end screen,,1629450975516,1629450979547,,,
form save,,1629450979998,,,,
form exit,,1629450979998,,,,
form finalize,,1629450979998,,,,
form resume,,1629451882718,,,,
jump,,1629451882718,1629451958474,,,
group questions,/data/summary,1629451900534,1629451958474,,,
question,/data/summary/comments,1629451900534,1629451958474,"During patient  consultation in step 4,waiting in step 5  for caregiver  proceed with her own consultation  because  herself  she was sick also vise vesa  in step 15","During patient  consultation in step 4,waiting in step 5  for caregiver  proceed with her own consultation  because  herself  she was sick also vise vesa  in step 15.
Registration  and Consultation  done  in room ",
end screen,,1629451958525,1629451963646,,,
change reason,,1629452035283,,,,additional  of observation 
form save,,1629452035694,,,,
form exit,,1629452035694,,,,
form finalize,,1629452035694,,,,
