event,node,start,end,old-value,new-value,change-reason
form start,,1629356214843,,,,
group questions,/data/front_page,1629356214844,1629356215955,,,
group questions,/data/visit_start,1629356215982,1629356227331,,,
question,/data/visit_start/fcode,1629356215985,1629356227331,F0010,F0083,
question,/data/visit_start/arrival,1629356215985,1629356227331,,OK,
question,/data/steps[1]/step_type,1629356227367,1629356233019,,7,
group questions,/data/visit_start,1629356243023,1629356246411,,,
question,/data/steps[2]/step_type,1629356249497,1629356272351,,2,
question,/data/steps[3]/step_type,1629356272392,1629356362172,,99,
question,/data/steps[4]/step_type,1629356362316,1629356371555,,7,
question,/data/steps[5]/step_type,1629356371590,1629360615527,,2,
question,/data/steps[6]/step_type,1629360615570,1629360641420,,7,
question,/data/steps[7]/step_type,1629360641457,1629361485024,,2,
question,/data/steps[8]/step_type,1629361485066,1629361489119,,7,
question,/data/steps[9]/step_type,1629361489152,1629362803098,,4,
question,/data/steps[10]/step_type,1629362803166,1629362832351,,7,
question,/data/steps[11]/step_type,1629362832382,1629366662258,,2,
question,/data/steps[12]/step_type,1629366662300,1629366669378,,7,
question,/data/steps[13]/step_type,1629366669410,1629366745603,,6,
question,/data/steps[14]/step_type,1629366745636,1629366749997,,7,
group questions,/data/child_identification,1629366750030,1629367827935,,,
question,/data/child_identification/a1_a_4a,1629366750031,1629367827935,,T-F0083-P0147,
group questions,/data/child_identification,1629367832238,1629367833883,,,
group questions,/data/summary,1629367833904,1629368561149,,,
question,/data/summary/comments,1629367833904,1629368561149,,"-Few patients  see the waiting area

- Caregiver walked  to the consultation room, suddenly  she came back to the waiting  area  and  leave elder  to be attended  first 

 At Dispensing
- EN attended  first patients  at Antenatal  and thereafter  Consultation  and final dispensing  area
",
end screen,,1629368561186,1629368564322,,,
form save,,1629368564611,,,,
form exit,,1629368564611,,,,
form resume,,1629392712931,,,,
jump,,1629392712931,1629392717663,,,
group questions,/data/front_page,1629392717684,1629392720618,,,
form save,,1629392720837,,,,
group questions,/data/visit_start,1629393108184,1629393112118,,,
form exit,,1629393112118,,,,
form resume,,1629400476206,,,,
jump,,1629400476206,1629400478695,,,
group questions,/data/front_page,1629400478716,1629400483227,,,
form exit,,1629400483227,,,,
form resume,,1629400499466,,,,
jump,,1629400499466,1629438462558,,,
group questions,/data/front_page,1629438462576,1629438465094,,,
form exit,,1629438465094,,,,
form resume,,1629481730797,,,,
jump,,1629481730797,1629481738187,,,
end screen,,1629481738217,1629481739635,,,
form save,,1629481740002,,,,
form exit,,1629481740002,,,,
form finalize,,1629481740002,,,,
form resume,,1629481755987,,,,
jump,,1629481755987,1629481762261,,,
group questions,/data/front_page,1629481762286,1629481763365,,,
group questions,/data/visit_start,1629481763380,1629481763969,,,
form save,,1629481770375,,,,
jump,,1629481772359,1629481778267,,,
end screen,,1629481778327,1629481780003,,,
group questions,/data/summary,1629481780003,1629481781883,,,
group questions,/data/child_identification,1629481781924,1629481784513,,,
group questions,/data/child_identification,1629481786444,1629481788945,,,
group questions,/data/summary,1629481788970,1629481856610,,,
question,/data/summary/comments,1629481788971,1629481856610,"-Few patients  see the waiting area

- Caregiver walked  to the consultation room, suddenly  she came back to the waiting  area  and  leave elder  to be attended  first 

 At Dispensing
- EN attended  first patients  at Antenatal  and thereafter  Consultation  and final dispensing  area","

- Caregiver walked  to the consultation room, suddenly  she came back to the waiting  area  and  leave elder  to be attended  first although her child looked weak.

 ",
end screen,,1629481856645,1629481858454,,,
change reason,,1629481882835,,,,Crosscheck comments 
form save,,1629481883211,,,,
form exit,,1629481883211,,,,
form finalize,,1629481883211,,,,
