event,node,start,end,old-value,new-value,change-reason
form start,,1629279101188,,,,
group questions,/data/front_page,1629279101190,1629279102885,,,
group questions,/data/visit_start,1629279102900,1629279108602,,,
question,/data/visit_start/arrival,1629279102904,1629279108602,,OK,
question,/data/steps[1]/step_type,1629279108645,1629279240057,,2,
question,/data/steps[2]/step_type,1629279240100,1629279367007,,1,
question,/data/steps[3]/step_type,1629279367037,1629283570629,,2,
question,/data/steps[4]/step_type,1629283570665,1629284109523,,4,
question,/data/steps[5]/step_type,1629284109595,1629284145872,,7,
question,/data/steps[6]/step_type,1629284145910,1629284174662,,6,
group questions,/data/child_identification,1629284174694,1629284538693,,,
question,/data/child_identification/a1_a_4a,1629284174694,1629284538693,,T-F0101-P0114,
group questions,/data/summary,1629284538718,1629284837525,,,
question,/data/summary/comments,1629284538718,1629284837525,,The caregiver used alot of time waiting for consultation because there was only one careprovider(AMO) responsible for consultation ,
end screen,,1629284837564,1629284845711,,,
form save,,1629284845906,,,,
form exit,,1629284845907,,,,
form resume,,1629301574082,,,,
jump,,1629301574082,1629301575872,,,
group questions,/data/front_page,1629301575890,1629301577038,,,
group questions,/data/visit_start,1629301577054,1629301578099,,,
group questions,/data/child_identification,1629301588968,1629301590946,,,
group questions,/data/summary,1629301590971,1629301597283,,,
end screen,,1629301597324,1629301599031,,,
form save,,1629301599383,,,,
form exit,,1629301599384,,,,
form finalize,,1629301599384,,,,
