event,node,start,end,old-value,new-value,change-reason
form start,,1629271496365,,,,
group questions,/data/front_page,1629271496367,1629271498169,,,
group questions,/data/visit_start,1629271498187,1629271501689,,,
group questions,/data/front_page,1629271501725,1629271502788,,,
group questions,/data/visit_start,1629271502803,1629271522669,,,
question,/data/visit_start/fcode,1629271502805,1629271522669,F0082,F0010,
question,/data/visit_start/arrival,1629271502805,1629271522669,,OK,
question,/data/steps[1]/step_type,1629271522705,1629272539127,,2,
question,/data/steps[2]/step_type,1629272539169,1629272625643,,1,
question,/data/steps[3]/step_type,1629272625680,1629272632590,,7,
question,/data/steps[4]/step_type,1629272632623,1629272672549,,6,
question,/data/steps[5]/step_type,1629272672689,1629272679658,,7,
question,/data/steps[6]/step_type,1629272679692,1629273465940,,2,
form save,,1629273466109,,,,
question,/data/steps[6]/step_end,1629273466110,1629273467089,,1,
question,/data/steps[7]/step_type,1629273467133,1629273887460,,4,
question,/data/steps[8]/step_type,1629273887527,1629274018039,,7,
question,/data/steps[9]/step_type,1629274018070,1629274873513,,2,
question,/data/steps[10]/step_type,1629274873556,1629274911223,,5,
question,/data/steps[11]/step_type,1629274911256,1629277404577,,2,
question,/data/steps[12]/step_type,1629277404624,1629277413597,,7,
question,/data/steps[13]/step_type,1629277413626,1629277502925,,4,
question,/data/steps[14]/step_type,1629277502971,1629277541384,,7,
question,/data/steps[15]/step_type,1629277541415,1629278439877,,2,
question,/data/steps[16]/step_type,1629278439917,1629278444370,,7,
question,/data/steps[17]/step_type,1629278444403,1629278456082,,6,
question,/data/steps[18]/step_type,1629278456114,1629278464906,,7,
question,/data/steps[19]/step_type,1629278464938,1629278546995,,99,
question,/data/steps[20]/step_type,1629278547352,1629278562573,,7,
group questions,/data/child_identification,1629278562608,1629278647932,,,
question,/data/child_identification/a1_a_4a,1629278562608,1629278647932,,T-F0010-P0206,
group questions,/data/summary,1629278647956,1629280940607,,,
question,/data/summary/comments,1629278647957,1629280940607,,"In  the waiting  area  there were few number  of  patients.
However  in consultation  area a bit number  of patients   around tens with big number  of elders.
In the consultation  room,  clinician was keep on changing POX equipment 3x  on big toe, thumb then big toe.
In laboratory  there were no many patients in the waiting  area
and only blood sample was requested.
On the the way to consultation for  the second round  the caregiver  provided service to he child   thus changed diaper of her baby.",
end screen,,1629280940644,1629280946028,,,
form save,,1629280946315,,,,
jump,,1629300005816,1629300012039,,,
end screen,,1629300012060,1629300016553,,,
form save,,1629300016815,,,,
group questions,/data/summary,1629300021393,1629300024904,,,
group questions,/data/child_identification,1629300024949,1629300033658,,,
group questions,/data/summary,1629300033683,1629300035177,,,
end screen,,1629300035221,1629300041276,,,
form save,,1629300041550,,,,
form exit,,1629300041550,,,,
form resume,,1629300153192,,,,
jump,,1629300153192,1629300161842,,,
group questions,/data/front_page,1629300161863,1629300163021,,,
group questions,/data/visit_start,1629300163037,1629300165287,,,
group questions,/data/child_identification,1629300225486,1629300229901,,,
group questions,/data/summary,1629300229927,1629300283592,,,
group questions,/data/child_identification,1629300283638,1629300284433,,,
question,/data/steps[4]/step_type,1629300302729,1629300312119,6,4,
group questions,/data/child_identification,1629300375288,1629300378319,,,
group questions,/data/summary,1629300378345,1629300417608,,,
end screen,,1629300417647,1629300423926,,,
group questions,/data/summary,1629300423927,1629300834193,,,
question,/data/summary/comments,1629300423927,1629300834193,"In  the waiting  area  there were few number  of  patients.
However  in consultation  area a bit number  of patients   around tens with big number  of elders.
In the consultation  room,  clinician was keep on changing POX equipment 3x  on big toe, thumb then big toe.
In laboratory  there were no many patients in the waiting  area
and only blood sample was requested.
On the the way to consultation for  the second round  the caregiver  provided service to he child   thus changed diaper of her baby.","In  the waiting  area  
-  few number  of  patients seen in waiting  lines.

In consultation  area
-  a bit number  of patients   around tens with big number  of elders observed.
- clinician was keep on changing POX equipment 3x  on big toe, thumb then big toe.
- Staff staff interactions observed in consultation  room. 

In laboratory  area 
-  there were no many patients in the waiting  area
-  only blood sample tested.

On the the way to consultation for  the second round  the caregiver  stopped to change her baby diaper.",
end screen,,1629300834232,1629301208114,,,
group questions,/data/summary,1629301208114,1629301332283,,,
question,/data/summary/comments,1629301208115,1629301332283,"In  the waiting  area  
-  few number  of  patients seen in waiting  lines.

In consultation  area
-  a bit number  of patients   around tens with big number  of elders observed.
- clinician was keep on changing POX equipment 3x  on big toe, thumb then big toe.
- Staff staff interactions observed in consultation  room. 

In laboratory  area 
-  there were no many patients in the waiting  area
-  only blood sample tested.

On the the way to consultation for  the second round  the caregiver  stopped to change her baby diaper.","In  the waiting  area  
-  few number  of  patients seen in waiting  lines.

In consultation  area
-  a bit number  of patients   around tens with big number  of elders observed.
- clinician was keep on changing POX equipment 3x  on big toe, thumb then big toe.
- Staff staff interactions observed in consultation  room. 

In laboratory  area 
-  there were no many patients in the waiting  area
-  only blood sample tested.

On the  way to  the second round consultation  the caregiver  stopped to change her baby diaper.",
group questions,/data/child_identification,1629301332319,1629301339073,,,
group questions,/data/child_identification,1629301341025,1629301342015,,,
group questions,/data/summary,1629301342037,1629301343552,,,
end screen,,1629301343588,1629301346729,,,
group questions,/data/summary,1629301346729,1629301348658,,,
group questions,/data/child_identification,1629301348697,1629301353771,,,
group questions,/data/child_identification,1629301356394,1629301358131,,,
group questions,/data/summary,1629301358154,1629301426566,,,
end screen,,1629301426602,1629301429073,,,
change reason,,1629301462238,,,,To add observations
form save,,1629301462627,,,,
form exit,,1629301462627,,,,
form finalize,,1629301462627,,,,
