event,node,start,end,old-value,new-value,change-reason
form start,,1629444153044,,,,
group questions,/data/front_page,1629444153047,1629444157246,,,
group questions,/data/visit_start,1629444157274,1629444784077,,,
question,/data/visit_start/fcode,1629444157279,1629444784077,F0087,F0022,
question,/data/visit_start/arrival,1629444157279,1629444784077,,OK,
question,/data/steps[1]/step_type,1629444784114,1629444819250,,7,
question,/data/steps[2]/step_type,1629444874457,1629444911036,,3,
question,/data/steps[2]/step_end,1629444971289,1629445147931,,1,
question,/data/steps[3]/step_type,1629445147972,1629445180188,,7,
question,/data/steps[4]/step_type,1629445180222,1629448548691,,2,
question,/data/steps[5]/step_type,1629448548730,1629448556232,,4,
question,/data/steps[5]/step_end,1629448560951,1629448906969,,1,
question,/data/steps[6]/step_type,1629448907019,1629448944197,,7,
question,/data/steps[7]/step_type,1629448944230,1629449091281,,2,
question,/data/steps[8]/step_type,1629449091352,1629449343534,,6,
question,/data/steps[8]/step_end,1629449360910,1629449367462,1,2,
question,/data/steps[9]/step_type,1629449412563,1629449467947,,99,
group questions,/data/child_identification,1629449468018,1629449551026,,,
question,/data/child_identification/a1_a_4a,1629449468018,1629449551026,,T-F0022-P0064,
group questions,/data/summary,1629449551050,1629449828194,,,
question,/data/summary/comments,1629449551050,1629449828194,,"Registration and  consultation  are conducted  at consultation room by clinical Officer.

",
end screen,,1629449828233,1629449833790,,,
form save,,1629449833967,,,,
form exit,,1629449833967,,,,
form resume,,1629450007021,,,,
jump,,1629450007021,1629450012691,,,
group questions,/data/front_page,1629450012718,1629450014714,,,
group questions,/data/visit_start,1629450014728,1629450015813,,,
group questions,/data/child_identification,1629450023259,1629450025994,,,
group questions,/data/summary,1629450026017,1629450094336,,,
question,/data/summary/comments,1629450026017,1629450094336,Registration and  consultation  are conducted  at consultation room by clinical Officer.,"Registration and  consultation  are conducted  at consultation room by clinical Officer.
",
end screen,,1629450094375,1629450099230,,,
group questions,/data/summary,1629450099230,1629450504319,,,
question,/data/summary/comments,1629450099231,1629450504319,"Registration and  consultation  are conducted  at consultation room by clinical Officer.
","Registration and  consultation  are conducted  at consultation room by clinical Officer.
First waiting consumes more time, before  caregiver enters  consultation room for registration and consultation ,because clinical Officers had visitors from pathfinder  and Municipal,and they had conversation which took a lot of time.",
end screen,,1629450504354,1629450507648,,,
change reason,,1629450549558,,,,Additional comments
form save,,1629450549749,,,,
form exit,,1629450549749,,,,
form resume,,1629450879170,,,,
jump,,1629450879170,1629450883471,,,
group questions,/data/front_page,1629450883491,1629450885009,,,
group questions,/data/visit_start,1629450885022,1629450886213,,,
group questions,/data/child_identification,1629450914772,1629450918080,,,
group questions,/data/summary,1629450918103,1629451148548,,,
question,/data/summary/comments,1629450918104,1629451148548,"Registration and  consultation  are conducted  at consultation room by clinical Officer.
First waiting consumes more time, before  caregiver enters  consultation room for registration and consultation ,because clinical Officers had visitors from pathfinder  and Municipal,and they had conversation which took a lot of time.","Registration and  consultation  are conducted  at consultation room by clinical Officer.
First waiting consumes more time, before  caregiver enters  consultation room for registration and consultation ,because clinical Officer had visitors from pathfinder  and they had conversation which took a lot of time.",
end screen,,1629451148590,1629451151887,,,
change reason,,1629451190595,,,,Additional comment
form save,,1629451190788,,,,
form exit,,1629451190788,,,,
form resume,,1629455015108,,,,
jump,,1629455015108,1629455017288,,,
group questions,/data/front_page,1629455017308,1629455018606,,,
group questions,/data/visit_start,1629455018621,1629455020255,,,
group questions,/data/child_identification,1629455046763,1629455049292,,,
group questions,/data/summary,1629455049315,1629455404212,,,
group questions,/data/child_identification,1629455404249,1629455407557,,,
group questions,/data/child_identification,1629455577136,1629455581288,,,
group questions,/data/summary,1629455581308,1629455637757,,,
group questions,/data/child_identification,1629455637793,1629455640262,,,
group questions,/data/child_identification,1629455648135,1629455650654,,,
group questions,/data/summary,1629455650677,1629456157855,,,
question,/data/summary/comments,1629455650677,1629456157855,"Registration and  consultation  are conducted  at consultation room by clinical Officer.
First waiting consumes more time, before  caregiver enters  consultation room for registration and consultation ,because clinical Officer had visitors from pathfinder  and they had conversation which took a lot of time.","Registration and  consultation  are conducted  at consultation room by clinical Officer.
First waiting consumes more time, before  caregiver enters  consultation room for registration and consultation ,because clinical Officer had visitors from pathfinder  and they had conversation which took a lot of time.
Patient process map ends at pharmacy, but  I selected  wrong selection, instead of "" child is existing in the  facility"" I selected "" The child is moving  to the next step"" so I decided to end the process by selecting other and write the word exit.",
group questions,/data/child_identification,1629456157888,1629456159528,,,
group questions,/data/child_identification,1629456166058,1629456169354,,,
group questions,/data/summary,1629456169373,1629456217837,,,
question,/data/summary/comments,1629456169374,1629456217837,"Registration and  consultation  are conducted  at consultation room by clinical Officer.
First waiting consumes more time, before  caregiver enters  consultation room for registration and consultation ,because clinical Officer had visitors from pathfinder  and they had conversation which took a lot of time.
Patient process map ends at pharmacy, but  I selected  wrong selection, instead of "" child is existing in the  facility"" I selected "" The child is moving  to the next step"" so I decided to end the process by selecting other and write the word exit.","Registration and  consultation  are conducted  at consultation room by clinical Officer.
First waiting consumes more time, before  caregiver enters  consultation room for registration and consultation ,because clinical Officer had visitors from pathfinder  and they had conversation which took a lot of time.
Patient process map ends at pharmacy, but  I selected  wrong selection, instead of "" the child is exiting in the  facility"" I selected "" The child is moving  to the next step"" so I decided to end the process by selecting other and write the word exit.",
end screen,,1629456217877,1629456221022,,,
change reason,,1629456259043,,,,Added more comments 
form save,,1629456259227,,,,
form exit,,1629456259227,,,,
form resume,,1629456526067,,,,
jump,,1629456526067,1629456527714,,,
group questions,/data/front_page,1629456527734,1629456529216,,,
group questions,/data/visit_start,1629456529231,1629456535797,,,
group questions,/data/child_identification,1629456560304,1629456563877,,,
group questions,/data/summary,1629456563899,1629456581160,,,
group questions,/data/child_identification,1629456581199,1629456582791,,,
group questions,/data/child_identification,1629456608633,1629456610546,,,
group questions,/data/summary,1629456610569,1629456796171,,,
question,/data/summary/comments,1629456610569,1629456796171,"Registration and  consultation  are conducted  at consultation room by clinical Officer.
First waiting consumes more time, before  caregiver enters  consultation room for registration and consultation ,because clinical Officer had visitors from pathfinder  and they had conversation which took a lot of time.
Patient process map ends at pharmacy, but  I selected  wrong selection, instead of "" the child is exiting in the  facility"" I selected "" The child is moving  to the next step"" so I decided to end the process by selecting other and write the word exit.","Registration and  consultation  are conducted  at consultation room by clinical Officer.
First waiting consumes more time, before  caregiver enters  consultation room for registration and consultation ,because clinical Officer had visitors from pathfinder  and they had conversation which took a lot of time.
Patient process map ends at pharmacy, but  I selected  wrong selection, instead of "" the child is exiting in the  facility"" I selected "" The child is moving  to the next step"" so I decided to end the process by selecting other and write the word exit.
Clinical Officer did not use  either  Pulse Oxymeter or IMCI guideline.",
end screen,,1629456796212,1629456801040,,,
change reason,,1629456824451,,,,additional comments 
form save,,1629456824643,,,,
form exit,,1629456824643,,,,
form resume,,1629465322954,,,,
jump,,1629465322954,1629465324704,,,
end screen,,1629465324722,1629465327019,,,
form save,,1629465327267,,,,
form exit,,1629465327267,,,,
form finalize,,1629465327267,,,,
