event,node,start,end,old-value,new-value,change-reason
form start,,1629443572848,,,,
group questions,/data/front_page,1629443572850,1629443574540,,,
group questions,/data/visit_start,1629443574570,1629443585205,,,
question,/data/visit_start/fcode,1629443574575,1629443585205,F0022,F0087,
question,/data/visit_start/arrival,1629443574575,1629443585205,,OK,
question,/data/steps[1]/step_type,1629443585240,1629443643521,,7,
question,/data/steps[2]/step_type,1629443643551,1629444230163,,2,
question,/data/steps[3]/step_type,1629444230204,1629444996164,,4,
question,/data/steps[4]/step_type,1629444996230,1629445014420,,99,
question,/data/steps[4]/step_type,1629445017681,1629445693821,99,2,
question,/data/steps[4]/step_other,1629445017681,1629445693821,,Consultation continued because caregiver had two patients,
question,/data/steps[4]/step_end,1629445017681,1629445693821,,1,
question,/data/steps[5]/step_type,1629445694560,1629445701501,,7,
question,/data/steps[5]/step_end,1629445702693,1629445814286,,1,
question,/data/steps[6]/step_type,1629445814315,1629445938096,,2,
question,/data/steps[7]/step_type,1629445938141,1629445974360,,99,
question,/data/steps[8]/step_type,1629446281032,1629446361150,,7,
question,/data/steps[9]/step_type,1629446361179,1629446470752,,2,
question,/data/steps[10]/step_type,1629446470800,1629446819914,,5,
question,/data/steps[11]/step_type,1629446819955,1629446843866,,7,
question,/data/steps[12]/step_type,1629446843899,1629447538350,,2,
question,/data/steps[13]/step_type,1629447538390,1629447581863,,7,
question,/data/steps[14]/step_type,1629447581891,1629447990412,,4,
question,/data/steps[15]/step_type,1629447990453,1629448015757,,7,
question,/data/steps[16]/step_type,1629448015786,1629448567534,,6,
group questions,/data/child_identification,1629448567579,1629448576504,,,
question,/data/child_identification/a1_a_4,1629448567579,1629448576504,,T-F0087-P0081,
group questions,/data/summary,1629448576524,1629448627501,,,
question,/data/summary/comments,1629448576524,1629448627501,,Long waiting time at the laboratory because the caregiver had no mask therefore she had to wait for someone to bring the mask so she can be attended at the laboratory ,
end screen,,1629448627533,1629448628787,,,
form save,,1629448629229,,,,
form exit,,1629448629229,,,,
form finalize,,1629448629229,,,,
form resume,,1629452373535,,,,
jump,,1629452373535,1629452622986,,,
group questions,/data/summary,1629452376239,1629452622986,,,
question,/data/summary/comments,1629452376240,1629452622986,Long waiting time at the laboratory because the caregiver had no mask therefore she had to wait for someone to bring the mask so she can be attended at the laboratory,"Long waiting time at the laboratory because the caregiver had no mask therefore she had to wait for someone to bring the mask so she can be attended at the laboratory
The patient didn't go through registration process because the patient already has a file",
end screen,,1629452623021,1629452624274,,,
change reason,,1629452655533,,,,added  more observations on the comment section 
form save,,1629452655968,,,,
form exit,,1629452655968,,,,
form finalize,,1629452655968,,,,
form resume,,1629452659924,,,,
jump,,1629452659925,1629452665490,,,
group questions,/data/front_page,1629452665564,1629452667413,,,
form exit,,1629452667413,,,,
form resume,,1629452691995,,,,
jump,,1629452691995,1629453028613,,,
group questions,/data/summary,1629452737216,1629453028613,,,
question,/data/summary/comments,1629452737216,1629453028613,"Long waiting time at the laboratory because the caregiver had no mask therefore she had to wait for someone to bring the mask so she can be attended at the laboratory
The patient didn't go through registration process because the patient already has a file","Generally the caregiver and patient spent much time in every step because the caregiver had two patients who needed to be treated .
Long waiting time at the laboratory because the caregiver had no mask therefore she had to wait for someone to bring the mask so she can be attended at the laboratory.
The patient didn't go through registration process because the patient already has a file.
After consultation round one as seen in step 3 the caregiver waited as seen in step 4 because the caregiver had two patients thus had to wait for the second patient to be attended before moving to the next step",
end screen,,1629453028650,1629453035701,,,
group questions,/data/summary,1629453035701,1629453049317,,,
end screen,,1629453049351,1629453050555,,,
change reason,,1629453070019,,,,added more observations notes in the comments section 
form save,,1629453070419,,,,
form exit,,1629453070420,,,,
form finalize,,1629453070420,,,,
