event,node,start,end,old-value,new-value,change-reason
form start,,1629447844001,,,,
group questions,/data/front_page,1629447844003,1629447845776,,,
group questions,/data/visit_start,1629447845792,1629447855029,,,
question,/data/visit_start/arrival,1629447845797,1629447855029,,OK,
question,/data/steps[1]/step_type,1629447855064,1629447915554,,1,
question,/data/steps[2]/step_type,1629447915581,1629452102642,,2,
question,/data/steps[3]/step_type,1629452102676,1629452879602,,4,
question,/data/steps[4]/step_type,1629452879670,1629452939925,,7,
group questions,/data/child_identification,1629452939954,1629453705992,,,
question,/data/child_identification/a1_a_4,1629452939955,1629453705992,,T-F0101-P0118,
group questions,/data/summary,1629453706014,1629453830045,,,
end screen,,1629453830081,1629453885953,,,
form save,,1629453886188,,,,
form exit,,1629453886188,,,,
form finalize,,1629453886188,,,,
