event,node,start,end,old-value,new-value,change-reason
form start,,1629270671144,,,,
group questions,/data/front_page,1629270671148,1629270672698,,,
group questions,/data/visit_start,1629270672734,1629270686061,,,
question,/data/visit_start/arrival,1629270672744,1629270686061,,OK,
question,/data/steps[1]/step_type,1629270686105,1629270717291,,2,
question,/data/steps[2]/step_type,1629270717340,1629270832545,,1,
question,/data/steps[3]/step_type,1629270832584,1629270843293,,7,
question,/data/steps[4]/step_type,1629270843335,1629271568775,,99,
question,/data/steps[5]/step_type,1629271568933,1629271596910,,7,
question,/data/steps[6]/step_type,1629271596943,1629271719780,,2,
question,/data/steps[1]/waiting/waiting_comment,1629271734700,1629271764008,Waiting ,Registration waiting area/ waiting for registration ,
question,/data/steps[6]/step_end,1629271775427,1629271946813,,1,
question,/data/steps[7]/step_type,1629271946851,1629271987566,,7,
question,/data/steps[8]/step_type,1629271987645,1629272048943,,2,
question,/data/steps[9]/step_type,1629272048983,1629272088877,,99,
question,/data/steps[9]/step_end,1629272130746,1629272152108,,1,
question,/data/steps[10]/step_type,1629272152144,1629272179197,,7,
question,/data/steps[11]/step_type,1629272179231,1629272372963,,2,
question,/data/steps[12]/step_type,1629272373004,1629272510591,,4,
question,/data/steps[13]/step_type,1629272510654,1629272590441,,7,
question,/data/steps[14]/step_type,1629272590474,1629272704004,,2,
question,/data/steps[9]/step_other,1629272728025,1629272759053,RCH,RCH clinic ,
question,/data/steps[8]/waiting/waiting_comment,1629272759225,1629272802184,RCH waiting area/ waiting to measure weight,RCH waiting area/ RCH card updating before consultation ,
question,/data/steps[14]/step_end,1629272845051,1629273969769,,1,
question,/data/steps[15]/step_type,1629273969810,1629273978277,,7,
question,/data/steps[16]/step_type,1629273978312,1629274117582,,5,
question,/data/steps[17]/step_type,1629274117612,1629275433492,,2,
question,/data/steps[18]/step_type,1629275433530,1629275514507,,7,
question,/data/steps[19]/step_type,1629275514537,1629276909209,,2,
question,/data/steps[20]/step_type,1629276909254,1629277064204,,4,
question,/data/steps[21]/step_type,1629277064263,1629277095303,,7,
question,/data/steps[22]/step_type,1629277095336,1629278325626,,2,
question,/data/steps[23]/step_type,1629278325667,1629278382676,,6,
question,/data/steps[24]/step_type,1629278382709,1629278468901,,99,
group questions,/data/child_identification,1629278469002,1629278558834,,,
question,/data/child_identification/a1_a_4a,1629278469003,1629278558834,,T-F0010-P0210,
group questions,/data/summary,1629278558856,1629279543987,,,
question,/data/summary/comments,1629278558857,1629279543987,,"-The RA asked a  few questions to the caregiver before registration to check eligibility for enrollment 
-While in the consultation waiting area the caregiver/ patient went to RCH before entering the consultation room to update the RCH1 card (Bwt, vit A, Tb screening done)
- There was a long waiting line at the lab due to lab referrals from dispensaries  in the community for ANC investigations.
- In the lab MRDT done and caregiver came with stool sample from home in matchbox.
- Long waiting line at dispensing area because the HCP was not around.",
end screen,,1629279544023,1629279547765,,,
form save,,1629279548131,,,,
form exit,,1629279548131,,,,
form resume,,1629318398893,,,,
jump,,1629318398893,1629318445271,,,
group questions,/data/front_page,1629318445343,1629318449035,,,
form exit,,1629318449035,,,,
form resume,,1629318489364,,,,
jump,,1629318489364,1629318490541,,,
end screen,,1629318490561,1629318492535,,,
form save,,1629318493033,,,,
form exit,,1629318493033,,,,
form finalize,,1629318493033,,,,
