event,node,start,end,old-value,new-value,change-reason
form start,,1627730227668,,,,
group questions,/data/front_page,1627730227669,1627732109104,,,
group questions,/data/visit_start,1627732109118,1627732117637,,,
group questions,/data/front_page,1627732117657,1627732121266,,,
group questions,/data/visit_start,1627732121279,1627732136121,,,
group questions,/data/front_page,1627732136143,1627732138581,,,
group questions,/data/visit_start,1627732138595,1627732474139,,,
question,/data/visit_start/b1_4,1627732138596,1627732474139,,Kaliua,
group questions,/data/visit_start,1627732514994,1627732518233,,,
question,/data/steps[1]/step_type,1627732518270,1627732526227,,7,
question,/data/steps[2]/step_type,1627732526258,1627732630250,,3,
question,/data/steps[2]/pox/poxstart,1627732701378,1627732766645,,OK,
question,/data/steps[3]/step_type,1627732860142,1627732953839,,7,
question,/data/steps[4]/step_type,1627732953875,1627733023352,,4,
question,/data/steps[5]/step_type,1627733023402,1627733070887,,7,
question,/data/steps[6]/step_type,1627733070921,1627733137177,,5,
question,/data/steps[7]/step_type,1627733137212,1627733143041,,7,
question,/data/steps[8]/step_type,1627733143074,1627733190284,,4,
question,/data/steps[9]/step_type,1627733190336,1627733198382,,7,
question,/data/steps[10]/step_type,1627733198419,1627733232519,,8,
question,/data/steps[11]/step_type,1627733232552,1627733255625,,7,
question,/data/steps[12]/step_type,1627733255661,1627733315448,,6,
question,/data/steps[13]/step_type,1627733315484,1627733322248,,7,
question,/data/steps[14]/step_type,1627733322288,1627733432952,,2,
question,/data/steps[15]/step_type,1627733432990,1627733465025,,99,
question,/data/steps[15]/step_end,1627733480335,1627733482322,1,2,
question,/data/steps[16]/step_type,1627733733035,1627733739177,,7,
group questions,/data/child_identification,1627733739210,1627734077748,,,
question,/data/child_identification/a1_a_4a,1627733739210,1627734077748,,310721_01,
form save,,1627734078033,,,,
question,/data/child_identification/a1_a_4,1627734078033,1627734510535,,T-F0031-P0001,
question,/data/child_identification/a1_a_4a,1627734078033,1627734510535,310721_01,,
group questions,/data/summary,1627734510559,1627735151539,,,
end screen,,1627735151577,1627735163551,,,
form save,,1627735164002,,,,
form exit,,1627735164002,,,,
form finalize,,1627735164002,,,,
