event,node,start,end,old-value,new-value,change-reason
form start,,1629359106037,,,,
group questions,/data/front_page,1629359106039,1629359107588,,,
group questions,/data/visit_start,1629359107629,1629359121850,,,
question,/data/visit_start/arrival,1629359107635,1629359121850,,OK,
question,/data/steps[1]/step_type,1629359121886,1629359212570,,1,
question,/data/steps[2]/step_type,1629359212631,1629359220259,,7,
question,/data/steps[3]/step_type,1629359220300,1629361169959,,2,
question,/data/steps[4]/step_type,1629361170009,1629361177556,,7,
question,/data/steps[5]/step_type,1629361177588,1629361339660,,4,
question,/data/steps[5]/pox/poxstart,1629361348957,1629361443151,,OK,
question,/data/steps[5]/step_end,1629361348958,1629361443151,,1,
question,/data/steps[6]/step_type,1629361443215,1629361500483,,7,
question,/data/steps[7]/step_type,1629361500518,1629361699543,,2,
question,/data/steps[8]/step_type,1629361699587,1629361734069,,7,
question,/data/steps[9]/step_type,1629361867672,1629361980906,,5,
question,/data/steps[10]/step_type,1629361980940,1629362020981,,7,
question,/data/steps[11]/step_type,1629362054150,1629362504525,,2,
question,/data/steps[12]/step_type,1629362582402,1629363320647,,4,
question,/data/steps[13]/step_type,1629363320713,1629363351061,,7,
question,/data/steps[14]/step_type,1629363351089,1629363578348,,2,
question,/data/steps[15]/step_type,1629363578395,1629363668551,,6,
group questions,/data/child_identification,1629363668587,1629363680215,,,
group questions,/data/child_identification,1629363682879,1629363728713,,,
question,/data/child_identification/a1_a_4,1629363682879,1629363728713,,T-F0029-P0064,
group questions,/data/summary,1629363728736,1629363845330,,,
end screen,,1629363845373,1629363853092,,,
form save,,1629363853428,,,,
form exit,,1629363853428,,,,
form finalize,,1629363853428,,,,
