event,node,start,end,old-value,new-value,change-reason
form start,,1629274167774,,,,
group questions,/data/front_page,1629274167776,1629274169269,,,
group questions,/data/visit_start,1629274169281,1629274182524,,,
question,/data/visit_start/arrival,1629274169285,1629274182524,,OK,
question,/data/steps[1]/step_type,1629274182557,1629274228029,,7,
question,/data/steps[2]/step_type,1629274228058,1629275182002,,2,
question,/data/steps[3]/step_type,1629275182042,1629275224999,,3,
question,/data/steps[4]/step_type,1629275225034,1629275247029,,7,
question,/data/steps[5]/step_type,1629275247058,1629275707162,,2,
question,/data/steps[6]/step_type,1629275707203,1629275793048,,1,
question,/data/steps[7]/step_type,1629275793079,1629276135119,,4,
question,/data/steps[8]/step_type,1629276135167,1629276231267,,7,
question,/data/steps[9]/step_type,1629276296409,1629276330097,,6,
group questions,/data/child_identification,1629276330129,1629276393447,,,
question,/data/child_identification/a1_a_4a,1629276330129,1629276393447,,T-F0022-P0036,
group questions,/data/summary,1629276393470,1629276828583,,,
question,/data/summary/comments,1629276393471,1629276828583,,During consultation registered nurse did not prescribe any medicine but educated the caregiver about maintaining cleaness of patient clothes as the only medication for scabies of a patient .Therefore caregiver with a patient return file at dispensing. ,
end screen,,1629276828620,1629276831390,,,
form save,,1629276831612,,,,
form exit,,1629276831612,,,,
form resume,,1629286489409,,,,
jump,,1629286489409,1629286643928,,,
group questions,/data/summary,1629286618447,1629286643928,,,
group questions,/data/child_identification,1629286643962,1629286646152,,,
form exit,,1629286646152,,,,
form resume,,1629287459760,,,,
jump,,1629287459760,1629287465119,,,
group questions,/data/front_page,1629287465138,1629287468197,,,
form exit,,1629287468197,,,,
form resume,,1629309343882,,,,
jump,,1629309343882,1629314015074,,,
group questions,/data/summary,1629313661755,1629314015074,,,
question,/data/summary/comments,1629313661756,1629314015074,During consultation registered nurse did not prescribe any medicine but educated the caregiver about maintaining cleaness of patient clothes as the only medication for scabies of a patient .Therefore caregiver with a patient return file at dispensing.,"Consultation was done by Registered nurse.
Both registration and consultation were done in consultation room.
During consultation registered nurse did not prescribe any medicine instead educated the caregiver about maintaining cleaness of patient clothes as the only medication for scabies of a patient .
After consultation caregiver with a patient return file at dispensing.
",
end screen,,1629314015109,1629314021136,,,
change reason,,1629314166623,,,,"
added more observations "
form save,,1629314166993,,,,
form exit,,1629314166993,,,,
form finalize,,1629314166993,,,,
