event,node,start,end,old-value,new-value,change-reason
form start,,1629351554256,,,,
group questions,/data/front_page,1629351554258,1629351557570,,,
group questions,/data/visit_start,1629351557619,1629351569072,,,
question,/data/visit_start/arrival,1629351557624,1629351569072,,OK,
question,/data/steps[1]/step_type,1629351569138,1629351712666,,2,
question,/data/steps[2]/step_type,1629351712754,1629351720266,,7,
question,/data/steps[3]/step_type,1629351720312,1629351990335,,1,
question,/data/steps[4]/step_type,1629351990373,1629351998269,,7,
question,/data/steps[5]/step_type,1629351998303,1629353255208,,2,
question,/data/steps[6]/step_type,1629353255307,1629353307836,,7,
question,/data/steps[7]/step_type,1629353307871,1629353445381,,2,
question,/data/steps[8]/step_type,1629353496163,1629353515434,,4,
question,/data/steps[8]/step_type,1629353518366,1629353558402,4,7,
question,/data/steps[8]/step_end,1629353518366,1629353558402,,1,
question,/data/steps[9]/step_type,1629353558477,1629353875620,,2,
question,/data/steps[10]/step_type,1629353875664,1629353909736,,7,
question,/data/steps[11]/step_type,1629353909774,1629354524663,,2,
question,/data/steps[12]/step_type,1629354524733,1629354621264,,7,
question,/data/steps[13]/step_type,1629354621301,1629355473193,,4,
question,/data/steps[14]/step_type,1629355473289,1629355523116,,7,
question,/data/steps[15]/step_type,1629355523149,1629356028311,,6,
group questions,/data/child_identification,1629356028351,1629356084985,,,
jump,,1629356084986,1629356089060,,,
end screen,,1629356089106,1629356092179,,,
form save,,1629356092417,,,,
form exit,,1629356092417,,,,
form resume,,1629367169905,,,,
jump,,1629367169905,1629367174685,,,
end screen,,1629367174705,1629367179256,,,
group questions,/data/summary,1629367179257,1629367196935,,,
group questions,/data/child_identification,1629367196969,1629367198808,,,
group questions,/data/visit_start,1629367215822,1629367216913,,,
group questions,/data/front_page,1629367216948,1629367219599,,,
group questions,/data/visit_start,1629367219613,1629367222738,,,
jump,,1629367237743,1629367240250,,,
end screen,,1629367240320,1629367244702,,,
form save,,1629367244973,,,,
form exit,,1629367244973,,,,
form resume,,1629370978634,,,,
jump,,1629370978634,1629370983871,,,
group questions,/data/front_page,1629370983893,1629370984995,,,
group questions,/data/visit_start,1629370985010,1629370985709,,,
group questions,/data/visit_start,1629370988149,1629370989494,,,
group questions,/data/front_page,1629370989531,1629370990888,,,
group questions,/data/visit_start,1629370990903,1629370993191,,,
group questions,/data/child_identification,1629371062579,1629371157454,,,
question,/data/child_identification/a1_a_4a,1629371062579,1629371157454,,T-F0101-P0096,
group questions,/data/summary,1629371157476,1629371431936,,,
question,/data/summary/comments,1629371157477,1629371431936,,When the caregivers turn to enter the consultation room arrived she was twice asked by eldery patients  and once by a healthcare provider to take her turn hence came back to wait.,
end screen,,1629371431975,1629371434641,,,
change reason,,1629371451651,,,,added comments
form save,,1629371451881,,,,
form exit,,1629371451881,,,,
form resume,,1629393431557,,,,
jump,,1629393431558,1629393465450,,,
end screen,,1629393465581,1629393469040,,,
form save,,1629393469488,,,,
form exit,,1629393469488,,,,
form finalize,,1629393469488,,,,
