event,node,start,end,old-value,new-value,change-reason
form start,,1629452769083,,,,
group questions,/data/front_page,1629452769085,1629452770088,,,
group questions,/data/visit_start,1629452770101,1629452775731,,,
question,/data/visit_start/arrival,1629452770106,1629452775731,,OK,
question,/data/steps[1]/step_type,1629452775768,1629452824156,,1,
question,/data/steps[2]/step_type,1629452824189,1629455302405,,2,
question,/data/steps[3]/step_type,1629455302446,1629455887055,,4,
question,/data/steps[4]/step_type,1629455887142,1629455946038,,7,
question,/data/steps[5]/step_type,1629455946067,1629456095811,,5,
question,/data/steps[6]/step_type,1629456095843,1629457472935,,2,
question,/data/steps[7]/step_type,1629457472971,1629457535865,,7,
question,/data/steps[8]/step_type,1629457535899,1629459639788,,2,
question,/data/steps[9]/step_type,1629459639829,1629459836716,,4,
question,/data/steps[10]/step_type,1629459836782,1629459900224,,7,
question,/data/steps[11]/step_type,1629459900260,1629459956172,,6,
group questions,/data/child_identification,1629459956201,1629460349966,,,
question,/data/child_identification/a1_a_4,1629459956201,1629460349966,,T-F0101-P0119,
group questions,/data/summary,1629460349990,1629460351902,,,
end screen,,1629460351941,1629460354626,,,
form save,,1629460354844,,,,
form exit,,1629460354845,,,,
form resume,,1629469256334,,,,
jump,,1629469256334,1629469259750,,,
group questions,/data/front_page,1629469259770,1629469261688,,,
group questions,/data/visit_start,1629469261704,1629469262707,,,
group questions,/data/child_identification,1629469275678,1629469278997,,,
group questions,/data/summary,1629469279016,1629469521056,,,
question,/data/summary/comments,1629469279017,1629469521056,,When using  POX the healthcare provider faced difficulties as the  patient kept pulling it off and crying .The healthcare provider decided to switch on her phone and play some cartoons hence the patient calm down,
end screen,,1629469521097,1629469524683,,,
change reason,,1629469543215,,,,additional information
form save,,1629469543434,,,,
form exit,,1629469543435,,,,
form resume,,1629469593116,,,,
jump,,1629469593116,1629469594144,,,
end screen,,1629469594167,1629469596133,,,
form save,,1629469596589,,,,
form exit,,1629469596589,,,,
form finalize,,1629469596589,,,,
