event,node,start,end,old-value,new-value,change-reason
form start,,1629438918507,,,,
group questions,/data/front_page,1629438918510,1629438919786,,,
group questions,/data/visit_start,1629438919818,1629438933386,,,
question,/data/visit_start/fcode,1629438919829,1629438933386,F0083,F0010,
question,/data/visit_start/arrival,1629438919829,1629438933386,,OK,
question,/data/steps[1]/step_type,1629438933427,1629438971614,,2,
question,/data/steps[2]/step_type,1629438971662,1629438981626,,7,
question,/data/steps[3]/step_type,1629438981667,1629439020629,,99,
question,/data/steps[4]/step_type,1629439020752,1629439679963,,99,
question,/data/steps[5]/step_type,1629439680066,1629439702738,,7,
question,/data/steps[6]/step_type,1629439702776,1629439761289,,2,
question,/data/steps[7]/step_type,1629439761327,1629439878103,,1,
question,/data/steps[8]/step_type,1629439878137,1629440010799,,7,
question,/data/steps[9]/step_type,1629440010834,1629440048705,,99,
question,/data/steps[10]/step_type,1629440048852,1629440064586,,7,
question,/data/steps[11]/step_type,1629440071312,1629450600950,,2,
question,/data/steps[12]/step_type,1629450600993,1629450616811,,7,
question,/data/steps[13]/step_type,1629450616848,1629450680863,,4,
question,/data/steps[13]/step_end,1629450683323,1629450730058,,1,
question,/data/steps[14]/step_type,1629450730104,1629450775952,,7,
question,/data/steps[15]/step_type,1629450775989,1629450818977,,2,
question,/data/steps[16]/step_type,1629450819022,1629450856482,,7,
question,/data/steps[17]/step_type,1629450856517,1629451019845,,2,
question,/data/steps[18]/step_type,1629451019890,1629451030624,,7,
question,/data/steps[19]/step_type,1629451030658,1629451091004,,4,
question,/data/steps[20]/step_type,1629451091053,1629451126559,,7,
question,/data/steps[21]/step_type,1629451126593,1629452178508,,2,
question,/data/steps[22]/step_type,1629452178551,1629452189186,,7,
question,/data/steps[23]/step_type,1629452189220,1629452208365,,6,
question,/data/steps[24]/step_type,1629452208398,1629452226869,,7,
group questions,/data/child_identification,1629452226907,1629452291932,,,
question,/data/child_identification/a1_a_4a,1629452226908,1629452291932,,T-F0010-P0216,
group questions,/data/summary,1629452291953,1629452524315,,,
question,/data/summary/comments,1629452291955,1629452524315,,"Waiting area
- caregiver  ",
end screen,,1629452524353,1629452526842,,,
form save,,1629452527203,,,,
form exit,,1629452527203,,,,
form resume,,1629602819787,,,,
jump,,1629602819787,1629602822191,,,
group questions,/data/front_page,1629602822213,1629602823959,,,
group questions,/data/visit_start,1629602823973,1629602825849,,,
group questions,/data/child_identification,1629602888656,1629602892599,,,
group questions,/data/summary,1629602892622,1629605086667,,,
question,/data/summary/comments,1629602892623,1629605086667,"Waiting area
- caregiver","
Waiting area
- Caregiver  (teenager) waited  for the registration  and enrollment in the waiting  area 
- Caregiver first passed through  TB/HIV  screening  station  before  going  Consultation  area

In consultation  area.
- She met her friend so she sat out off the waiting  lines.
- She walked out with her friend
-She changed  her baby  diaper  while she  was not in the waiting  lines.
In Consultation room
-History  taking  
- Diagnosis 
- Instructed to go dispensing  room for medications 
- No lab request 
- No physical  examination 
-No use of  eCDSA  and POX

In Dispensing  area
- RA met the caregiver at waiting area and instructed to go back consultation room to take prescription .
- Caregiver  went back  to the consultation  room to ask for the prescription 
- Dr wrote prescription  and the caregiver went back to the dispensing  room
- While waiting for medications at waiting, the RA decided to finalise enrollment  process of the  caregiver by taking photos of prescription.

 In the dispensing  room
-The caregiver  moved to the service window  to collect  medicines  and received some instructions",
end screen,,1629605086704,1629605093717,,,
change reason,,1629605116008,,,,writing  some observations 
form save,,1629605116453,,,,
form exit,,1629605116453,,,,
form finalize,,1629605116453,,,,
