event,node,start,end,old-value,new-value,change-reason
form start,,1629181923185,,,,
group questions,/data/front_page,1629181923189,1629181925089,,,
group questions,/data/visit_start,1629181925136,1629181938907,,,
question,/data/visit_start/fcode,1629181925150,1629181938907,F0083,F0010,
question,/data/visit_start/arrival,1629181925151,1629181938907,,OK,
question,/data/steps[1]/step_type,1629181938952,1629181956006,,7,
question,/data/steps[2]/step_type,1629181956049,1629182503427,,2,
question,/data/steps[3]/step_type,1629182503478,1629182510673,,7,
question,/data/steps[4]/step_type,1629182510713,1629182654831,,1,
question,/data/steps[5]/step_type,1629182654867,1629182827680,,2,
question,/data/steps[6]/step_type,1629182827728,1629182923895,,7,
question,/data/steps[7]/step_type,1629182923933,1629183147815,,99,
question,/data/steps[8]/step_type,1629183148061,1629183354110,,2,
question,/data/steps[7]/step_other,1629183354158,1629183365255,CTC and TB screening , TB screening ,
question,/data/steps[8]/step_end,1629183365405,1629185347449,,1,
question,/data/steps[9]/step_type,1629185347496,1629185354020,,7,
question,/data/steps[10]/step_type,1629185354056,1629185632822,,4,
question,/data/steps[11]/step_type,1629185632891,1629185829259,,2,
question,/data/steps[12]/step_type,1629185829308,1629185942143,,7,
question,/data/steps[13]/step_type,1629185942184,1629186063862,,2,
question,/data/steps[8]/waiting/waiting_comment,1629186092215,1629186142879,Waiting for consultation ,Consultation Waiting area/ waiting for consultation ,
question,/data/steps[13]/step_end,1629186159834,1629187228581,,1,
question,/data/steps[14]/step_type,1629187228617,1629187468186,,5,
question,/data/steps[15]/step_type,1629187468217,1629187538393,,2,
question,/data/steps[15]/step_end,1629187545627,1629187606082,,1,
question,/data/steps[16]/step_type,1629187606118,1629187719768,,7,
question,/data/steps[17]/step_type,1629187719800,1629187930771,,2,
question,/data/steps[15]/waiting/waiting_comment,1629187934375,1629187991225,Waiting for other children's blood sample to be taken ,Waiting for the other 2 children's blood sample to be  collected ,
question,/data/steps[17]/waiting/waiting_comment,1629187995307,1629188149523,Toilet/ Stool and urine collection  for the other two children ,Toilet/ Stool and urine collection  for the other 2 children ,
question,/data/steps[17]/step_end,1629187995307,1629188149523,,1,
question,/data/steps[18]/step_type,1629188149561,1629188267557,,7,
question,/data/steps[19]/step_type,1629188267588,1629188353990,,5,
question,/data/steps[20]/step_type,1629188354022,1629189598779,,2,
question,/data/steps[21]/step_type,1629189598814,1629189682206,,7,
question,/data/steps[22]/step_type,1629189682235,1629194415606,,2,
question,/data/steps[23]/step_type,1629194415645,1629194431407,,7,
question,/data/steps[24]/step_type,1629194431438,1629194541879,,4,
question,/data/steps[25]/step_type,1629194541929,1629194592501,,2,
question,/data/steps[25]/waiting/waiting_comment,1629194596102,1629194648468,Waiting for Consultation for the other 2 children ,Waiting for Consultation of the other 2 children ,
question,/data/steps[25]/step_end,1629194653622,1629194994277,,1,
question,/data/steps[26]/step_type,1629194994317,1629195033221,,7,
question,/data/steps[27]/step_type,1629195033259,1629197447424,,2,
question,/data/steps[28]/step_type,1629197447465,1629197469043,,6,
question,/data/steps[29]/step_type,1629197469077,1629197583696,,2,
question,/data/steps[30]/step_type,1629197583730,1629197641211,,99,
group questions,/data/child_identification,1629197641541,1629197720108,,,
question,/data/child_identification/a1_a_4a,1629197641541,1629197720108,,T-F0010-P0193,
group questions,/data/summary,1629197720132,1629197942797,,,
question,/data/summary/comments,1629197720133,1629197942797,,"The caregiver had 3 sick children, only 1 eligible for enrollment in TIMCI
Time flow recorded after enrollment in TIMCI by RA
",
form save,,1629197943253,,,,
end screen,,1629197946985,1629197949655,,,
form save,,1629197950072,,,,
form exit,,1629197950072,,,,
form resume,,1629230882909,,,,
jump,,1629230882909,1629230887255,,,
end screen,,1629230887276,1629230890155,,,
group questions,/data/summary,1629230890156,1629231287375,,,
question,/data/summary/comments,1629230890157,1629231287375,"The caregiver had 3 sick children, only 1 eligible for enrollment in TIMCI
Time flow recorded after enrollment in TIMCI by RA","The caregiver had 3 sick children, only 1 eligible for enrollment in TIMCI
Registration service window opened at 0915hrs
Time flow recorded after enrollment in TIMCI by RA
Tb screening done because it's the first time the patient is treated in the facility 
While waiting for 2nd consultation the clinician wasn't in the consultation room until 1210hrs

",
group questions,/data/child_identification,1629231287414,1629231289084,,,
group questions,/data/child_identification,1629231337244,1629231339011,,,
group questions,/data/summary,1629231339034,1629231459624,,,
question,/data/summary/comments,1629231339035,1629231459624,"The caregiver had 3 sick children, only 1 eligible for enrollment in TIMCI
Registration service window opened at 0915hrs
Time flow recorded after enrollment in TIMCI by RA
Tb screening done because it's the first time the patient is treated in the facility 
While waiting for 2nd consultation the clinician wasn't in the consultation room until 1210hrs

","The caregiver had 3 sick children, only 1 eligible for enrollment in TIMCI
Registration service window opened at 0915hrs
Time flow recorded after enrollment in TIMCI by RA
Tb screening done because it's the first time the patient is treated in the facility 
While waiting for 2nd consultation the clinician wasn't in the consultation room until 1210hrs
While waiting at the dispensing area there was no HCP until 1350hrs

",
end screen,,1629231459664,1629231464165,,,
change reason,,1629231476812,,,,add other observations 
form save,,1629231477273,,,,
form exit,,1629231477273,,,,
form resume,,1629266122296,,,,
jump,,1629266122297,1629266133100,,,
group questions,/data/front_page,1629266133147,1629266134897,,,
group questions,/data/visit_start,1629266134969,1629266140638,,,
form resume,,1629318481046,,,,
jump,,1629318481046,1629318483253,,,
end screen,,1629318483274,1629318484870,,,
form save,,1629318485469,,,,
form exit,,1629318485469,,,,
form finalize,,1629318485469,,,,
