event,node,start,end,old-value,new-value,change-reason
form start,,1629273858076,,,,
group questions,/data/front_page,1629273858078,1629273859323,,,
group questions,/data/visit_start,1629273859340,1629273866497,,,
question,/data/visit_start/arrival,1629273859344,1629273866497,,OK,
question,/data/steps[1]/step_type,1629273866544,1629273892404,,2,
question,/data/steps[2]/step_type,1629273892455,1629273969675,,1,
question,/data/steps[3]/step_type,1629273969716,1629275815651,,2,
question,/data/steps[4]/step_type,1629275815687,1629275846169,,7,
question,/data/steps[5]/step_type,1629275846197,1629275973762,,2,
question,/data/steps[6]/step_type,1629275973798,1629276825028,,4,
question,/data/steps[7]/step_type,1629276825184,1629276881927,,7,
question,/data/steps[8]/step_type,1629276881958,1629276916958,,6,
group questions,/data/child_identification,1629276916991,1629276945987,,,
form save,,1629276946213,,,,
jump,,1629276947911,1629276951414,,,
end screen,,1629276951455,1629276954907,,,
form save,,1629276955109,,,,
form exit,,1629276955109,,,,
form resume,,1629277129818,,,,
jump,,1629277129818,1629277140819,,,
group questions,/data/front_page,1629277140839,1629277157874,,,
form exit,,1629277157874,,,,
form resume,,1629278408048,,,,
jump,,1629278408048,1629278423276,,,
group questions,/data/front_page,1629278423301,1629278424678,,,
group questions,/data/visit_start,1629278424695,1629278427336,,,
group questions,/data/child_identification,1629278442420,1629279039679,,,
jump,,1629279039680,1629279047066,,,
end screen,,1629279047115,1629279052778,,,
form save,,1629279052986,,,,
form exit,,1629279052986,,,,
form resume,,1629279084483,,,,
jump,,1629279084483,1629279090635,,,
group questions,/data/front_page,1629279090655,1629279093791,,,
form exit,,1629279093790,,,,
form resume,,1629284874127,,,,
jump,,1629284874128,1629284875997,,,
group questions,/data/front_page,1629284876019,1629284877917,,,
group questions,/data/visit_start,1629284877933,1629284879523,,,
group questions,/data/child_identification,1629284911180,1629284940247,,,
group questions,/data/child_identification,1629284942544,1629284994450,,,
question,/data/child_identification/a1_a_4a,1629284942544,1629284994450,,T-F0101-P0094,
group questions,/data/summary,1629284994474,1629285628181,,,
question,/data/summary/comments,1629284994475,1629285628181,,The care provider walked after waiting for consultation as she took the child to the water tap to drink water ,
end screen,,1629285628219,1629285630636,,,
change reason,,1629285657255,,,,additional information 
form save,,1629285657470,,,,
form exit,,1629285657470,,,,
form resume,,1629301478648,,,,
jump,,1629301478649,1629301480741,,,
group questions,/data/front_page,1629301480766,1629301483200,,,
group questions,/data/visit_start,1629301483230,1629301492372,,,
group questions,/data/child_identification,1629301530075,1629301533279,,,
group questions,/data/summary,1629301533320,1629301539318,,,
end screen,,1629301539370,1629301562700,,,
form save,,1629301563140,,,,
form exit,,1629301563140,,,,
form finalize,,1629301563140,,,,
