event,node,start,end,old-value,new-value,change-reason
form start,,1629270750523,,,,
group questions,/data/front_page,1629270750525,1629270757966,,,
group questions,/data/visit_start,1629270757981,1629270870572,,,
question,/data/visit_start/b1_4,1629270757982,1629270870572,Kaliua,Sengerema,
question,/data/visit_start/fcode,1629270757985,1629270870572,F0001,F0022,
question,/data/visit_start/arrival,1629270757985,1629270870572,,OK,
question,/data/steps[1]/step_type,1629270870611,1629270947761,,7,
question,/data/steps[2]/step_type,1629270947795,1629271409521,,2,
question,/data/steps[3]/step_type,1629271409560,1629271826665,,3,
question,/data/steps[4]/step_type,1629271826704,1629271846692,,7,
question,/data/steps[5]/step_type,1629271846728,1629272014185,,2,
question,/data/steps[6]/step_type,1629272014220,1629272072964,,1,
question,/data/steps[7]/step_type,1629272072997,1629272560378,,4,
question,/data/steps[8]/step_type,1629272560426,1629272591817,,7,
question,/data/steps[9]/step_type,1629272591850,1629272808476,,2,
question,/data/steps[10]/step_type,1629272808516,1629272894485,,6,
group questions,/data/child_identification,1629272894515,1629272965873,,,
question,/data/child_identification/a1_a_4a,1629272894515,1629272965873,,T-F0022-P0057,
group questions,/data/summary,1629272965894,1629273246175,,,
question,/data/summary/comments,1629272965895,1629273246175,,Registered nurse did not use neither pox nor IMCI guideline,
end screen,,1629273246207,1629273251396,,,
form save,,1629273251620,,,,
form exit,,1629273251620,,,,
form resume,,1629287443681,,,,
jump,,1629287443682,1629287454499,,,
group questions,/data/front_page,1629287454518,1629287456772,,,
form exit,,1629287456772,,,,
form resume,,1629287470996,,,,
jump,,1629287470996,1629287483349,,,
group questions,/data/front_page,1629287483369,1629287485228,,,
form exit,,1629287485228,,,,
form resume,,1629314173596,,,,
jump,,1629314173596,1629316158593,,,
group questions,/data/summary,1629315848263,1629316158593,,,
question,/data/summary/comments,1629315848264,1629316158593,Registered nurse did not use neither pox nor IMCI guideline,"Consultation was done by Registered nurse. 
Both registration and consultation were done in consultation room. 
Registered nurse did not use neither pox nor IMCI guideline.",
end screen,,1629316158636,1629316212334,,,
change reason,,1629316235710,,,,Added more observations 
form save,,1629316236061,,,,
form exit,,1629316236061,,,,
form finalize,,1629316236061,,,,
