event,node,start,end,old-value,new-value,change-reason
form start,,1629101626376,,,,
group questions,/data/front_page,1629101626379,1629101627612,,,
group questions,/data/visit_start,1629101627626,1629101666963,,,
question,/data/visit_start/fcode,1629101627630,1629101666963,F0081,F0083,
question,/data/visit_start/arrival,1629101627630,1629101666963,,OK,
question,/data/steps[1]/step_type,1629101667005,1629101672158,,7,
question,/data/steps[2]/step_type,1629101672191,1629101751997,,2,
question,/data/steps[3]/step_type,1629101752040,1629101765416,,7,
question,/data/steps[4]/step_type,1629101765485,1629102496267,,99,
question,/data/steps[5]/step_type,1629102496503,1629102503841,,7,
question,/data/steps[6]/step_type,1629102503875,1629112655554,,2,
group questions,/data/child_identification,1629112655605,1629112658256,,,
question,/data/steps[6]/step_end,1629112658279,1629112664668,2,1,
question,/data/steps[7]/step_type,1629112664713,1629112688456,,7,
question,/data/steps[8]/step_type,1629112688489,1629114305269,,4,
group questions,/data/child_identification,1629114305336,1629114308456,,,
question,/data/steps[8]/step_end,1629114308481,1629114317685,2,1,
question,/data/steps[9]/step_type,1629114317755,1629114325193,,7,
question,/data/steps[10]/step_type,1629114325224,1629114871014,,2,
question,/data/steps[11]/step_type,1629114871054,1629114925463,,99,
question,/data/steps[12]/step_type,1629114925799,1629114983026,,7,
question,/data/steps[13]/step_type,1629114983058,1629115166460,,4,
question,/data/steps[14]/step_type,1629115166521,1629115170623,,7,
question,/data/steps[15]/step_type,1629115170657,1629115414756,,6,
question,/data/steps[16]/step_type,1629115414783,1629115420973,,7,
question,/data/steps[17]/step_type,1629115421000,1629115753016,,99,
group questions,/data/child_identification,1629115754199,1629116012475,,,
question,/data/child_identification/a1_a_4a,1629115754199,1629116012475,,T-F0083-P0139,
group questions,/data/summary,1629116012500,1629139304912,,,
end screen,,1629139304949,1629139336140,,,
form save,,1629139336411,,,,
form exit,,1629139336411,,,,
form resume,,1629139540624,,,,
jump,,1629139540624,1629139561889,,,
group questions,/data/visit_start,1629139550126,1629139561889,,,
form save,,1629139562189,,,,
form exit,,1629139562189,,,,
form resume,,1629304113150,,,,
jump,,1629304113150,1629304118547,,,
group questions,/data/front_page,1629304118574,1629304119640,,,
group questions,/data/visit_start,1629304119654,1629304129245,,,
group questions,/data/child_identification,1629304151130,1629304154340,,,
group questions,/data/summary,1629304154364,1629304183947,,,
end screen,,1629304183988,1629304191476,,,
form save,,1629304191779,,,,
form exit,,1629304200328,,,,
form resume,,1629304211515,,,,
jump,,1629304211515,1629304215678,,,
group questions,/data/front_page,1629304215700,1629304216757,,,
group questions,/data/visit_start,1629304216773,1629304220660,,,
question,/data/steps[4]/step_type,1629304239386,1629304266729,99,2,
group questions,/data/visit_start,1629304272042,1629304274204,,,
question,/data/steps[3]/step_type,1629304307113,1629304321138,7,99,
question,/data/steps[3]/step_other,1629304329316,1629304347194,,RA area,
group questions,/data/visit_start,1629304365814,1629304367891,,,
question,/data/steps[3]/step_type,1629304424885,1629304437654,99,7,
group questions,/data/visit_start,1629304532892,1629304536805,,,
question,/data/steps[4]/step_type,1629304613750,1629304655042,2,99,
question,/data/steps[10]/step_type,1629304708724,1629304736242,2,7,
question,/data/steps[11]/step_other,1629304796640,1629305128132,RA room to recheck oxygen in the blood,Caregiver moved with  medical attendant in  the RA room  whereby the MA checked again oxygen concentration  using POX tool ,
question,/data/steps[17]/step_other,1629305165914,1629305228885,RA room to finalise the enrollment  and pox readings done  by MA  readings 97,RA room to finalise enrollment processes,
group questions,/data/child_identification,1629305229424,1629305239103,,,
group questions,/data/summary,1629305239128,1629306321188,,,
question,/data/summary/comments,1629305239128,1629306321188,,"Waiting area
-Patiets were crowded both at RCH, Antenatal and OPD areas. 

Consultation  area
- Cliician was out of the office,so patients were attended  by Enroed Nurse - EN who was doing first Antenatal  services.
-She tried to use eCDSA at first it was loading then she managed  
to use it
- POX readings  was 85 so she was planning  to make referral

While caregiver  walking to go pharmacy  to take some medications, she interacted with medical attendant  and decided  to go at RA room to check  again  Oxygen  using POX 
And shared the readings  97 with EN at consultation  area 
",
end screen,,1629306321233,1629306331744,,,
change reason,,1629306366983,,,,Writing  obervations properly 
form save,,1629306367433,,,,
form exit,,1629306367433,,,,
form finalize,,1629306367433,,,,
