event,node,start,end,old-value,new-value,change-reason
form start,,1629276522031,,,,
group questions,/data/front_page,1629276522032,1629276525271,,,
group questions,/data/visit_start,1629276525285,1629276537570,,,
question,/data/visit_start/b1_4,1629276525286,1629276537570,,Tanga,
question,/data/steps[1]/step_type,1629276537605,1629276604982,,1,
question,/data/steps[2]/step_type,1629276605017,1629276615312,,7,
question,/data/steps[3]/step_type,1629276615343,1629276650693,,5,
question,/data/steps[4]/step_type,1629276650727,1629276664076,,7,
question,/data/steps[5]/step_type,1629276664110,1629278528497,,2,
question,/data/steps[6]/step_type,1629278528536,1629278538785,,7,
question,/data/steps[7]/step_type,1629278538817,1629278669856,,5,
question,/data/steps[8]/step_type,1629278669886,1629278692004,,7,
question,/data/steps[9]/step_type,1629278692032,1629278805381,,2,
question,/data/steps[10]/step_type,1629278805419,1629278814324,,7,
question,/data/steps[11]/step_type,1629278814355,1629279103089,,6,
group questions,/data/child_identification,1629279103132,1629279275667,,,
question,/data/child_identification/a1_a_4,1629279103132,1629279275667,,T-F0029-P0062,
group questions,/data/summary,1629279275692,1629279313906,,,
group questions,/data/child_identification,1629279313945,1629279391351,,,
group questions,/data/summary,1629279391371,1629279607249,,,
end screen,,1629279607290,1629279610466,,,
form save,,1629279610681,,,,
form exit,,1629279610682,,,,
form resume,,1629301507318,,,,
jump,,1629301507319,1629301544503,,,
group questions,/data/front_page,1629301544524,1629301546235,,,
group questions,/data/visit_start,1629301546250,1629301547962,,,
group questions,/data/child_identification,1629301572135,1629301579515,,,
group questions,/data/child_identification,1629301587570,1629301606583,,,
group questions,/data/summary,1629301606604,1629301609102,,,
end screen,,1629301609141,1629301614444,,,
group questions,/data/summary,1629301614444,1629301906995,,,
question,/data/summary/comments,1629301614445,1629301906995,,"There was deviation from the norm as the patient  went straight to the labaratory  for testing and prescription, there was no consultation. ",
end screen,,1629301907029,1629301911782,,,
group questions,/data/summary,1629301911783,1629301956547,,,
end screen,,1629301956582,1629302049281,,,
change reason,,1629302198325,,,,Process verification 
form save,,1629302198708,,,,
form exit,,1629302198708,,,,
form finalize,,1629302198708,,,,
