event,node,start,end,old-value,new-value,change-reason
form start,,1629273974436,,,,
group questions,/data/front_page,1629273974438,1629273976254,,,
group questions,/data/visit_start,1629273976274,1629273982626,,,
question,/data/visit_start/arrival,1629273976277,1629273982626,,OK,
question,/data/steps[1]/step_type,1629273982667,1629273989791,,7,
question,/data/steps[2]/step_type,1629273989823,1629274020987,,1,
question,/data/steps[3]/step_type,1629274021019,1629274460601,,99,
question,/data/steps[4]/step_type,1629274460684,1629274498867,,7,
question,/data/steps[5]/step_type,1629274498902,1629274686416,,99,
question,/data/steps[6]/step_type,1629274686576,1629274720432,,7,
question,/data/steps[7]/step_type,1629274720465,1629275853096,,2,
question,/data/steps[8]/step_type,1629275853137,1629276139726,,4,
question,/data/steps[9]/step_type,1629276139788,1629276262330,,7,
question,/data/steps[10]/step_type,1629276262362,1629276336599,,99,
question,/data/steps[11]/step_type,1629276336693,1629276431335,,7,
question,/data/steps[12]/step_type,1629276431369,1629278191043,,2,
question,/data/steps[13]/step_type,1629278191085,1629282262107,,5,
question,/data/steps[14]/step_type,1629282262143,1629282291698,,4,
question,/data/steps[14]/step_end,1629282300088,1629282322606,,1,
question,/data/steps[15]/step_type,1629282371100,1629282376456,,7,
question,/data/steps[16]/step_type,1629282376491,1629282836677,,2,
jump,,1629282836677,1629282841888,,,
question,/data/steps[16]/step_end,1629282841948,1629283014688,,1,
question,/data/steps[17]/step_type,1629283014728,1629283053013,,6,
question,/data/steps[18]/step_type,1629283053043,1629283124381,,99,
group questions,/data/child_identification,1629283124438,1629283564588,,,
question,/data/child_identification/a1_a_4a,1629283124438,1629283564588,,T-F0010-P0211,
group questions,/data/summary,1629283564607,1629283763893,,,
question,/data/summary/comments,1629283564608,1629283763893,,Please note: I overlooked after step 13 which took 5minutes the care giver waited for 1 hour to enter consultation round two . The CO had gone for lunch,
end screen,,1629283763928,1629283765807,,,
form save,,1629283766131,,,,
form exit,,1629283766131,,,,
form resume,,1629349673106,,,,
jump,,1629349673106,1629349675268,,,
group questions,/data/front_page,1629349675293,1629349677450,,,
group questions,/data/visit_start,1629349677465,1629349680914,,,
question,/data/steps[3]/step_other,1629349686353,1629349697829,RA,Research Assistant ,
question,/data/steps[5]/step_other,1629349700947,1629349725690,TB screening,TB scoring,
question,/data/steps[12]/waiting/waiting_comment,1629349766341,1629349792325,Laboratory,Laboratory (,
question,/data/steps[12]/waiting/waiting_comment,1629349800323,1629349812065,Laboratory (,Laboratory ,
question,/data/steps[18]/step_other,1629349847312,1629349857698,RA,Research Assistant ,
group questions,/data/child_identification,1629349857856,1629349860440,,,
group questions,/data/summary,1629349860465,1629349899100,,,
question,/data/summary/comments,1629349860466,1629349899100,Please note: I overlooked after step 13 which took 5minutes the care giver waited for 1 hour to enter consultation round two . The CO had gone for lunch,"Please note: I overlooked after step 13 (which took 5minutes) the care giver waited for 1 hour to enter consultation round two . 

The Clinical Officer had gone for lunch",
end screen,,1629349899145,1629349901385,,,
change reason,,1629349933716,,,,Adding Comments and explanation on the long lab testing time
form save,,1629349934193,,,,
form exit,,1629349934193,,,,
form finalize,,1629349934193,,,,
