event,node,start,end,old-value,new-value,change-reason
form start,,1629182435326,,,,
group questions,/data/front_page,1629182435331,1629182436749,,,
group questions,/data/visit_start,1629182436808,1629182450816,,,
question,/data/visit_start/fcode,1629182436817,1629182450816,F0083,F0082,
question,/data/visit_start/arrival,1629182436817,1629182450816,,OK,
question,/data/steps[1]/step_type,1629182450851,1629183143348,,2,
question,/data/steps[2]/step_type,1629183143397,1629183213770,,1,
question,/data/steps[3]/step_type,1629183213809,1629183266387,,7,
question,/data/steps[4]/step_type,1629183266433,1629183361556,,99,
question,/data/steps[5]/step_type,1629183361682,1629183458715,,99,
question,/data/steps[6]/step_type,1629183459083,1629183465604,,7,
question,/data/steps[7]/step_type,1629183465641,1629185833276,,2,
question,/data/steps[8]/step_type,1629185833315,1629185839162,,7,
question,/data/steps[9]/step_type,1629185839193,1629186536277,,4,
question,/data/steps[10]/step_type,1629186536339,1629186540639,,7,
question,/data/steps[11]/step_type,1629186540674,1629187699632,,2,
question,/data/steps[12]/step_type,1629187699674,1629187707264,,7,
question,/data/steps[13]/step_type,1629187707296,1629187832807,,5,
question,/data/steps[14]/step_type,1629187832839,1629187843126,,7,
question,/data/steps[15]/step_type,1629187843158,1629188389826,,2,
group questions,/data/child_identification,1629188389864,1629189186119,,,
group questions,/data/child_identification,1629189194750,1629189198240,,,
question,/data/steps[15]/step_end,1629189198266,1629189207305,2,1,
question,/data/steps[16]/step_type,1629189207360,1629189582012,,2,
question,/data/steps[17]/step_type,1629189582058,1629189671104,,7,
question,/data/steps[18]/step_type,1629189671131,1629194164362,,2,
question,/data/steps[19]/step_type,1629194164406,1629194180973,,7,
question,/data/steps[18]/step_type,1629194181001,1629194187124,2,5,
question,/data/steps[19]/step_end,1629194187185,1629194193503,,1,
question,/data/steps[20]/step_type,1629194193536,1629194302790,,4,
question,/data/steps[21]/step_type,1629194302835,1629194352599,,7,
question,/data/steps[22]/step_type,1629194352644,1629194386939,,2,
question,/data/steps[23]/step_type,1629194386999,1629194412296,,6,
question,/data/steps[24]/step_type,1629194412342,1629194675146,,99,
question,/data/steps[25]/step_type,1629194675304,1629194679577,,7,
group questions,/data/child_identification,1629194679611,1629194833522,,,
question,/data/child_identification/a1_a_4a,1629194679611,1629194833522,,T-F0010-P0199,
group questions,/data/summary,1629194833547,1629195353654,,,
end screen,,1629195353697,1629195356770,,,
form save,,1629195357157,,,,
form exit,,1629195357157,,,,
form resume,,1629265361054,,,,
jump,,1629265361054,1629265368526,,,
end screen,,1629265368549,1629265374547,,,
form exit,,1629265374547,,,,
form resume,,1629265385528,,,,
jump,,1629265385529,1629265454859,,,
group questions,/data/front_page,1629265454882,1629265458114,,,
group questions,/data/visit_start,1629265458129,1629265459892,,,
form exit,,1629268828733,,,,
form resume,,1629302047473,,,,
jump,,1629302047474,1629302055971,,,
group questions,/data/front_page,1629302055993,1629302056969,,,
group questions,/data/visit_start,1629302056983,1629302101110,,,
question,/data/visit_start/fcode,1629302056988,1629302101110,F0082,F0083,
group questions,/data/visit_start,1629302142434,1629302148510,,,
question,/data/steps[22]/waiting/waiting_comment,1629302372605,1629302419612,Tomorrow medicines,To collect medicines at dispensing  area,
question,/data/steps[24]/step_other,1629302427471,1629302499640,Back to RA,Back to RA to finalise enrollment process,
group questions,/data/child_identification,1629302505609,1629302513291,,,
group questions,/data/summary,1629302513315,1629303948466,,,
question,/data/summary/comments,1629302513316,1629303948466,,"Consultation rooms  situated in OPD block however the Laboratory block is a bit far from consultation  rooms so patients need to walk and there is no interconnections corridors between departments.

The RA screen is very  close to the service window  of dispensing  room",
end screen,,1629303948504,1629303960095,,,
change reason,,1629304007263,,,,Writing  some observations 
form save,,1629304007759,,,,
form exit,,1629304007759,,,,
form finalize,,1629304007759,,,,
