event,node,start,end,old-value,new-value,change-reason
form start,,1629440117468,,,,
group questions,/data/front_page,1629440117470,1629440119817,,,
group questions,/data/visit_start,1629440119841,1629440126563,,,
question,/data/visit_start/arrival,1629440119847,1629440126563,,OK,
question,/data/steps[1]/step_type,1629440126604,1629440182532,,1,
question,/data/steps[2]/step_type,1629440182573,1629440192251,,7,
question,/data/steps[3]/step_type,1629440192290,1629440753055,,2,
question,/data/steps[4]/step_type,1629440753099,1629440800204,,7,
question,/data/steps[5]/step_type,1629440800237,1629441229772,,2,
question,/data/steps[6]/step_type,1629441229817,1629441367342,,4,
question,/data/steps[7]/step_type,1629441367397,1629441474184,,7,
question,/data/steps[8]/step_type,1629441474217,1629441801487,,2,
question,/data/steps[9]/step_type,1629441801527,1629441933808,,5,
question,/data/steps[10]/step_type,1629441933841,1629443507903,,2,
question,/data/steps[11]/step_type,1629443507947,1629443589442,,7,
question,/data/steps[12]/step_type,1629443589474,1629443864774,,2,
question,/data/steps[12]/step_end,1629443697812,1629443864774,,1,
question,/data/steps[13]/step_type,1629443864818,1629443896299,,7,
question,/data/steps[14]/step_type,1629443896334,1629444282417,,2,
question,/data/steps[15]/step_type,1629444282558,1629445029625,,99,
group questions,/data/child_identification,1629445029695,1629445032840,,,
question,/data/steps[15]/step_end,1629445032865,1629447341154,2,1,
question,/data/steps[16]/step_type,1629447341198,1629447422426,,7,
question,/data/steps[17]/step_type,1629447422460,1629448799960,,2,
question,/data/steps[18]/step_type,1629448800007,1629449292183,,4,
question,/data/steps[19]/step_type,1629449292226,1629449398756,,7,
question,/data/steps[20]/step_type,1629449398791,1629449614881,,6,
group questions,/data/child_identification,1629449614913,1629449669040,,,
jump,,1629449669041,1629449671180,,,
end screen,,1629449671235,1629449675081,,,
form save,,1629449675396,,,,
form exit,,1629449675396,,,,
form resume,,1629460359903,,,,
jump,,1629460359904,1629460361393,,,
end screen,,1629460361412,1629460364571,,,
group questions,/data/summary,1629460364572,1629460370010,,,
end screen,,1629460370052,1629460372505,,,
form save,,1629460372765,,,,
form exit,,1629460372765,,,,
form resume,,1629460376778,,,,
jump,,1629460376778,1629460379106,,,
group questions,/data/front_page,1629460379127,1629460380295,,,
group questions,/data/visit_start,1629460380310,1629460381250,,,
group questions,/data/visit_start,1629460382797,1629460387609,,,
group questions,/data/child_identification,1629460403363,1629460478851,,,
question,/data/child_identification/a1_a_4,1629460403363,1629460478851,,T-F0101-P0100,
group questions,/data/summary,1629460478874,1629460480012,,,
end screen,,1629460480048,1629460486108,,,
change reason,,1629460498520,,,,qr code
form save,,1629460498794,,,,
form exit,,1629460498794,,,,
form resume,,1629468840501,,,,
jump,,1629468840501,1629468902800,,,
group questions,/data/front_page,1629468902821,1629468904015,,,
group questions,/data/visit_start,1629468904028,1629468905226,,,
group questions,/data/child_identification,1629468933413,1629468938597,,,
group questions,/data/summary,1629468938617,1629469229902,,,
question,/data/summary/comments,1629468938618,1629469229902,,"There was a change in process as the caregiver while waiting for consultation round 2 decided to go to the RCH clinic instead.

While at the pharmacy the caregiver gave the patient medicine as advised by the healthcare provider",
end screen,,1629469229942,1629469234394,,,
change reason,,1629469250633,,,,additional information
form save,,1629469250885,,,,
form exit,,1629469250885,,,,
form resume,,1629469582588,,,,
jump,,1629469582588,1629469583929,,,
end screen,,1629469583982,1629469585970,,,
form save,,1629469586401,,,,
form exit,,1629469586401,,,,
form finalize,,1629469586401,,,,
