event,node,start,end,old-value,new-value,change-reason
form start,,1629356309105,,,,
group questions,/data/front_page,1629356309109,1629356310398,,,
group questions,/data/visit_start,1629356310446,1629356323445,,,
question,/data/visit_start/arrival,1629356310462,1629356323445,,OK,
question,/data/steps[1]/step_type,1629356323487,1629357112140,,2,
question,/data/steps[2]/step_type,1629357112188,1629357118014,,7,
question,/data/steps[3]/step_type,1629357118055,1629358737163,,99,
question,/data/steps[4]/step_type,1629358737374,1629358751319,,7,
question,/data/steps[5]/step_type,1629358751356,1629364915460,,2,
question,/data/steps[6]/step_type,1629364915509,1629364925706,,7,
question,/data/steps[7]/step_type,1629364925743,1629366240342,,4,
question,/data/steps[8]/step_type,1629366240414,1629366247613,,7,
question,/data/steps[9]/step_type,1629366247646,1629366810325,,2,
question,/data/steps[10]/step_type,1629366810365,1629366821191,,7,
question,/data/steps[10]/step_end,1629366986731,1629366990213,,1,
question,/data/steps[11]/step_type,1629366990251,1629367079530,,6,
question,/data/steps[12]/step_type,1629367079565,1629367088042,,7,
question,/data/steps[13]/step_type,1629367088077,1629367217643,,2,
question,/data/steps[14]/step_type,1629367217679,1629367376473,,99,
question,/data/steps[15]/step_type,1629367376763,1629367385453,,7,
group questions,/data/child_identification,1629367385487,1629367458082,,,
question,/data/child_identification/a1_a_4a,1629367385487,1629367458082,,T-F0083-P0149,
group questions,/data/summary,1629367458105,1629367505665,,,
end screen,,1629367505704,1629367511224,,,
form save,,1629367511490,,,,
form exit,,1629367511490,,,,
form resume,,1629368632084,,,,
jump,,1629368632085,1629368639008,,,
group questions,/data/front_page,1629368639031,1629368640138,,,
group questions,/data/visit_start,1629368640155,1629368644793,,,
group questions,/data/child_identification,1629368707401,1629368709533,,,
group questions,/data/summary,1629368709556,1629368888301,,,
question,/data/summary/comments,1629368709557,1629368888301,,"-Waiting  area few patients  seen in waiting  lines 
-No  registration  today
-RA enrollment done
In the consultation  room",
group questions,/data/child_identification,1629368888339,1629368892790,,,
group questions,/data/summary,1629368892812,1629368894186,,,
end screen,,1629368894225,1629368897055,,,
group questions,/data/summary,1629368897056,1629369532798,,,
question,/data/summary/comments,1629368897057,1629369532798,"-Waiting  area few patients  seen in waiting  lines 
-No  registration  today
-RA enrollment done
In the consultation  room","-Waiting  area few patients  seen in waiting  lines 
-No  registration  today
-enrollment done but child was crying so the RA decided to came out with the caregiver  and enrollment  done under the tree.

In the consultation  room
-EN introducing TIMCI team to the caregiver 
- History taking
-Physical examination 
-Use of all TIMCI tool including  POX and eCDSA
",
end screen,,1629369532832,1629369540503,,,
change reason,,1629369565047,,,,writing  the observations 
form save,,1629369565308,,,,
form exit,,1629369565308,,,,
form resume,,1629401209663,,,,
jump,,1629401209664,1629401215510,,,
group questions,/data/front_page,1629401215534,1629401216808,,,
group questions,/data/visit_start,1629401216825,1629401221075,,,
group questions,/data/child_identification,1629401234600,1629401235324,,,
group questions,/data/summary,1629401235348,1629401236685,,,
end screen,,1629401236725,1629401239371,,,
group questions,/data/summary,1629401239371,1629401987973,,,
question,/data/summary/comments,1629401239372,1629401987973,"-Waiting  area few patients  seen in waiting  lines 
-No  registration  today
-enrollment done but child was crying so the RA decided to came out with the caregiver  and enrollment  done under the tree.

In the consultation  room
-EN introducing TIMCI team to the caregiver 
- History taking
-Physical examination 
-Use of all TIMCI tool including  POX and eCDSA","-Waiting  area few patients  seen in waiting  lines 
-No  registration  today
-enrollment done but child was crying so the RA decided to follow the caregiver  and did  enrollment  under the tree.

In the consultation  room
-EN introducing TIMCI team to the caregiver 
- History taking
-Physical examination 
-Use of all TIMCI tool including  POX and eCDSA
- The asked the caregiver   about  HIV status and TB  history  in her family.
-Laboratory test ( blood test)
-Shared laboratory  results and diagnosis.
-Insisting the caregiver to come back for Vit A on the month of 6th
- Document  the POX readings, Diagnosis and management plan.

Waiting at dispensing area till the EN finished to attend all patients 

Patient  went back to RA room  to finalise  enrollment process",
end screen,,1629401988006,1629402011316,,,
change reason,,1629402027857,,,,writing observations 
form save,,1629402028335,,,,
form exit,,1629402028335,,,,
form finalize,,1629402028335,,,,
