event,node,start,end,old-value,new-value,change-reason
form start,,1629357368694,,,,
group questions,/data/front_page,1629357368697,1629357371750,,,
group questions,/data/visit_start,1629357371768,1629358500873,,,
question,/data/visit_start/b1_4,1629357371768,1629358500873,,Sengerema,
question,/data/steps[1]/step_type,1629358500909,1629358537022,,7,
question,/data/steps[2]/step_type,1629358537050,1629358606570,,2,
question,/data/steps[3]/step_type,1629358606610,1629358620750,,7,
question,/data/steps[4]/step_type,1629358620783,1629358648892,,1,
question,/data/steps[5]/step_type,1629358648923,1629359063610,,4,
question,/data/steps[6]/step_type,1629359063679,1629359137204,,7,
question,/data/steps[7]/step_type,1629359137238,1629359325658,,5,
question,/data/steps[8]/step_type,1629359325691,1629359600895,,2,
question,/data/steps[9]/step_type,1629359600937,1629359606938,,7,
question,/data/steps[10]/step_type,1629359606970,1629359643614,,5,
question,/data/steps[11]/step_type,1629359643647,1629359713467,,7,
question,/data/steps[12]/step_type,1629359713502,1629360102340,,4,
question,/data/steps[13]/step_type,1629360102410,1629360122926,,7,
question,/data/steps[14]/step_type,1629360122954,1629360159536,,2,
question,/data/steps[15]/step_type,1629360159575,1629360311371,,6,
question,/data/steps[15]/step_end,1629360322107,1629360371403,,2,
group questions,/data/child_identification,1629360371439,1629360440338,,,
question,/data/child_identification/a1_a_4,1629360371439,1629360440338,,T-F0087-P0079,
group questions,/data/summary,1629360440362,1629360575509,,,
group questions,/data/child_identification,1629360575544,1629360577868,,,
question,/data/steps[14]/waiting/waiting_comment,1629360582742,1629360615119,Dispensing,Dispensing (Pharmacy ).,
group questions,/data/child_identification,1629360620504,1629360623413,,,
group questions,/data/summary,1629360623430,1629361262217,,,
question,/data/summary/comments,1629360623431,1629361262217,,"Registration and  consultation  conducted at  the same room ( consultation room). Was done by Clinical  Assistant.
Lab  investigation   ( blood test for malaria) was done by Clinical  Officer , Lab  Technician is on  leave.
Dispensing of medicine to patient was done by Nurse  Attendant.",
end screen,,1629361262257,1629361267981,,,
form save,,1629361268245,,,,
form exit,,1629361268245,,,,
form resume,,1629361278515,,,,
jump,,1629361278515,1629361280716,,,
group questions,/data/front_page,1629361280737,1629361282714,,,
group questions,/data/visit_start,1629361282730,1629361286947,,,
form exit,,1629441280116,,,,
form resume,,1629441285409,,,,
jump,,1629441285409,1629441288005,,,
group questions,/data/front_page,1629441288023,1629441294564,,,
form exit,,1629441294564,,,,
form resume,,1629441382398,,,,
jump,,1629441382399,1629441397668,,,
end screen,,1629441397695,1629441401397,,,
form save,,1629441401776,,,,
form exit,,1629441401776,,,,
form finalize,,1629441401776,,,,
