event,node,start,end,old-value,new-value,change-reason
form start,,1629359033360,,,,
group questions,/data/front_page,1629359033365,1629359036298,,,
group questions,/data/visit_start,1629359036315,1629359061897,,,
question,/data/visit_start/b1_4,1629359036316,1629359061897,,Sengerema,
question,/data/steps[1]/step_type,1629359061930,1629359074260,,7,
question,/data/steps[2]/step_type,1629359074290,1629360142354,,99,
question,/data/steps[3]/step_type,1629360142642,1629360178444,,7,
question,/data/steps[4]/step_type,1629360178476,1629360354250,,2,
question,/data/steps[5]/step_type,1629360354293,1629360366813,,7,
question,/data/steps[6]/step_type,1629360366845,1629360435497,,2,
question,/data/steps[4]/waiting/waiting_comment,1629360438591,1629360505716,Waiting for Trage,Waiting to collect  file  from dispensing room,
question,/data/steps[6]/step_end,1629360516155,1629360848098,,1,
question,/data/steps[7]/step_type,1629360854035,1629360870933,,7,
question,/data/steps[8]/step_type,1629360877588,1629360893506,,4,
question,/data/steps[9]/step_type,1629360893557,1629360921701,,7,
question,/data/steps[10]/step_type,1629360921729,1629361309265,,3,
question,/data/steps[10]/step_end,1629360958848,1629361309265,,1,
question,/data/steps[11]/step_type,1629361340694,1629361348195,,7,
question,/data/steps[12]/step_type,1629361348226,1629361491500,,6,
question,/data/steps[12]/step_type,1629361511211,1629361904878,6,2,
question,/data/steps[12]/step_end,1629361511211,1629361904878,,1,
question,/data/steps[13]/step_type,1629361904924,1629361928546,,7,
question,/data/steps[14]/step_type,1629361928576,1629362250750,,4,
question,/data/steps[15]/step_type,1629362250809,1629362302152,,7,
question,/data/steps[16]/step_type,1629362302184,1629362543322,,5,
question,/data/steps[17]/step_type,1629362543353,1629362604590,,7,
question,/data/steps[18]/step_type,1629362604623,1629362639606,,99,
question,/data/steps[19]/step_type,1629362639692,1629362670646,,7,
question,/data/steps[20]/step_type,1629362670676,1629362681991,,5,
question,/data/steps[21]/step_type,1629362682022,1629364108152,,2,
question,/data/steps[21]/step_end,1629363512392,1629364108152,,1,
question,/data/steps[22]/step_type,1629364108191,1629364154827,,5,
question,/data/steps[23]/step_type,1629364154975,1629364172837,,7,
question,/data/steps[24]/step_type,1629364172866,1629364619941,,2,
question,/data/steps[25]/step_type,1629364619982,1629364629189,,7,
question,/data/steps[26]/step_type,1629364629221,1629365056614,,4,
question,/data/steps[27]/step_type,1629365056657,1629365090117,,7,
question,/data/steps[28]/step_type,1629365090147,1629365739964,,6,
question,/data/steps[29]/step_type,1629365739998,1629365796735,,7,
question,/data/steps[30]/step_type,1629365796764,1629365883950,,99,
group questions,/data/child_identification,1629365884076,1629365963720,,,
question,/data/child_identification/a1_a_4a,1629365884076,1629365963720,,T-F0022-P0061,
group questions,/data/summary,1629365963741,1629366242430,,,
group questions,/data/child_identification,1629366242471,1629366245139,,,
question,/data/steps[4]/waiting/waiting_comment,1629366332293,1629366435123,Waiting to collect  file  from dispensing room," Near dispensing room,waiting to collect patient file  ",
group questions,/data/child_identification,1629366772635,1629366774889,,,
group questions,/data/summary,1629366774912,1629367954946,,,
question,/data/summary/comments,1629366774913,1629367954946,,"Step 8,staff didn't attend  the patient and told the  caregiver to return first to
 triage inorder  to measure  body temperature  and weight.It is a normal process  for all patients under 5 to pass Triage/RCH for check  body temperature  and weight before attending Registration/Consultation. 
Step 9 Caregiver returned  to Triage. 
Step12,Caregiver  waiting near dispensing room to take drug for giving patient due to high temperature.
Staff is not in the dispansing room, after caregiver and patient spending sometime thus the staff attended her  in Triage  directed caregiver to go consultation room.",
end screen,,1629367954980,1629367965933,,,
form save,,1629367966535,,,,
form exit,,1629367966535,,,,
form finalize,,1629367966535,,,,
