event,node,start,end,old-value,new-value,change-reason
form start,,1628576671942,,,,
group questions,/data/front_page,1628576671945,1628576673085,,,
group questions,/data/visit_start,1628576673100,1628576689134,,,
question,/data/visit_start/b1_4,1628576673101,1628576689134,,Kaliua,
question,/data/steps[1]/step_type,1628576689174,1628576706308,,7,
question,/data/steps[2]/step_type,1628576706351,1628577961918,,2,
question,/data/steps[3]/step_type,1628577961959,1628577966704,,7,
question,/data/steps[4]/step_type,1628577966737,1628578016701,,1,
question,/data/steps[5]/step_type,1628578016735,1628578062603,,7,
question,/data/steps[6]/step_type,1628578062638,1628578221425,,2,
question,/data/steps[7]/step_type,1628578221467,1628578229863,,7,
question,/data/steps[8]/step_type,1628578229901,1628578651884,,4,
question,/data/steps[9]/step_type,1628578651943,1628578725920,,7,
question,/data/steps[10]/step_type,1628578725957,1628579146558,,2,
question,/data/steps[11]/step_type,1628579146602,1628579166129,,7,
question,/data/steps[12]/step_type,1628579166166,1628579454200,,5,
question,/data/steps[13]/step_type,1628579454240,1628579561829,,99,
question,/data/steps[13]/step_type,1628579567553,1628579575954,99,7,
question,/data/steps[13]/step_end,1628579567553,1628579575954,,1,
question,/data/steps[14]/step_type,1628579575998,1628580256639,,2,
question,/data/steps[15]/step_type,1628580257394,1628580340722,,7,
question,/data/steps[15]/step_end,1628580348144,1628580374506,,1,
question,/data/steps[16]/step_type,1628580374532,1628580469286,,2,
question,/data/steps[17]/step_type,1628580469321,1628580514017,,7,
question,/data/steps[18]/step_type,1628580514045,1628581612680,,99,
question,/data/steps[19]/step_type,1628581613162,1628581697786,,7,
question,/data/steps[20]/step_type,1628581697849,1628582526549,,2,
question,/data/steps[20]/step_end,1628582702799,1628584359674,,1,
question,/data/steps[21]/step_type,1628584359714,1628584421878,,7,
question,/data/steps[22]/step_type,1628584421921,1628586441748,,2,
question,/data/steps[22]/waiting/waiting_comment,1628586711958,1628589560599,Consultation after lab results out,Consultation after lab results out/ No clinician in consultation room/ long waiting line ,
question,/data/steps[22]/step_end,1628586711958,1628589560599,,1,
question,/data/steps[23]/step_type,1628589560637,1628589972096,,4,
question,/data/steps[24]/step_type,1628589972143,1628590016573,,7,
question,/data/steps[25]/step_type,1628590016605,1628591067890,,2,
question,/data/steps[26]/step_type,1628591067929,1628591133877,,6,
group questions,/data/child_identification,1628591133906,1628591304559,,,
question,/data/child_identification/a1_a_4a,1628591133907,1628591304559,,T-F0010-P0115,
group questions,/data/summary,1628591304580,1628591398086,,,
end screen,,1628591398121,1628591420143,,,
form save,,1628591420559,,,,
form save,,1628591426188,,,,
form exit,,1628591426188,,,,
form resume,,1628591450180,,,,
jump,,1628591450180,1628591453320,,,
end screen,,1628591453363,1628591463168,,,
group questions,/data/summary,1628591463169,1628591468587,,,
group questions,/data/child_identification,1628591468633,1628591470874,,,
group questions,/data/summary,1628591470898,1628591471614,,,
end screen,,1628591471655,1628591478960,,,
form save,,1628591479319,,,,
form exit,,1628591479319,,,,
form resume,,1628619315090,,,,
jump,,1628619315090,1628619319169,,,
group questions,/data/front_page,1628619319189,1628619322448,,,
form exit,,1628619322448,,,,
form resume,,1629113547876,,,,
jump,,1629113547876,1629113550322,,,
group questions,/data/front_page,1629113550356,1629113551619,,,
group questions,/data/visit_start,1629113551636,1629113556646,,,
question,/data/steps[14]/waiting/waiting_comment,1629113635925,1629113655486,Waiting in HC shop to buy a matchbox for stool collection,Waiting in HC kiosk to buy a matchbox for stool collection,
question,/data/steps[16]/waiting/waiting_comment,1629113661309,1629113680552,Waiting in another HC shop to buy a matchbox for stool collection,Waiting in another HC kiosk to buy a matchbox for stool collection,
question,/data/steps[22]/waiting/waiting_comment,1629113704938,1629113741752,Consultation after lab results out/ No clinician in consultation room/ long waiting line,Consultation after lab results out,
group questions,/data/child_identification,1629113812131,1629113818536,,,
group questions,/data/summary,1629113818559,1629114955151,,,
question,/data/summary/comments,1629113818560,1629114955151,,"The registration area opened around 0900hrs
Crowded 
Matchbox for stool collection has to be bought in HC kiosk
Lab tests, samples collected first for all patients at that particular day and results given out at once for all patients (only one lab technician)
Urine and stool sample collection from pt done under a tree
During second consultation after lab results were out, the clinician was not in the consultation room for more than an hour
The patient waited in the dispensing area for a few minutes since there was no HCP 
",
end screen,,1629114955185,1629114959737,,,
change reason,,1629114998858,,,,didn't complete other observations 
form save,,1629114999193,,,,
form exit,,1629114999193,,,,
form resume,,1629123303614,,,,
jump,,1629123303614,1629123313872,,,
group questions,/data/front_page,1629123313894,1629123315269,,,
group questions,/data/visit_start,1629123315292,1629123316495,,,
jump,,1629123329094,1629123331024,,,
end screen,,1629123331088,1629123332686,,,
group questions,/data/summary,1629123332687,1629123480401,,,
group questions,/data/child_identification,1629123480446,1629123481983,,,
group questions,/data/summary,1629123482006,1629123530317,,,
form exit,,1629123530317,,,,
form resume,,1629318454964,,,,
jump,,1629318454965,1629318463507,,,
end screen,,1629318463527,1629318467995,,,
form save,,1629318468524,,,,
form exit,,1629318468524,,,,
form finalize,,1629318468524,,,,
