event,node,start,end,old-value,new-value,change-reason
form start,,1629278966996,,,,
group questions,/data/front_page,1629278966998,1629278968706,,,
group questions,/data/visit_start,1629278968732,1629278981297,,,
question,/data/visit_start/b1_4,1629278968733,1629278981297,,Tanga,
question,/data/steps[1]/step_type,1629278981333,1629279241119,,2,
question,/data/steps[2]/step_type,1629279241165,1629279454475,,1,
question,/data/steps[3]/step_type,1629279454508,1629279460745,,7,
question,/data/steps[4]/step_type,1629279460777,1629280142492,,4,
question,/data/steps[5]/step_type,1629280142555,1629280179655,,7,
question,/data/steps[6]/step_type,1629280179686,1629280293154,,2,
question,/data/steps[7]/step_type,1629280293190,1629280441564,,5,
question,/data/steps[8]/step_type,1629280441594,1629280451599,,7,
question,/data/steps[9]/step_type,1629280451631,1629280607115,,2,
question,/data/steps[10]/step_type,1629280607157,1629280616233,,7,
question,/data/steps[11]/step_type,1629280616268,1629280675309,,4,
question,/data/steps[11]/step_end,1629280685675,1629280707945,,1,
question,/data/steps[12]/step_type,1629280707997,1629280737463,,7,
question,/data/steps[13]/step_type,1629280737499,1629280775507,,2,
question,/data/steps[14]/step_type,1629280775550,1629280804627,,6,
group questions,/data/child_identification,1629280804654,1629280841837,,,
question,/data/child_identification/a1_a_4,1629280804655,1629280841837,,T-F0029-P0063,
group questions,/data/summary,1629280842022,1629281082131,,,
question,/data/summary/comments,1629280842023,1629281082131,,The facility is not busy/has no many patients hence no long waiting at each step.,
end screen,,1629281082170,1629281088125,,,
form save,,1629281088357,,,,
form exit,,1629281088357,,,,
form resume,,1629281100225,,,,
jump,,1629281100225,1629281106052,,,
end screen,,1629281106073,1629281113140,,,
form exit,,1629281113140,,,,
form resume,,1629350412656,,,,
jump,,1629350412657,1629350414643,,,
end screen,,1629350414674,1629350416116,,,
form save,,1629350416621,,,,
form exit,,1629350416621,,,,
form finalize,,1629350416621,,,,
