event,node,start,end,old-value,new-value,change-reason
form start,,1629367263221,,,,
group questions,/data/front_page,1629367263222,1629367278621,,,
group questions,/data/visit_start,1629367278633,1629367306235,,,
question,/data/visit_start/arrival,1629367278637,1629367306235,,OK,
question,/data/steps[1]/step_type,1629367306267,1629367384049,,1,
question,/data/steps[2]/step_type,1629367384102,1629367396903,,7,
question,/data/steps[3]/step_type,1629367396935,1629368240887,,2,
question,/data/steps[3]/step_end,1629368246349,1629369548784,,1,
question,/data/steps[4]/step_type,1629369548822,1629369560155,,7,
question,/data/steps[5]/step_type,1629369560186,1629370558905,,4,
question,/data/steps[6]/step_type,1629370558974,1629370596855,,7,
question,/data/steps[7]/step_type,1629370596887,1629370620566,,6,
group questions,/data/child_identification,1629370620599,1629370850862,,,
question,/data/child_identification/a1_a_4,1629370620599,1629370850862,,T-F0101-P0117,
group questions,/data/summary,1629370850885,1629370942720,,,
question,/data/summary/comments,1629370850885,1629370942720,,One doctor available at the facility today,
end screen,,1629370942770,1629370958071,,,
form save,,1629370958245,,,,
form exit,,1629370958245,,,,
form resume,,1629393695026,,,,
jump,,1629393695026,1629393716920,,,
end screen,,1629393716944,1629393719097,,,
form save,,1629393719367,,,,
form exit,,1629393719367,,,,
form finalize,,1629393719367,,,,
