event,node,start,end,old-value,new-value,change-reason
form start,,1629356106809,,,,
group questions,/data/front_page,1629356106812,1629356108166,,,
group questions,/data/visit_start,1629356108190,1629356125919,,,
question,/data/visit_start/fcode,1629356108208,1629356125919,F0010,F0083,
question,/data/visit_start/arrival,1629356108209,1629356125919,,OK,
question,/data/steps[1]/step_type,1629356125960,1629356181588,,2,
question,/data/steps[2]/step_type,1629356181639,1629356734807,,99,
question,/data/steps[2]/step_end,1629356742667,1629357102933,,1,
question,/data/steps[3]/step_type,1629357102971,1629357107516,,7,
question,/data/steps[4]/step_type,1629357107553,1629362823704,,2,
question,/data/steps[5]/step_type,1629362823754,1629362841077,,7,
question,/data/steps[6]/step_type,1629362841113,1629364154782,,4,
question,/data/steps[7]/step_type,1629364154855,1629364163325,,7,
question,/data/steps[8]/step_type,1629364163360,1629366751930,,2,
question,/data/steps[9]/step_type,1629366751969,1629366892657,,6,
question,/data/steps[10]/step_type,1629366892692,1629366963725,,2,
question,/data/steps[11]/step_type,1629366963782,1629366969012,,7,
question,/data/steps[12]/step_type,1629366969056,1629367182617,,99,
group questions,/data/child_identification,1629367182719,1629367414886,,,
question,/data/child_identification/a1_a_4a,1629367182720,1629367414886,,T-F0083-P0148,
group questions,/data/summary,1629367414915,1629368465799,,,
question,/data/summary/comments,1629367414915,1629368465799,,"The dispensary has a few patients today (short waiting line)
The clinician incharge is not around due to administrative activities/ issues.
The EN started providing services at the ANC, then Wound dressing, followed by consultation room, finishing with the dispensing of meds.
Registration and labs are done in the consultation room. (MRDT done to patient, PITC done to both patient and caregiver)
Results of labs given in the consultation room 
Diagnosis and management plan explained to caregiver 
The 12th step: RA TIMCI started at 12:56 to 12:59.",
end screen,,1629368465844,1629368469257,,,
form save,,1629368469545,,,,
form exit,,1629368469545,,,,
form resume,,1629397023179,,,,
jump,,1629397023179,1629397025788,,,
group questions,/data/front_page,1629397025814,1629397026969,,,
group questions,/data/visit_start,1629397026983,1629397033492,,,
group questions,/data/child_identification,1629397224593,1629397229911,,,
group questions,/data/summary,1629397229933,1629397369104,,,
question,/data/summary/comments,1629397229934,1629397369104,"The dispensary has a few patients today (short waiting line)
The clinician incharge is not around due to administrative activities/ issues.
The EN started providing services at the ANC, then Wound dressing, followed by consultation room, finishing with the dispensing of meds.
Registration and labs are done in the consultation room. (MRDT done to patient, PITC done to both patient and caregiver)
Results of labs given in the consultation room 
Diagnosis and management plan explained to caregiver 
The 12th step: RA TIMCI started at 12:56 to 12:59.","-The dispensary has a few patients today (short waiting line)
-The clinician incharge is not around due to administrative activities/ issues.
-The EN started providing services at the ANC, then Wound dressing, followed by consultation room, finishing with the dispensing of meds.
-Registration and labs are done in the consultation room. (MRDT done to patient, PITC done to both patient and caregiver)
-Results of labs given in the consultation room 
-Diagnosis and management plan explained to caregiver 
-The 12th step: RA TIMCI started at 12:56 to 12:59.",
end screen,,1629397369137,1629397374308,,,
change reason,,1629397398192,,,,add other observations 
form save,,1629397398585,,,,
form exit,,1629397398586,,,,
form finalize,,1629397398586,,,,
