event,node,start,end,old-value,new-value,change-reason
form start,,1629443778187,,,,
group questions,/data/front_page,1629443778188,1629443779528,,,
group questions,/data/visit_start,1629443779546,1629443790118,,,
question,/data/visit_start/arrival,1629443779550,1629443790118,,OK,
question,/data/steps[1]/step_type,1629443790169,1629443822413,,7,
question,/data/steps[2]/step_type,1629443822447,1629443885664,,2,
question,/data/steps[3]/step_type,1629443885705,1629443974771,,3,
question,/data/steps[4]/step_type,1629443974818,1629444002584,,7,
question,/data/steps[5]/step_type,1629444002618,1629444072804,,2,
question,/data/steps[5]/step_end,1629444375576,1629448154742,,1,
question,/data/steps[6]/step_type,1629448154785,1629448350653,,1,
question,/data/steps[7]/step_type,1629448350686,1629448536310,,4,
question,/data/steps[8]/step_type,1629448536361,1629448579125,,7,
question,/data/steps[9]/step_type,1629448579160,1629449669749,,5,
question,/data/steps[10]/step_type,1629449669779,1629449699640,,7,
question,/data/steps[11]/step_type,1629449699673,1629450107830,,2,
question,/data/steps[12]/step_type,1629450107873,1629450260597,,4,
question,/data/steps[13]/step_type,1629450260637,1629450293084,,7,
question,/data/steps[14]/step_type,1629450293111,1629450326242,,2,
question,/data/steps[15]/step_type,1629450326280,1629450345103,,5,
question,/data/steps[16]/step_type,1629450345133,1629450370132,,7,
question,/data/steps[17]/step_type,1629450370162,1629450463822,,99,
question,/data/steps[18]/step_type,1629450463903,1629450482794,,7,
question,/data/steps[19]/step_type,1629450482823,1629451321980,,5,
question,/data/steps[20]/step_type,1629451322015,1629451346256,,7,
question,/data/steps[21]/step_type,1629451346289,1629451899445,,4,
question,/data/steps[22]/step_type,1629451899499,1629451927474,,7,
question,/data/steps[23]/step_type,1629451947966,1629452081336,,2,
question,/data/steps[24]/step_type,1629452081375,1629452314573,,6,
question,/data/steps[24]/step_end,1629452316146,1629452320464,1,2,
question,/data/steps[24]/step_end,1629452331634,1629452336457,2,1,
question,/data/steps[25]/step_type,1629452336489,1629452368038,,7,
question,/data/steps[26]/step_type,1629452368067,1629452393128,,4,
question,/data/steps[27]/step_type,1629452410773,1629452421655,,6,
question,/data/steps[27]/step_type,1629452438463,1629452451481,6,7,
question,/data/steps[27]/step_end,1629452438463,1629452451481,,1,
question,/data/steps[28]/step_type,1629452451518,1629452480128,,6,
group questions,/data/child_identification,1629452480159,1629452539403,,,
question,/data/child_identification/a1_a_4a,1629452480159,1629452539403,,T-F0022-P0063,
group questions,/data/summary,1629452539426,1629453128664,,,
question,/data/summary/comments,1629452539426,1629453128664,,"Clinical officer delay to start registration and consultation because there was a meeting in consultation room. 
Caregiver and patient return back to pharmacy for the second time because the nurse attendant did not understand properly what was written in prescription, therefore the nurse attendant request caregiver to return it to clinical officer to write it properly and return back. ",
end screen,,1629453128705,1629453132236,,,
form save,,1629453132640,,,,
form exit,,1629453132640,,,,
form resume,,1629455048547,,,,
jump,,1629455048547,1629457330830,,,
group questions,/data/summary,1629456394222,1629457330830,,,
question,/data/summary/comments,1629456394222,1629457330830,"Clinical officer delay to start registration and consultation because there was a meeting in consultation room. 
Caregiver and patient return back to pharmacy for the second time because the nurse attendant did not understand properly what was written in prescription, therefore the nurse attendant request caregiver to return it to clinical officer to write it properly and return back.","Caregiver and patient waited for a long time to enter in consultation room for registration because there was a meeting in the consultation room .
Clinical officer delayed to start registration because she had a meeting with visitors and staffs.
Both registration and consultation conducted in the same room (consultation room).
Caregiver and patient return back to pharmacy for the second time because the nurse attendant did not understand properly what was written in prescription, therefore the nurse attendant requested caregiver to return it to clinical officer to write it properly and return it to pharmacy.
Clinical officer did not use pulse oximeter.
Clinical officer did not use IMCI guideline. ",
end screen,,1629457330866,1629457343630,,,
change reason,,1629457375128,,,,Added more comments 
form save,,1629457375557,,,,
form exit,,1629457375557,,,,
form resume,,1629465498885,,,,
jump,,1629465498885,1629465505136,,,
end screen,,1629465505158,1629465507049,,,
form save,,1629465507755,,,,
form exit,,1629465507755,,,,
form finalize,,1629465507755,,,,
