event,node,start,end,old-value,new-value,change-reason
form start,,1629438491146,,,,
group questions,/data/front_page,1629438491147,1629438492505,,,
group questions,/data/visit_start,1629438492518,1629438500459,,,
question,/data/visit_start/fcode,1629438492522,1629438500459,F0083,F0010,
question,/data/visit_start/arrival,1629438492522,1629438500459,,OK,
question,/data/steps[1]/step_type,1629438500499,1629439487668,,2,
question,/data/steps[2]/step_type,1629439487709,1629439555302,,1,
question,/data/steps[3]/step_type,1629439555336,1629439973289,,2,
question,/data/steps[4]/step_type,1629439973338,1629440198560,,99,
question,/data/steps[5]/step_type,1629440198723,1629440461767,,99,
question,/data/steps[6]/step_type,1629440462204,1629447033301,,2,
question,/data/steps[7]/step_type,1629447033337,1629447366917,,4,
question,/data/steps[8]/step_type,1629447366973,1629447466882,,7,
question,/data/steps[9]/step_type,1629447466912,1629453405656,,2,
question,/data/steps[10]/step_type,1629453405695,1629453490700,,5,
question,/data/steps[11]/step_type,1629453490732,1629453505389,,7,
question,/data/steps[12]/step_type,1629453505419,1629455073439,,2,
question,/data/steps[13]/step_type,1629455073478,1629455160751,,7,
question,/data/steps[14]/step_type,1629455160784,1629458571094,,2,
question,/data/steps[15]/step_type,1629458571132,1629458809422,,4,
question,/data/steps[16]/step_type,1629458809468,1629458842772,,7,
question,/data/steps[17]/step_type,1629458842802,1629459326222,,2,
question,/data/steps[17]/step_end,1629459327905,1629461052518,,1,
question,/data/steps[18]/step_type,1629461052562,1629461147121,,6,
question,/data/steps[19]/step_type,1629461147154,1629461188674,,99,
group questions,/data/child_identification,1629461188729,1629461237738,,,
question,/data/child_identification/a1_a_4a,1629461188729,1629461237738,,T-F0010-P0217,
group questions,/data/summary,1629461237760,1629461259636,,,
end screen,,1629461259675,1629461261931,,,
form save,,1629461262214,,,,
form exit,,1629461262214,,,,
form resume,,1629481297955,,,,
jump,,1629481297956,1629481302211,,,
group questions,/data/front_page,1629481302239,1629481304624,,,
group questions,/data/visit_start,1629481304640,1629481309593,,,
group questions,/data/child_identification,1629481543744,1629481549493,,,
group questions,/data/summary,1629481549516,1629481705950,,,
question,/data/summary/comments,1629481549516,1629481705950,,"The Clinical Officer seemed to be struggling with using Pulse Oxymeter.  After several attempts it read 62, then 65. Unlike other patients,  he did not record the readings.",
end screen,,1629481705984,1629481707794,,,
change reason,,1629481720745,,,,Addition of comments
form save,,1629481721171,,,,
form exit,,1629481721171,,,,
form finalize,,1629481721171,,,,
form resume,,1629482125015,,,,
jump,,1629482125015,1629482125889,,,
group questions,/data/front_page,1629482125905,1629482128780,,,
form exit,,1629482128780,,,,
