event,node,start,end,old-value,new-value,change-reason
form start,,1629363204608,,,,
group questions,/data/front_page,1629363204609,1629363206496,,,
group questions,/data/visit_start,1629363206517,1629363213540,,,
question,/data/visit_start/arrival,1629363206522,1629363213540,,OK,
question,/data/steps[1]/step_type,1629363213573,1629363224796,,7,
question,/data/steps[2]/step_type,1629363224839,1629363524439,,3,
question,/data/steps[3]/step_type,1629363524503,1629363533682,,7,
question,/data/steps[3]/step_end,1629363549730,1629363551939,,1,
question,/data/steps[4]/step_type,1629363551971,1629364526283,,2,
question,/data/steps[5]/step_type,1629364526326,1629364537988,,7,
question,/data/steps[6]/step_type,1629364538021,1629364581299,,2,
question,/data/steps[7]/step_type,1629364581342,1629364596903,,4,
question,/data/steps[8]/step_type,1629364596957,1629365279503,,2,
question,/data/steps[9]/step_type,1629365279544,1629365290501,,7,
question,/data/steps[10]/step_type,1629365290536,1629365353083,,4,
question,/data/steps[11]/step_type,1629365353147,1629365359505,,7,
question,/data/steps[12]/step_type,1629365359539,1629365367660,,99,
question,/data/steps[13]/step_type,1629365367719,1629365375245,,7,
question,/data/steps[14]/step_type,1629365381237,1629365390132,,2,
question,/data/steps[12]/step_other,1629365394771,1629365432475,RA,Timci Research assistant (to take clinical card),
question,/data/steps[14]/step_end,1629365438058,1629365854456,,1,
question,/data/steps[15]/step_type,1629365854496,1629365857496,,7,
question,/data/steps[16]/step_type,1629365857527,1629366037076,,4,
question,/data/steps[17]/step_type,1629366037123,1629366068646,,7,
question,/data/steps[18]/step_type,1629366068678,1629366253811,,2,
question,/data/steps[19]/step_type,1629366253850,1629366261486,,7,
question,/data/steps[20]/step_type,1629366261517,1629366374696,,5,
question,/data/steps[21]/step_type,1629366374729,1629366383630,,7,
question,/data/steps[22]/step_type,1629366383664,1629366744332,,2,
question,/data/steps[23]/step_type,1629366744370,1629366747837,,7,
question,/data/steps[24]/step_type,1629366747873,1629366762024,,5,
question,/data/steps[25]/step_type,1629366762057,1629367103496,,2,
question,/data/steps[26]/step_type,1629367103541,1629367109320,,5,
question,/data/steps[27]/step_type,1629367109355,1629367159805,,7,
question,/data/steps[28]/step_type,1629367159855,1629367216860,,2,
question,/data/steps[29]/step_type,1629367216901,1629367229638,,7,
question,/data/steps[30]/step_type,1629367229672,1629367556682,,4,
question,/data/steps[31]/step_type,1629367556733,1629367588623,,7,
question,/data/steps[32]/step_type,1629367588657,1629367828044,,2,
question,/data/steps[33]/step_type,1629367828088,1629367831283,,7,
question,/data/steps[34]/step_type,1629367836264,1629368074767,,6,
group questions,/data/child_identification,1629368074803,1629368154172,,,
question,/data/child_identification/a1_a_4,1629368074803,1629368154172,,T-F0022-P0062,
group questions,/data/child_identification,1629368155571,1629368255848,,,
group questions,/data/summary,1629368255864,1629368822379,,,
question,/data/summary/comments,1629368255865,1629368822379,,"There was a lot of back and forth movement ny the caregiver and patient because they were not familiar the facility layout and procedures in the dispensary
After entering consultation im step 5 patient was told to wait again,same scenario repeated itself in step in step 7
In step 10 caregiver and patient were told to go and take  clinic card which was left research assistant's room before heading back to consultation room.",
end screen,,1629368822419,1629368825810,,,
form save,,1629368826496,,,,
form exit,,1629368826496,,,,
form finalize,,1629368826496,,,,
