event,node,start,end,old-value,new-value,change-reason
form start,,1629276166239,,,,
group questions,/data/front_page,1629276166241,1629276167371,,,
group questions,/data/visit_start,1629276167386,1629276178089,,,
question,/data/visit_start/b1_4,1629276167387,1629276178089,,Tanga,
question,/data/steps[1]/step_type,1629276178127,1629276200106,,2,
question,/data/steps[2]/step_type,1629276200149,1629276361442,,1,
question,/data/steps[3]/step_type,1629276361478,1629281129851,,2,
question,/data/steps[4]/step_type,1629281129895,1629281216747,,4,
question,/data/steps[5]/step_type,1629281216800,1629281286464,,7,
jump,,1629281286464,1629281291186,,,
question,/data/steps[5]/step_type,1629281291243,1629281655929,7,5,
question,/data/steps[5]/step_end,1629281291243,1629281655929,,1,
question,/data/steps[6]/step_type,1629281655986,1629282351686,,2,
question,/data/steps[7]/step_type,1629282351720,1629282424600,,7,
question,/data/steps[8]/step_type,1629282424630,1629283090995,,2,
question,/data/steps[9]/step_type,1629283091032,1629283558576,,4,
question,/data/steps[10]/step_type,1629283558645,1629283596731,,7,
question,/data/steps[11]/step_type,1629283596762,1629283645111,,6,
group questions,/data/child_identification,1629283645142,1629283872081,,,
question,/data/child_identification/a1_a_4a,1629283645143,1629283872081,,T-F0101-P0095,
group questions,/data/summary,1629283872103,1629283944109,,,
group questions,/data/child_identification,1629283944142,1629283951174,,,
jump,,1629283993750,1629284006158,,,
end screen,,1629284006216,1629284012595,,,
form save,,1629284012796,,,,
form exit,,1629284012796,,,,
form resume,,1629290210511,,,,
jump,,1629290210511,1629290230712,,,
group questions,/data/front_page,1629290230731,1629290232647,,,
group questions,/data/visit_start,1629290232661,1629290235650,,,
question,/data/steps[1]/step_type,1629290235679,1629290258274,2,5,
question,/data/steps[1]/step_type,1629290265660,1629290280199,5,2,
group questions,/data/child_identification,1629290423182,1629290427469,,,
group questions,/data/summary,1629290427494,1629290620963,,,
question,/data/summary/comments,1629290427495,1629290620963,,The caregiver/patient waited a long time before entering the consultation room as only one doctor was available today and they were many patients,
end screen,,1629290621000,1629290624908,,,
change reason,,1629290688012,,,,added some comments on the comment section
form save,,1629290688211,,,,
form exit,,1629290688211,,,,
form resume,,1629290698492,,,,
jump,,1629290698492,1629290729035,,,
end screen,,1629290729055,1629290733084,,,
form save,,1629290733302,,,,
form exit,,1629290733302,,,,
form resume,,1629301437757,,,,
jump,,1629301437758,1629301440201,,,
end screen,,1629301440245,1629301466102,,,
form save,,1629301466573,,,,
form exit,,1629301466573,,,,
form finalize,,1629301466573,,,,
