event,node,start,end,old-value,new-value,change-reason
form start,,1629276987460,,,,
group questions,/data/front_page,1629276987462,1629276988859,,,
group questions,/data/visit_start,1629276988873,1629276996532,,,
question,/data/visit_start/arrival,1629276988877,1629276996532,,OK,
question,/data/steps[1]/step_type,1629276996572,1629277022481,,7,
question,/data/steps[2]/step_type,1629277022519,1629277343028,,2,
question,/data/steps[3]/step_type,1629277343068,1629278016679,,3,
question,/data/steps[4]/step_type,1629278016719,1629278042750,,7,
question,/data/steps[5]/step_type,1629278042779,1629279278019,,2,
question,/data/steps[6]/step_type,1629279278059,1629279388657,,1,
question,/data/steps[7]/step_type,1629279401927,1629280763678,,4,
question,/data/steps[8]/step_type,1629280763725,1629280828856,,7,
question,/data/steps[9]/step_type,1629280828884,1629281577210,,2,
question,/data/steps[10]/step_type,1629281577244,1629281616299,,99,
question,/data/steps[10]/step_end,1629281627782,1629281812643,,1,
question,/data/steps[11]/step_type,1629281812680,1629281853646,,7,
question,/data/steps[12]/step_type,1629281853679,1629282068397,,2,
question,/data/steps[13]/step_type,1629282068440,1629282617346,,4,
question,/data/steps[14]/step_type,1629282617410,1629282624867,,7,
question,/data/steps[15]/step_type,1629282624901,1629282639317,,6,
question,/data/steps[15]/step_end,1629282722316,1629282729996,,2,
group questions,/data/child_identification,1629282730024,1629282791889,,,
question,/data/child_identification/a1_a_4a,1629282730024,1629282791889,,T-F0022-P0059,
group questions,/data/summary,1629282791910,1629282973049,,,
question,/data/summary/comments,1629282791911,1629282973049,,During consultation round two the registered nurse use both pox and IMCI guideline. Patient treated by registered nurse. ,
end screen,,1629282973083,1629283004810,,,
form save,,1629283005113,,,,
form exit,,1629283005113,,,,
form resume,,1629287488760,,,,
jump,,1629287488761,1629287715567,,,
group questions,/data/summary,1629287552263,1629287715567,,,
form exit,,1629287715567,,,,
form resume,,1629316255223,,,,
jump,,1629316255224,1629316455012,,,
group questions,/data/summary,1629316267335,1629316455012,,,
question,/data/summary/comments,1629316267336,1629316455012,During consultation round two the registered nurse use both pox and IMCI guideline. Patient treated by registered nurse.,"Consultation was done by Registered nurse. 
Registration and consultation were done in consultation room. During consultation round two the registered nurse use both pox and IMCI guideline. ",
end screen,,1629316455047,1629316457108,,,
change reason,,1629316469036,,,,Added more observations 
form save,,1629316469456,,,,
form exit,,1629316469456,,,,
form finalize,,1629316469456,,,,
