event,node,start,end,old-value,new-value,change-reason
form start,,1629361115689,,,,
group questions,/data/front_page,1629361115690,1629361117536,,,
group questions,/data/visit_start,1629361117551,1629361122408,,,
question,/data/visit_start/arrival,1629361117555,1629361122408,,OK,
question,/data/steps[1]/step_type,1629361122446,1629361137204,,7,
question,/data/steps[2]/step_type,1629361137236,1629361202284,,2,
question,/data/steps[3]/step_type,1629361211048,1629362004068,,1,
question,/data/steps[4]/step_type,1629362004098,1629362011457,,2,
question,/data/steps[4]/waiting/waiting_comment,1629362019819,1629362418598,,For consultation ,
question,/data/steps[4]/step_end,1629362019819,1629362418598,,2,
group questions,/data/child_identification,1629362418636,1629362423247,,,
question,/data/steps[4]/step_end,1629362423269,1629362722408,2,1,
question,/data/steps[5]/step_type,1629362736911,1629362858199,,7,
question,/data/steps[6]/step_type,1629362858229,1629362968073,,2,
question,/data/steps[6]/step_end,1629363007965,1629367156852,,1,
question,/data/steps[7]/step_type,1629367156887,1629367167903,,7,
question,/data/steps[8]/step_type,1629367167933,1629367833676,,4,
question,/data/steps[9]/step_type,1629367833752,1629367933818,,7,
question,/data/steps[10]/step_type,1629367933852,1629368452347,,5,
question,/data/steps[11]/step_type,1629368452377,1629370079227,,2,
question,/data/steps[12]/step_type,1629370079266,1629370206002,,7,
question,/data/steps[13]/step_type,1629370206036,1629371089165,,2,
question,/data/steps[14]/step_type,1629371089205,1629371407410,,4,
question,/data/steps[15]/step_type,1629371407486,1629371515796,,7,
question,/data/steps[16]/step_type,1629371515825,1629371567098,,6,
group questions,/data/child_identification,1629371567129,1629375383609,,,
question,/data/child_identification/a1_a_4a,1629371567129,1629375383609,,T-F0101-P0116,
group questions,/data/summary,1629375383630,1629375402662,,,
end screen,,1629375402695,1629375406173,,,
form save,,1629375406478,,,,
form exit,,1629375406479,,,,
form resume,,1629393955756,,,,
jump,,1629393955756,1629393958124,,,
group questions,/data/front_page,1629393958146,1629393959806,,,
group questions,/data/visit_start,1629393959823,1629393961333,,,
group questions,/data/child_identification,1629393988707,1629393989280,,,
group questions,/data/summary,1629393989307,1629393991504,,,
group questions,/data/child_identification,1629393991547,1629393993006,,,
group questions,/data/summary,1629393993033,1629394012079,,,
end screen,,1629394012123,1629394015387,,,
group questions,/data/summary,1629394015387,1629394379825,,,
question,/data/summary/comments,1629394015388,1629394379825,,"The patient spent alot of time in waiting for consultation because there was only one careprovider responsible for consultation in the facility in the present day, as the other one was absent and there were alot of patients ",
end screen,,1629394379868,1629394381913,,,
change reason,,1629394397299,,,,process verification 
form save,,1629394397783,,,,
form exit,,1629394397783,,,,
form finalize,,1629394397783,,,,
