event,node,start,end,old-value,new-value,change-reason
form start,,1629098804858,,,,
group questions,/data/front_page,1629098804862,1629098807952,,,
group questions,/data/visit_start,1629098807984,1629099106760,,,
question,/data/visit_start/arrival,1629098807995,1629099106760,,OK,
question,/data/steps[1]/step_type,1629099106804,1629099113859,,7,
question,/data/steps[2]/step_type,1629099113890,1629100277599,,99,
question,/data/steps[3]/step_type,1629100277807,1629100282788,,7,
question,/data/steps[4]/step_type,1629100282820,1629108687234,,2,
question,/data/steps[5]/step_type,1629108687278,1629110077319,,4,
question,/data/steps[6]/step_type,1629110077377,1629110089109,,7,
question,/data/steps[7]/step_type,1629110089141,1629110134609,,2,
question,/data/steps[8]/step_type,1629110134653,1629110344804,,6,
question,/data/steps[9]/step_type,1629110344839,1629110348223,,7,
question,/data/steps[10]/step_type,1629110348255,1629110902759,,99,
question,/data/steps[11]/step_type,1629110902882,1629110968856,,99,
question,/data/steps[11]/step_type,1629110976402,1629110979659,99,7,
question,/data/steps[12]/step_type,1629110979710,1629111028697,,2,
group questions,/data/child_identification,1629111028755,1629111073196,,,
question,/data/child_identification/a1_a_4a,1629111028755,1629111073196,,T-F0038-P0137,
group questions,/data/summary,1629111073223,1629111081581,,,
group questions,/data/child_identification,1629111081624,1629111082584,,,
question,/data/steps[12]/step_end,1629111082608,1629111087670,2,1,
question,/data/steps[13]/step_type,1629111087717,1629111103186,,99,
group questions,/data/child_identification,1629111103265,1629111106428,,,
group questions,/data/summary,1629111106451,1629111233368,,,
question,/data/summary/comments,1629111106451,1629111233368,,"Since the CO was not around, waiting queues were longer than usual and consultation was done by the EN.
Dispensing and Dressing was done by the MA.",
end screen,,1629111233407,1629111239112,,,
form save,,1629111239537,,,,
form exit,,1629111239537,,,,
form finalize,,1629111239537,,,,
form resume,,1629130830687,,,,
jump,,1629130830687,1629130932628,,,
end screen,,1629130932652,1629130935944,,,
form exit,,1629130935944,,,,
form resume,,1629130940408,,,,
jump,,1629130940408,1629130970659,,,
group questions,/data/front_page,1629130970678,1629130972469,,,
form exit,,1629130972469,,,,
form resume,,1629349251284,,,,
jump,,1629349251284,1629349254656,,,
group questions,/data/front_page,1629349254676,1629349256123,,,
group questions,/data/visit_start,1629349256138,1629349259159,,,
group questions,/data/child_identification,1629349306769,1629349311127,,,
group questions,/data/summary,1629349311151,1629349361445,,,
question,/data/summary/comments,1629349311152,1629349361445,"Since the CO was not around, waiting queues were longer than usual and consultation was done by the EN.
Dispensing and Dressing was done by the MA.","Since the Clinical Officer was not around, waiting queues were longer than usual and consultation was done by the Enrolled Nurse.
Dispensing and Dressing was done by the Medical Attendant.",
end screen,,1629349361485,1629349372548,,,
change reason,,1629349389959,,,,Unpacking abbreviations 
form save,,1629349390373,,,,
form exit,,1629349390373,,,,
form finalize,,1629349390373,,,,
