event,node,start,end,old-value,new-value,change-reason
form start,,1629452055970,,,,
group questions,/data/front_page,1629452055971,1629452057390,,,
group questions,/data/visit_start,1629452057401,1629452065007,,,
question,/data/visit_start/arrival,1629452057406,1629452065007,,OK,
question,/data/steps[1]/step_type,1629452065039,1629452085209,,7,
question,/data/steps[2]/step_type,1629452085242,1629452394831,,3,
question,/data/steps[3]/step_type,1629452394871,1629452416873,,7,
question,/data/steps[4]/step_type,1629452416903,1629452648723,,1,
question,/data/steps[5]/step_type,1629452648758,1629452911561,,4,
question,/data/steps[6]/step_type,1629452911625,1629452974836,,7,
question,/data/steps[7]/step_type,1629452974870,1629453161684,,2,
question,/data/steps[8]/step_type,1629453161723,1629453408028,,5,
question,/data/steps[9]/step_type,1629453408057,1629453487537,,2,
question,/data/steps[9]/step_end,1629453511755,1629453524032,,1,
question,/data/steps[10]/step_type,1629453524071,1629453582721,,5,
question,/data/steps[11]/step_type,1629453582749,1629453608791,,7,
question,/data/steps[12]/step_type,1629453608819,1629453843845,,4,
question,/data/steps[13]/step_type,1629453843887,1629453862170,,7,
question,/data/steps[14]/step_type,1629453862201,1629454241437,,6,
group questions,/data/child_identification,1629454241465,1629454481256,,,
question,/data/child_identification/a1_a_4a,1629454241465,1629454481256,,T-F0022-P0065,
group questions,/data/summary,1629454481289,1629455001011,,,
question,/data/summary/comments,1629454481289,1629455001011,,"Registratio and consultation   conducted at the same room (consultation  room ) by clinical Officer..
Clinical  Officer did not use IMCI  Manual (Guideline )",
end screen,,1629455001045,1629455004954,,,
form save,,1629455005207,,,,
form exit,,1629455005207,,,,
form resume,,1629465332634,,,,
jump,,1629465332635,1629465333646,,,
end screen,,1629465333663,1629465336593,,,
form save,,1629465336957,,,,
form exit,,1629465336957,,,,
form finalize,,1629465336957,,,,
