event,node,start,end,old-value,new-value,change-reason
form start,,1629448635897,,,,
group questions,/data/front_page,1629448635898,1629448637535,,,
group questions,/data/visit_start,1629448637550,1629448644211,,,
question,/data/visit_start/arrival,1629448637554,1629448644211,,OK,
question,/data/steps[1]/step_type,1629448644258,1629448656151,,7,
question,/data/steps[2]/step_type,1629448656180,1629449043717,,2,
question,/data/steps[3]/step_type,1629449043754,1629449140923,,1,
question,/data/steps[4]/step_type,1629449140981,1629449679328,,4,
question,/data/steps[5]/step_type,1629449679398,1629449806547,,7,
question,/data/steps[6]/step_type,1629449806578,1629449910198,,2,
question,/data/steps[7]/step_type,1629449910239,1629450030866,,5,
question,/data/steps[8]/step_type,1629450030896,1629450041757,,7,
question,/data/steps[9]/step_type,1629450041787,1629450595277,,2,
question,/data/steps[10]/step_type,1629450595319,1629450603793,,7,
question,/data/steps[11]/step_type,1629450603820,1629450624077,,5,
question,/data/steps[12]/step_type,1629450624105,1629450653168,,7,
question,/data/steps[13]/step_type,1629450653198,1629451320967,,2,
question,/data/steps[14]/step_type,1629451321001,1629451546339,,4,
question,/data/steps[15]/step_type,1629451546402,1629451561770,,7,
question,/data/steps[16]/step_type,1629451561803,1629451731592,,2,
question,/data/steps[17]/step_type,1629451731633,1629451737233,,6,
question,/data/steps[17]/step_end,1629451743262,1629452040412,,2,
group questions,/data/child_identification,1629452040442,1629452071179,,,
question,/data/child_identification/a1_a_4,1629452040443,1629452071179,,T-F0087-P0084,
group questions,/data/summary,1629452071202,1629452308111,,,
question,/data/summary/comments,1629452071203,1629452308111,,Registration and consultation done in one room,
end screen,,1629452308150,1629452309333,,,
form save,,1629452309827,,,,
form exit,,1629452309827,,,,
form finalize,,1629452309827,,,,
form resume,,1629453074917,,,,
jump,,1629453074918,1629453265805,,,
group questions,/data/summary,1629453107410,1629453265805,,,
question,/data/summary/comments,1629453107411,1629453265805,Registration and consultation done in one room,There is no walking between registration and consultation because they were both done in one room by a medical assistant.,
end screen,,1629453265840,1629453267130,,,
change reason,,1629453290619,,,,added more observations notes on comments section 
form save,,1629453291076,,,,
form exit,,1629453291076,,,,
form finalize,,1629453291076,,,,
