event,node,start,end,old-value,new-value,change-reason
form start,,1629352589246,,,,
group questions,/data/front_page,1629352589250,1629352590697,,,
group questions,/data/visit_start,1629352590738,1629352600681,,,
question,/data/visit_start/arrival,1629352590751,1629352600681,,OK,
question,/data/steps[1]/step_type,1629352600731,1629352641963,,7,
question,/data/steps[2]/step_type,1629352642005,1629352678340,,2,
question,/data/steps[3]/step_type,1629352678395,1629352708717,,1,
jump,,1629352708718,1629352710596,,,
end screen,,1629352710648,1629352741370,,,
group questions,/data/summary,1629352741372,1629352743410,,,
group questions,/data/child_identification,1629352743458,1629352745643,,,
question,/data/steps[3]/step_end,1629352745669,1629352749271,,1,
question,/data/steps[4]/step_type,1629352749311,1629353314620,,2,
question,/data/steps[5]/step_type,1629353314665,1629353354821,,7,
question,/data/steps[6]/step_type,1629353354861,1629355480467,,2,
question,/data/steps[7]/step_type,1629355480511,1629355504559,,7,
question,/data/steps[8]/step_type,1629355504596,1629355622519,,4,
question,/data/steps[9]/step_type,1629355622596,1629355676238,,7,
question,/data/steps[10]/step_type,1629355676274,1629355867303,,99,
question,/data/steps[11]/step_type,1629355867370,1629355892527,,7,
question,/data/steps[12]/step_type,1629355892563,1629356929133,,2,
question,/data/steps[13]/step_type,1629356929183,1629357872439,,4,
question,/data/steps[14]/step_type,1629357872531,1629358014244,,7,
group questions,/data/child_identification,1629358014282,1629358148229,,,
question,/data/child_identification/a1_a_4a,1629358014283,1629358148229,,T-F0101-P0068,
group questions,/data/summary,1629358148259,1629358162705,,,
end screen,,1629358162748,1629358169424,,,
form save,,1629358169693,,,,
form exit,,1629358169693,,,,
form resume,,1629393450990,,,,
jump,,1629393450991,1629393453325,,,
group questions,/data/front_page,1629393453359,1629393454990,,,
group questions,/data/visit_start,1629393455046,1629393459761,,,
group questions,/data/child_identification,1629393533873,1629393536517,,,
group questions,/data/summary,1629393536543,1629393902134,,,
question,/data/summary/comments,1629393536543,1629393902134,,"The patient was a repeated visit i.e follow up on child's development 
The caregiver changed purpose during consultation where the careprovider directed her to go to RCH for child's weighing ",
end screen,,1629393902178,1629393905272,,,
change reason,,1629393935465,,,,process verification 
form save,,1629393935947,,,,
form exit,,1629393935947,,,,
form finalize,,1629393935947,,,,
