event,node,start,end,old-value,new-value,change-reason
form start,,1629438613165,,,,
group questions,/data/front_page,1629438613169,1629438615981,,,
group questions,/data/visit_start,1629438616083,1629438632887,,,
question,/data/visit_start/fcode,1629438616108,1629438632887,F0083,F0010,
question,/data/visit_start/arrival,1629438616109,1629438632887,,OK,
question,/data/steps[1]/step_type,1629438632998,1629439620998,,2,
question,/data/steps[2]/step_type,1629439621066,1629439754627,,1,
question,/data/steps[3]/step_type,1629439754662,1629439785453,,7,
question,/data/steps[4]/step_type,1629439785487,1629439924834,,99,
question,/data/steps[5]/step_type,1629439924953,1629448032217,,2,
question,/data/steps[6]/step_type,1629448032258,1629448368456,,4,
question,/data/steps[7]/step_type,1629448368519,1629448455908,,7,
question,/data/steps[8]/step_type,1629448455941,1629453178539,,2,
question,/data/steps[9]/step_type,1629453178576,1629453375988,,5,
question,/data/steps[10]/step_type,1629453376020,1629455063221,,2,
question,/data/steps[11]/step_type,1629455063262,1629455151027,,7,
question,/data/steps[12]/step_type,1629455151062,1629458865698,,2,
question,/data/steps[13]/step_type,1629458865736,1629459063563,,4,
question,/data/steps[13]/step_end,1629459067025,1629459075343,,1,
question,/data/steps[14]/step_type,1629459075388,1629459120649,,7,
question,/data/steps[15]/step_type,1629459120680,1629461253739,,2,
question,/data/steps[16]/step_type,1629461253777,1629461299601,,6,
group questions,/data/child_identification,1629461299634,1629461388855,,,
question,/data/child_identification/a1_a_4a,1629461299634,1629461388855,,T-F0010-P0218,
group questions,/data/summary,1629461388878,1629461397056,,,
end screen,,1629461397089,1629461399386,,,
form save,,1629461399680,,,,
form exit,,1629461399680,,,,
form resume,,1629474867863,,,,
jump,,1629474867864,1629474870074,,,
group questions,/data/front_page,1629474870098,1629474873347,,,
group questions,/data/visit_start,1629474873364,1629474878788,,,
group questions,/data/visit_start,1629474881291,1629474886333,,,
question,/data/steps[1]/waiting/waiting_comment,1629474886371,1629474916678,Waiting,Registration waiting area,
group questions,/data/child_identification,1629475186044,1629475189219,,,
group questions,/data/summary,1629475189244,1629475414418,,,
question,/data/summary/comments,1629475189245,1629475414418,,"Due to the long waiting line the TIMCI RA checked if caregiver/patient are eligible for enrollment,  verbal consent obtained for shadowing obtained
- TIMCI enrollment done in co",
group questions,/data/child_identification,1629475414459,1629475416184,,,
group questions,/data/child_identification,1629475447704,1629475449229,,,
group questions,/data/summary,1629475449261,1629475451943,,,
end screen,,1629475451984,1629475453233,,,
group questions,/data/summary,1629475453234,1629475850849,,,
question,/data/summary/comments,1629475453235,1629475850849,"Due to the long waiting line the TIMCI RA checked if caregiver/patient are eligible for enrollment,  verbal consent obtained for shadowing obtained
- TIMCI enrollment done in co","-Due to the long waiting line the TIMCI RA checked if caregiver/patient are eligible for enrollment,  verbal consent for shadowing obtained.
- TIMCI enrollment done in the 5th step: consultation waiting area
From 0929hrs to 0943hrs
-In the 5th step there was no clinician in the consultation room until 1035hrs
-Lab waiting area crowded, lab opened late, there were also lab referrals from community dispensaries
- ",
group questions,/data/child_identification,1629475850901,1629475853209,,,
group questions,/data/child_identification,1629475880499,1629475882032,,,
group questions,/data/summary,1629475882055,1629476788172,,,
question,/data/summary/comments,1629475882055,1629476788172,"-Due to the long waiting line the TIMCI RA checked if caregiver/patient are eligible for enrollment,  verbal consent for shadowing obtained.
- TIMCI enrollment done in the 5th step: consultation waiting area
From 0929hrs to 0943hrs
-In the 5th step there was no clinician in the consultation room until 1035hrs
-Lab waiting area crowded, lab opened late, there were also lab referrals from community dispensaries
- ","-Due to the long waiting line the TIMCI RA checked if caregiver/patient are eligible for enrollment,  verbal consent for shadowing obtained.
- TIMCI enrollment done in the 5th step: consultation waiting area
From 0929hrs to 0943hrs
-In the 5th step there was no clinician in the consultation room until 1035hrs
-Lab waiting area crowded, lab opened late, there were also lab referrals from community dispensaries
- In the 8th step: Lab waiting area, there was a HCP explaining on how to collect stool sample.",
end screen,,1629476788210,1629476791876,,,
change reason,,1629476801150,,,,observations 
form save,,1629476801506,,,,
form exit,,1629476801506,,,,
form resume,,1629512187158,,,,
jump,,1629512187158,1629512189335,,,
end screen,,1629512189356,1629512191594,,,
group questions,/data/summary,1629512191595,1629512478308,,,
question,/data/summary/comments,1629512191595,1629512478308,"-Due to the long waiting line the TIMCI RA checked if caregiver/patient are eligible for enrollment,  verbal consent for shadowing obtained.
- TIMCI enrollment done in the 5th step: consultation waiting area
From 0929hrs to 0943hrs
-In the 5th step there was no clinician in the consultation room until 1035hrs
-Lab waiting area crowded, lab opened late, there were also lab referrals from community dispensaries
- In the 8th step: Lab waiting area, there was a HCP explaining on how to collect stool sample.","-Due to the long waiting line the TIMCI RA checked if caregiver/patient are eligible for enrollment,  verbal consent for shadowing obtained.
- TIMCI enrollment done in the 5th step: consultation waiting area
From 0929hrs to 0943hrs
-In the 5th step there was no clinician in the consultation room until 1035hrs
-Lab waiting area crowded, lab opened late, there were also lab referrals from community dispensaries
- In the 8th step: Lab waiting area, there was a HCP explaining to clients the proper way to collect stool sample.
-Long waiting line at dispensing area since the HCP had other duties",
end screen,,1629512478343,1629512481964,,,
change reason,,1629512487014,,,,observations 
form save,,1629512487311,,,,
form exit,,1629512487312,,,,
form resume,,1629616170234,,,,
jump,,1629616170237,1629616174503,,,
end screen,,1629616174565,1629616176399,,,
group questions,/data/summary,1629616176400,1629616253404,,,
question,/data/summary/comments,1629616176402,1629616253404,"-Due to the long waiting line the TIMCI RA checked if caregiver/patient are eligible for enrollment,  verbal consent for shadowing obtained.
- TIMCI enrollment done in the 5th step: consultation waiting area
From 0929hrs to 0943hrs
-In the 5th step there was no clinician in the consultation room until 1035hrs
-Lab waiting area crowded, lab opened late, there were also lab referrals from community dispensaries
- In the 8th step: Lab waiting area, there was a HCP explaining to clients the proper way to collect stool sample.
-Long waiting line at dispensing area since the HCP had other duties","-Due to the long waiting line the TIMCI RA checked if caregiver/patient are eligible for enrollment,  verbal consent for shadowing obtained.
- TIMCI enrollment done in the 5th step: consultation waiting area
From 0929hrs to 0943hrs
-In the 5th step there was no clinician in the consultation room until 1035hrs
-Lab waiting area crowded, lab opened late, there were also lab referrals from community dispensaries
- In the 8th step: Lab waiting area, there was a HCP explaining to clients the proper way to collect stool sample.
-Long waiting line at dispensing area since the HCP had other duties
- The caregiver given a prescription ",
group questions,/data/child_identification,1629616253454,1629616256251,,,
group questions,/data/summary,1629616256279,1629617560477,,,
question,/data/summary/comments,1629616256280,1629617560477,"-Due to the long waiting line the TIMCI RA checked if caregiver/patient are eligible for enrollment,  verbal consent for shadowing obtained.
- TIMCI enrollment done in the 5th step: consultation waiting area
From 0929hrs to 0943hrs
-In the 5th step there was no clinician in the consultation room until 1035hrs
-Lab waiting area crowded, lab opened late, there were also lab referrals from community dispensaries
- In the 8th step: Lab waiting area, there was a HCP explaining to clients the proper way to collect stool sample.
-Long waiting line at dispensing area since the HCP had other duties
- The caregiver given a prescription ","-Due to the long waiting line the TIMCI RA checked if caregiver/patient are eligible for enrollment,  verbal consent for shadowing obtained.
- TIMCI enrollment done in the 5th step: consultation waiting area
from 0929hrs to 0943hrs
-In the 5th step: There was no clinician in the consultation room until 1035hrs
-In the 6th step: HCP doesn't seem comfortable with pulse oximeter, explanation and preparation for measurement not done.
-Lab waiting area crowded, lab opened late, there were also lab referrals from community dispensaries for ANC investigations.
- In the 8th step: Lab waiting area, there was a HCP explaining to clients the proper way to collect stool sample.
-Long waiting line at dispensing area since the HCP had other duties
- In the 13th step: The caregiver given a handwritten prescription, the system of using these prescriptions started yesterday (19th Aug 2021)
- In the 15th step: The TIMCI RA finalised the questionnaire at the dispensing waiting area, since the caregiver already had a handwritten prescription.
",
end screen,,1629617560575,1629617568344,,,
change reason,,1629617572773,,,,observations 
form save,,1629617573392,,,,
form exit,,1629617573392,,,,
form finalize,,1629617573392,,,,
