event,node,start,end,old-value,new-value,change-reason
form start,,1629354969216,,,,
group questions,/data/front_page,1629354969220,1629354970832,,,
group questions,/data/visit_start,1629354970865,1629355300936,,,
question,/data/visit_start/b1_4,1629354970866,1629355300936,Kaliua,Sengerema,
question,/data/visit_start/fcode,1629354970869,1629355300936,F0001,F0022,
question,/data/visit_start/arrival,1629354970869,1629355300936,,OK,
question,/data/steps[1]/step_type,1629355300979,1629355325819,,7,
question,/data/steps[2]/step_type,1629355325849,1629355723254,,3,
group questions,/data/child_identification,1629355723301,1629355724997,,,
question,/data/steps[2]/step_end,1629355725019,1629355728411,2,1,
question,/data/steps[3]/step_type,1629355728455,1629355739877,,7,
question,/data/steps[4]/step_type,1629355739909,1629356230827,,4,
question,/data/steps[5]/step_type,1629356230898,1629356326600,,99,
question,/data/steps[6]/step_type,1629356326739,1629356388435,,7,
question,/data/steps[7]/step_type,1629356388467,1629356428651,,2,
group questions,/data/child_identification,1629356428696,1629356430593,,,
question,/data/steps[7]/step_end,1629356432778,1629356438563,2,1,
question,/data/steps[8]/step_type,1629356454857,1629356790898,,5,
question,/data/steps[9]/step_type,1629356790943,1629357819753,,2,
question,/data/steps[10]/step_type,1629357819792,1629357861860,,7,
question,/data/steps[11]/step_type,1629357861887,1629358118377,,4,
question,/data/steps[12]/step_type,1629358118423,1629358158396,,7,
question,/data/steps[13]/step_type,1629358158444,1629358188785,,7,
question,/data/steps[14]/step_type,1629358188815,1629358891455,,99,
question,/data/steps[15]/step_type,1629358891543,1629358930406,,7,
question,/data/steps[16]/step_type,1629358939165,1629359361163,,2,
question,/data/steps[17]/step_type,1629359361210,1629359411643,,6,
group questions,/data/child_identification,1629359411676,1629359471037,,,
question,/data/child_identification/a1_a_4,1629359411676,1629359471037,,T-F0022-P0060,
group questions,/data/summary,1629359471062,1629359659588,,,
question,/data/summary/comments,1629359471063,1629359659588,,The patient moved from one step to another without having to wait for long because the were few patients until when the patient got to dispensing area where  the medical attendant was out so they had to wait for sometime before being attended to ,
end screen,,1629359659633,1629359660966,,,
form save,,1629359661415,,,,
form exit,,1629359661415,,,,
form finalize,,1629359661415,,,,
form resume,,1629359672998,,,,
jump,,1629359672999,1629359830932,,,
group questions,/data/summary,1629359700248,1629359830932,,,
question,/data/summary/comments,1629359700248,1629359830932,The patient moved from one step to another without having to wait for long because the were few patients until when the patient got to dispensing area where  the medical attendant was out so they had to wait for sometime before being attended to,"The patient moved from one step to another without having to wait for long because the were few patients until when the patient got to dispensing area where  the medical attendant was out so they had to wait for sometime before being attended to
They was also deviation  because instead going to the dispensing area they went to timci research assistant for further documentation.Thus explaining double walking in steps 12 and 13",
end screen,,1629359830970,1629359832513,,,
change reason,,1629359845829,,,,additional comments 
form save,,1629359846288,,,,
form exit,,1629359846288,,,,
form finalize,,1629359846288,,,,
