event,node,start,end,old-value,new-value,change-reason
form start,,1629356099546,,,,
group questions,/data/front_page,1629356099547,1629356100673,,,
group questions,/data/visit_start,1629356100684,1629356105775,,,
question,/data/visit_start/arrival,1629356100689,1629356105775,,OK,
question,/data/steps[1]/step_type,1629356105802,1629356217203,,1,
question,/data/steps[2]/step_type,1629356217231,1629356228662,,7,
question,/data/steps[3]/step_type,1629356228691,1629357204351,,2,
question,/data/steps[3]/step_end,1629357210168,1629358939015,,1,
question,/data/steps[4]/step_type,1629358939053,1629358948932,,7,
question,/data/steps[5]/step_type,1629358948960,1629359533352,,4,
question,/data/steps[6]/step_type,1629359533419,1629359653658,,7,
question,/data/steps[7]/step_type,1629359653706,1629359802898,,5,
question,/data/steps[7]/step_end,1629359812582,1629359844976,,1,
question,/data/steps[8]/step_type,1629359845008,1629360981565,,2,
question,/data/steps[9]/step_type,1629360981604,1629361102633,,7,
question,/data/steps[10]/step_type,1629361102663,1629362576979,,2,
question,/data/steps[11]/step_type,1629362577020,1629362595645,,7,
question,/data/steps[12]/step_type,1629362595676,1629365162849,,2,
question,/data/steps[13]/step_type,1629365162890,1629365166125,,7,
question,/data/steps[14]/step_type,1629365166159,1629365223442,,4,
question,/data/steps[14]/step_type,1629365226620,1629365278619,4,5,
question,/data/steps[14]/step_end,1629365226621,1629365278619,,1,
question,/data/steps[15]/step_type,1629365278677,1629365389839,,7,
question,/data/steps[16]/step_type,1629365389872,1629365566489,,2,
question,/data/steps[17]/step_type,1629365566530,1629365697169,,6,
group questions,/data/child_identification,1629365697204,1629366083900,,,
question,/data/child_identification/a1_a_4,1629365697204,1629366083900,,T-F0101-P0115,
group questions,/data/summary,1629366083922,1629366314737,,,
question,/data/summary/comments,1629366083923,1629366314737,,Many patients at the facility and only one Doctor is available today,
end screen,,1629366314775,1629366318714,,,
form save,,1629366319020,,,,
form exit,,1629366319020,,,,
form resume,,1629393485423,,,,
jump,,1629393485423,1629393559080,,,
group questions,/data/front_page,1629393559102,1629393560363,,,
group questions,/data/visit_start,1629393560389,1629393561267,,,
question,/data/steps[14]/step_type,1629393582845,1629393588205,5,4,
group questions,/data/child_identification,1629393593669,1629393599257,,,
group questions,/data/summary,1629393599279,1629393614320,,,
end screen,,1629393614362,1629393616636,,,
change reason,,1629393670757,,,,additional information
form save,,1629393671115,,,,
form exit,,1629393671115,,,,
form finalize,,1629393671115,,,,
