event,node,start,end,old-value,new-value,change-reason
form start,,1629455216941,,,,
group questions,/data/front_page,1629455216942,1629455220744,,,
group questions,/data/visit_start,1629455220757,1629455230789,,,
question,/data/visit_start/arrival,1629455220761,1629455230789,,OK,
question,/data/steps[1]/step_type,1629455230825,1629455300872,,1,
question,/data/steps[2]/step_type,1629455300919,1629457446066,,2,
question,/data/steps[3]/step_type,1629457446104,1629459161098,,4,
question,/data/steps[4]/step_type,1629459161163,1629459343677,,7,
question,/data/steps[5]/step_type,1629459343714,1629459501842,,5,
question,/data/steps[6]/step_type,1629459501872,1629460854351,,2,
question,/data/steps[7]/step_type,1629460854390,1629461021721,,7,
question,/data/steps[8]/step_type,1629461021753,1629461326912,,2,
question,/data/steps[8]/step_end,1629461328787,1629461592229,,1,
question,/data/steps[9]/step_type,1629461592268,1629462054278,,4,
question,/data/steps[10]/step_type,1629462054342,1629462086276,,7,
question,/data/steps[11]/step_type,1629462086312,1629462264032,,6,
group questions,/data/child_identification,1629462264066,1629465673952,,,
question,/data/child_identification/a1_a_4,1629462264066,1629465673952,,T-F0101-P0120,
group questions,/data/summary,1629465673976,1629465677016,,,
end screen,,1629465677055,1629465680500,,,
form save,,1629465680752,,,,
form exit,,1629465680752,,,,
form resume,,1629492785113,,,,
jump,,1629492785113,1629492788642,,,
group questions,/data/front_page,1629492788663,1629492790180,,,
group questions,/data/visit_start,1629492790195,1629492791330,,,
group questions,/data/child_identification,1629492834262,1629492837126,,,
group questions,/data/summary,1629492837147,1629493755053,,,
question,/data/summary/comments,1629492837147,1629493755053,,Consultation took alot of time because the caregiver had two children's both in need of consultation ,
end screen,,1629493755091,1629493757979,,,
change reason,,1629493773462,,,,additional information 
form save,,1629493773897,,,,
form exit,,1629493773897,,,,
form finalize,,1629493773897,,,,
