event,node,start,end,old-value,new-value,change-reason
form start,,1629182264751,,,,
group questions,/data/front_page,1629182264752,1629182282292,,,
group questions,/data/visit_start,1629182282309,1629182551331,,,
question,/data/visit_start/arrival,1629182282314,1629182551331,,OK,
question,/data/steps[1]/step_type,1629182551369,1629182957870,,2,
question,/data/steps[2]/step_type,1629182957912,1629183042079,,1,
question,/data/steps[3]/step_type,1629183042110,1629183050447,,7,
question,/data/steps[4]/step_type,1629183050476,1629183106354,,99,
question,/data/steps[5]/step_type,1629183106411,1629183139020,,7,
question,/data/steps[6]/step_type,1629183139070,1629184737457,,2,
question,/data/steps[7]/step_type,1629184737497,1629184754817,,7,
question,/data/steps[8]/step_type,1629184754849,1629185027470,,4,
question,/data/steps[9]/step_type,1629185027536,1629185110405,,7,
question,/data/steps[10]/step_type,1629185110437,1629187146462,,2,
question,/data/steps[11]/step_type,1629187146509,1629187238772,,5,
question,/data/steps[12]/step_type,1629187238833,1629189677668,,2,
question,/data/steps[13]/step_type,1629189677713,1629189732607,,7,
question,/data/steps[14]/step_type,1629189732640,1629195134074,,2,
question,/data/steps[15]/step_type,1629195134117,1629195220108,,4,
question,/data/steps[16]/step_type,1629195220167,1629195247741,,7,
question,/data/steps[17]/step_type,1629195247776,1629197663488,,2,
question,/data/steps[18]/step_type,1629197663537,1629197728264,,6,
question,/data/steps[19]/step_type,1629197728293,1629197814572,,99,
group questions,/data/child_identification,1629197814622,1629198131675,,,
question,/data/child_identification/a1_a_4a,1629197814622,1629198131675,,T-F0010-P0198,
group questions,/data/summary,1629198131700,1629198245784,,,
question,/data/summary/comments,1629198131700,1629198245784,,-The CO couldn't use the purse oxymeter because the child was crying and restless.,
end screen,,1629198245823,1629198248695,,,
form save,,1629198249177,,,,
form exit,,1629198249177,,,,
form finalize,,1629198249177,,,,
form resume,,1629349412431,,,,
jump,,1629349412431,1629349414841,,,
group questions,/data/front_page,1629349414862,1629349416336,,,
group questions,/data/visit_start,1629349416353,1629349422445,,,
question,/data/steps[4]/step_other,1629349431587,1629349448715,RA,Research Assistant ,
question,/data/steps[19]/step_other,1629349539891,1629349557160,RA,Research Assistant ,
group questions,/data/child_identification,1629349557362,1629349561935,,,
group questions,/data/summary,1629349561959,1629349614176,,,
question,/data/summary/comments,1629349561960,1629349614176,-The CO couldn't use the purse oxymeter because the child was crying and restless.,-The Clinical Officer couldn't use the purse oxymeter despite trying several times because the child was crying and restless and he couldn't calm her down.,
end screen,,1629349614216,1629349616885,,,
change reason,,1629349629003,,,,unpacking abbreviations 
form save,,1629349629488,,,,
form exit,,1629349629488,,,,
form finalize,,1629349629488,,,,
