event,node,start,end,old-value,new-value,change-reason
form start,,1629444328036,,,,
group questions,/data/front_page,1629444328038,1629444329655,,,
group questions,/data/visit_start,1629444329670,1629444338298,,,
question,/data/visit_start/fcode,1629444329675,1629444338298,F0029,F0101,
question,/data/visit_start/arrival,1629444329675,1629444338298,,OK,
question,/data/steps[1]/step_type,1629444338334,1629444474985,,1,
question,/data/steps[2]/step_type,1629444475015,1629444484524,,7,
question,/data/steps[3]/step_type,1629444484553,1629446258115,,2,
question,/data/steps[4]/step_type,1629446258155,1629447267900,,4,
question,/data/steps[5]/step_type,1629447267939,1629447299204,,7,
question,/data/steps[6]/step_type,1629447299231,1629447412945,,2,
question,/data/steps[7]/step_type,1629447412981,1629447678884,,6,
group questions,/data/child_identification,1629447678919,1629447798427,,,
jump,,1629447798428,1629447801414,,,
end screen,,1629447801472,1629447805313,,,
form save,,1629447805517,,,,
form exit,,1629447805517,,,,
form resume,,1629460508529,,,,
jump,,1629460508530,1629460522047,,,
group questions,/data/front_page,1629460522071,1629460523931,,,
group questions,/data/visit_start,1629460523945,1629460526773,,,
group questions,/data/child_identification,1629460542806,1629460614134,,,
question,/data/child_identification/a1_a_4,1629460542806,1629460614134,,T-F0101-P0101,
group questions,/data/summary,1629460614159,1629460814889,,,
question,/data/summary/comments,1629460614160,1629460814889,,"The care provider didn't use both pox and CDSA because he is not trained 
",
jump,,1629460814890,1629460816272,,,
end screen,,1629460816326,1629460818245,,,
change reason,,1629460830343,,,,further information 
form save,,1629460830517,,,,
form exit,,1629460830517,,,,
form resume,,1629472019585,,,,
jump,,1629472019586,1629472020808,,,
group questions,/data/front_page,1629472020838,1629472022102,,,
group questions,/data/visit_start,1629472022122,1629472022598,,,
group questions,/data/child_identification,1629472025965,1629472026350,,,
group questions,/data/summary,1629472026369,1629472114247,,,
jump,,1629472114248,1629472118923,,,
end screen,,1629472118981,1629472121771,,,
form save,,1629472121943,,,,
form exit,,1629472121943,,,,
form resume,,1629472164502,,,,
jump,,1629472164502,1629472166171,,,
end screen,,1629472166189,1629472169835,,,
form save,,1629472170073,,,,
form exit,,1629472170073,,,,
form finalize,,1629472170073,,,,
