event,node,start,end,old-value,new-value,change-reason
form start,,1627730226785,,,,
group questions,/data/front_page,1627730226791,1627732141662,,,
group questions,/data/visit_start,1627732141677,1627732495996,,,
question,/data/visit_start/b1_4,1627732141678,1627732495996,,Kaliua,
question,/data/steps[1]/step_type,1627732496029,1627732591892,,7,
question,/data/steps[2]/step_type,1627732591923,1627732911628,,3,
question,/data/steps[3]/step_type,1627732911677,1627732950107,,7,
question,/data/steps[4]/step_type,1627732950135,1627733024941,,4,
question,/data/steps[5]/step_type,1627733024986,1627733067467,,7,
question,/data/steps[6]/step_type,1627733067498,1627733138963,,5,
question,/data/steps[7]/step_type,1627733138994,1627733148239,,7,
question,/data/steps[8]/step_type,1627733148271,1627733188519,,4,
question,/data/steps[9]/step_type,1627733188563,1627733203755,,7,
question,/data/steps[10]/step_type,1627733203788,1627733230623,,1,
question,/data/steps[11]/step_type,1627733230655,1627733252076,,7,
question,/data/steps[12]/step_type,1627733252107,1627733313145,,6,
question,/data/steps[13]/step_type,1627733313181,1627733324347,,7,
question,/data/steps[14]/step_type,1627733324378,1627733431548,,2,
question,/data/steps[15]/step_type,1627733431587,1627733471567,,99,
group questions,/data/child_identification,1627733471726,1627733515200,,,
group questions,/data/child_identification,1627733516859,1627734085255,,,
jump,,1627734085255,1627734096972,,,
end screen,,1627734097010,1627734102787,,,
group questions,/data/summary,1627734102788,1627734106936,,,
group questions,/data/child_identification,1627734106971,1627734110364,,,
form save,,1627734110661,,,,
question,/data/child_identification/a1_a_4,1627734110661,1627734269752,,T-F0031-P0001,
group questions,/data/summary,1627734269774,1627734271752,,,
group questions,/data/child_identification,1627734271788,1627734334245,,,
group questions,/data/summary,1627734334263,1627734910100,,,
group questions,/data/child_identification,1627734910137,1627734911741,,,
group questions,/data/summary,1627734911758,1627735152051,,,
end screen,,1627735152091,1627735163050,,,
form save,,1627735163489,,,,
form exit,,1627735163489,,,,
form finalize,,1627735163489,,,,
