event,node,start,end,old-value,new-value,change-reason
form start,,1627732141715,,,,
group questions,/data/front_page,1627732141716,1627732143726,,,
group questions,/data/visit_start,1627732143742,1627732156626,,,
question,/data/visit_start/b1_4,1627732143743,1627732156626,,Kaliua,
group questions,/data/front_page,1627732156657,1627732159026,,,
group questions,/data/visit_start,1627732159042,1627732465956,,,
question,/data/visit_start/arrival,1627732159046,1627732465956,,OK,
question,/data/steps[1]/step_type,1627732465998,1627732567169,,7,
question,/data/steps[2]/step_type,1627732567202,1627732720326,,3,
question,/data/steps[2]/pox/poxend,1627732723770,1627732926924,,OK,
question,/data/steps[2]/step_end,1627732723770,1627732926924,,1,
question,/data/steps[3]/step_type,1627732926972,1627732976232,,7,
question,/data/steps[4]/step_type,1627732976261,1627733043418,,4,
question,/data/steps[5]/step_type,1627733043466,1627733076920,,7,
question,/data/steps[6]/step_type,1627733076961,1627733138338,,5,
question,/data/steps[6]/step_end,1627733133084,1627733138338,,1,
question,/data/steps[7]/step_type,1627733138368,1627733146789,,7,
question,/data/steps[8]/step_type,1627733146820,1627733192775,,4,
question,/data/steps[9]/step_type,1627733192828,1627733209067,,7,
question,/data/steps[10]/step_type,1627733209100,1627733230919,,1,
question,/data/steps[11]/step_type,1627733230952,1627733253778,,7,
question,/data/steps[12]/step_type,1627733253812,1627733261387,,6,
question,/data/steps[13]/step_type,1627733261420,1627733318127,,7,
question,/data/steps[14]/step_type,1627733318162,1627733385451,,2,
question,/data/steps[14]/waiting/waiting_comment,1627733393884,1627733451889,,Injection room,
question,/data/steps[15]/step_type,1627733451933,1627733471373,,99,
question,/data/steps[15]/step_end,1627733499621,1627733515137,1,2,
question,/data/steps[14]/step_end,1627733523765,1627733533976,1,2,
question,/data/steps[15]/step_type,1627733534022,1627733537808,99,5,
question,/data/steps[14]/step_end,1627733631529,1627733645782,2,1,
question,/data/steps[15]/step_type,1627733645830,1627733664578,5,99,
question,/data/steps[15]/step_end,1627733645830,1627733664578,2,1,
question,/data/steps[16]/step_type,1627733664634,1627733679166,,99,
group questions,/data/child_identification,1627733679287,1627734084548,,,
jump,,1627734084549,1627734098221,,,
end screen,,1627734098267,1627734186122,,,
constraint error,,1627734186261,,,,
group questions,/data/child_identification,1627734186276,1627734193050,,,
form save,,1627734193379,,,,
group questions,/data/child_identification,1627734200801,1627734219717,,,
jump,,1627734219718,1627734226593,,,
end screen,,1627734226638,1627734234213,,,
form exit,,1627734234213,,,,
form resume,,1627734246457,,,,
jump,,1627734246458,1627734264126,,,
group questions,/data/front_page,1627734264150,1627734269433,,,
form exit,,1627734269433,,,,
form resume,,1627734274296,,,,
jump,,1627734274296,1627734290117,,,
group questions,/data/front_page,1627734290164,1627734292305,,,
group questions,/data/visit_start,1627734292321,1627734292820,,,
form exit,,1627734446370,,,,
form resume,,1627734455119,,,,
jump,,1627734455119,1627734458919,,,
end screen,,1627734458940,1627734466689,,,
group questions,/data/summary,1627734466690,1627734470914,,,
group questions,/data/child_identification,1627734470963,1627734530011,,,
question,/data/child_identification/a1_a_4,1627734470963,1627734530011,,T-F0031-P0001,
group questions,/data/summary,1627734530033,1627735148973,,,
end screen,,1627735149008,1627735151357,,,
jump,,1627735156914,1627735165789,,,
end screen,,1627735165807,1627735172699,,,
change reason,,1627735201261,,,,forgotten
form save,,1627735201502,,,,
change reason,,1627735210982,,,,forgotten
form save,,1627735211362,,,,
form exit,,1627735211362,,,,
form finalize,,1627735211362,,,,
form resume,,1627846995951,,,,
jump,,1627846995951,1627846999854,,,
group questions,/data/front_page,1627846999883,1627847175026,,,
group questions,/data/visit_start,1627847175040,1627847175630,,,
group questions,/data/visit_start,1627847176984,1627847177668,,,
group questions,/data/front_page,1627847177711,1627847187783,,,
form exit,,1627847187783,,,,
