event,node,start,end,old-value,new-value,change-reason
form start,,1629098991408,,,,
group questions,/data/front_page,1629098991411,1629098995505,,,
group questions,/data/visit_start,1629098995528,1629099010922,,,
question,/data/visit_start/fcode,1629098995532,1629099010922,F0010,F0083,
question,/data/visit_start/arrival,1629098995532,1629099010922,,OK,
question,/data/steps[1]/step_type,1629099010962,1629100271496,,2,
question,/data/steps[2]/step_type,1629100271535,1629100281123,,7,
question,/data/steps[3]/step_type,1629100281154,1629101448019,,99,
question,/data/steps[4]/step_type,1629101448143,1629101456346,,7,
question,/data/steps[5]/step_type,1629101456380,1629101703123,,2,
question,/data/steps[5]/waiting/waiting_comment,1629101730245,1629110025174,Waiting to go for consultation,Waiting for consultation,
question,/data/steps[5]/step_end,1629101730246,1629110025174,,1,
question,/data/steps[6]/step_type,1629110025209,1629110045560,,7,
question,/data/steps[7]/step_type,1629110045590,1629110213971,,2,
question,/data/steps[8]/step_type,1629110214007,1629110222086,,7,
question,/data/steps[9]/step_type,1629110222117,1629112160059,,4,
question,/data/steps[10]/step_type,1629112160125,1629112180322,,7,
question,/data/steps[11]/step_type,1629112180351,1629112224060,,2,
question,/data/steps[12]/step_type,1629112224100,1629112453136,,6,
question,/data/steps[13]/step_type,1629112453168,1629112470518,,7,
question,/data/steps[14]/step_type,1629112470549,1629112502413,,2,
question,/data/steps[15]/step_type,1629112502454,1629112674347,,99,
group questions,/data/child_identification,1629112674532,1629112764984,,,
question,/data/child_identification/a1_a_4a,1629112674532,1629112764984,,T-F0083-P0138,
group questions,/data/summary,1629112765007,1629113530420,,,
question,/data/summary/comments,1629112765008,1629113530420,,"Dispensary crowded since it doesn't open during the weekends
CO not around due to administrative activities
Consultation was done by EN instead of CO
The EN started providing services at the ANC, followed by dressing room, then Consultation.
Priority given to elderly patients
Lab tests (MRDT and PITC) done in consultation room
Dispensing of meds done by MA.",
end screen,,1629113530455,1629113536875,,,
form save,,1629113537144,,,,
form exit,,1629113537144,,,,
form resume,,1629115004777,,,,
jump,,1629115004777,1629115006752,,,
group questions,/data/front_page,1629115006770,1629115009054,,,
group questions,/data/visit_start,1629115009070,1629115014831,,,
question,/data/steps[14]/waiting/waiting_comment,1629115335366,1629115397354,R,Waiting to complete questionnaire TIMCI RA,
group questions,/data/child_identification,1629115407224,1629115409072,,,
group questions,/data/summary,1629115409095,1629115417883,,,
end screen,,1629115417921,1629115422284,,,
change reason,,1629115466136,,,,fill reason for waiting 
form save,,1629115466415,,,,
form exit,,1629115466415,,,,
form resume,,1629115848683,,,,
jump,,1629115848683,1629115850690,,,
end screen,,1629115850709,1629115852445,,,
group questions,/data/summary,1629115852445,1629115950676,,,
question,/data/summary/comments,1629115852446,1629115950676,"Dispensary crowded since it doesn't open during the weekends
CO not around due to administrative activities
Consultation was done by EN instead of CO
The EN started providing services at the ANC, followed by dressing room, then Consultation.
Priority given to elderly patients
Lab tests (MRDT and PITC) done in consultation room
Dispensing of meds done by MA.","Dispensary crowded since it doesn't open during the weekends
CO not around due to administrative activities
Consultation was done by EN instead of CO
The EN started providing services at the ANC, followed by dressing room, then Consultation.
Priority given to elderly patients
Registration done in consultation room 
Lab tests (MRDT and PITC) done in consultation room
Dispensing of meds done by MA.",
change reason,,1629115969896,,,,add other observations 
form save,,1629115970139,,,,
group questions,/data/child_identification,1629115981713,1629116024087,,,
group questions,/data/summary,1629116024107,1629116025643,,,
end screen,,1629116025677,1629116028075,,,
change reason,,1629116029794,,,,add other observations 
form save,,1629116030040,,,,
form exit,,1629116030040,,,,
form resume,,1629116033583,,,,
jump,,1629116033584,1629116036322,,,
group questions,/data/front_page,1629116036344,1629116041309,,,
form exit,,1629116041309,,,,
form resume,,1629224014466,,,,
jump,,1629224014467,1629224043965,,,
group questions,/data/front_page,1629224043992,1629224046626,,,
group questions,/data/visit_start,1629224046649,1629224086090,,,
group questions,/data/front_page,1629224086134,1629224089057,,,
form exit,,1629224089057,,,,
form resume,,1629224093451,,,,
jump,,1629224093452,1629224095012,,,
group questions,/data/front_page,1629224095031,1629224099880,,,
form exit,,1629224099880,,,,
form resume,,1629318472991,,,,
jump,,1629318472992,1629318474719,,,
end screen,,1629318474741,1629318477251,,,
form save,,1629318477656,,,,
form exit,,1629318477657,,,,
form finalize,,1629318477657,,,,
