event,node,start,end,old-value,new-value,change-reason
form start,,1627730479347,,,,
group questions,/data/front_page,1627730479348,1627730480651,,,
group questions,/data/visit_start,1627730480664,1627730519762,,,
question,/data/visit_start/b1_4,1627730480665,1627730519762,,Kaliua,
group questions,/data/visit_start,1627732426460,1627732472330,,,
question,/data/steps[1]/step_type,1627732472370,1627732571825,,7,
question,/data/steps[2]/step_type,1627732571858,1627732622065,,3,
question,/data/steps[2]/pox/poxstart,1627732623035,1627732864677,,OK,
question,/data/steps[2]/step_end,1627732623035,1627732864677,,1,
question,/data/steps[3]/step_type,1627732864724,1627732953640,,7,
question,/data/steps[4]/step_type,1627732953671,1627733025457,,4,
question,/data/steps[5]/step_type,1627733025503,1627733045308,,7,
question,/data/steps[6]/step_type,1627733045341,1627733059059,,5,
question,/data/steps[7]/step_type,1627733138239,1627733142683,,7,
question,/data/steps[8]/step_type,1627733142714,1627733193327,,4,
question,/data/steps[9]/step_type,1627733193373,1627733209921,,7,
question,/data/steps[10]/step_type,1627733209952,1627733232539,,8,
question,/data/steps[11]/step_type,1627733232569,1627733251237,,7,
question,/data/steps[12]/step_type,1627733251268,1627733317550,,6,
question,/data/steps[13]/step_type,1627733317582,1627733351223,,7,
question,/data/steps[14]/step_type,1627733351254,1627733429118,,2,
question,/data/steps[15]/step_type,1627733429160,1627733461892,,99,
question,/data/steps[16]/step_type,1627733462045,1627733477529,,7,
group questions,/data/child_identification,1627733477560,1627733498224,,,
question,/data/steps[16]/step_type,1627733498246,1627733571948,7,99,
group questions,/data/child_identification,1627733572260,1627733606368,,,
group questions,/data/child_identification,1627733771722,1627734077845,,,
question,/data/child_identification/a1_a_4a,1627733771722,1627734077845,,01,
form save,,1627734078115,,,,
jump,,1627734087857,1627734162591,,,
group questions,/data/child_identification,1627734162629,1627734472989,,,
question,/data/child_identification/a1_a_4,1627734162629,1627734472989,,T-F0031-P0001,
question,/data/child_identification/a1_a_4a,1627734162629,1627734472989,01,,
group questions,/data/summary,1627734473012,1627734477922,,,
end screen,,1627734477959,1627734490712,,,
group questions,/data/summary,1627734490713,1627735144375,,,
end screen,,1627735144415,1627735147749,,,
form save,,1627735148199,,,,
form exit,,1627735148200,,,,
form finalize,,1627735148200,,,,
