event,node,start,end,old-value,new-value,change-reason
form start,,1629278235837,,,,
group questions,/data/front_page,1629278235839,1629278237341,,,
group questions,/data/visit_start,1629278237354,1629278290613,,,
question,/data/visit_start/arrival,1629278237358,1629278290613,,OK,
question,/data/steps[1]/step_type,1629278290647,1629278315435,,7,
question,/data/steps[2]/step_type,1629278315464,1629278399148,,2,
group questions,/data/visit_start,1629278404690,1629278412421,,,
question,/data/steps[2]/step_end,1629278416105,1629278423464,,1,
question,/data/steps[3]/step_type,1629278423508,1629278439752,,7,
question,/data/steps[4]/step_type,1629278439787,1629278960434,,4,
question,/data/steps[4]/cdsa/cdsastart,1629278457937,1629278960434,,OK,
question,/data/steps[4]/pox/poxstart,1629278457937,1629278960434,,OK,
question,/data/steps[4]/step_end,1629278457937,1629278960434,,1,
question,/data/steps[5]/step_type,1629278960505,1629279005035,,5,
question,/data/steps[6]/step_type,1629279005065,1629279024954,,7,
question,/data/steps[7]/step_type,1629279025020,1629279570519,,4,
question,/data/steps[8]/step_type,1629279570584,1629279610799,,7,
question,/data/steps[9]/step_type,1629279610840,1629279785338,,2,
question,/data/steps[10]/step_type,1629279785374,1629279972821,,6,
group questions,/data/child_identification,1629279972854,1629280034960,,,
question,/data/child_identification/a1_a_4a,1629279972854,1629280034960,,T-F0087-P0078,
group questions,/data/summary,1629280034984,1629280498579,,,
group questions,/data/child_identification,1629280498616,1629280503781,,,
group questions,/data/child_identification,1629280749347,1629280754913,,,
group questions,/data/summary,1629280754939,1629280756151,,,
end screen,,1629280756190,1629280757535,,,
form save,,1629280757910,,,,
form exit,,1629280757910,,,,
form finalize,,1629280757910,,,,
form resume,,1629287710389,,,,
jump,,1629287710389,1629316040208,,,
group questions,/data/summary,1629287755675,1629316040208,,,
group questions,/data/child_identification,1629316040242,1629352074216,,,
group questions,/data/child_identification,1629352076756,1629352081007,,,
group questions,/data/summary,1629352081031,1629352567336,,,
question,/data/summary/comments,1629352081031,1629352567336,,"The sixth step on the timeflow was selected by mistake but im actual sense the patient didn't move since registration ,consultation and laboratory test were done on the same table",
end screen,,1629352567366,1629352568973,,,
change reason,,1629352591175,,,,additional comments 
form save,,1629352591574,,,,
form exit,,1629352591575,,,,
form finalize,,1629352591575,,,,
