event,node,start,end,old-value,new-value,change-reason
form start,,1627735220602,,,,
group questions,/data/front_page,1627735220603,1627735222064,,,
group questions,/data/visit_start,1627735222078,1627735284480,,,
question,/data/visit_start/b1_4,1627735222079,1627735284480,Kaliua,Sengerema,
question,/data/visit_start/fcode,1627735222082,1627735284480,F0001,F0019,
question,/data/visit_start/arrival,1627735222082,1627735284480,,OK,
question,/data/steps[1]/step_type,1627735284515,1627735297178,,7,
question,/data/steps[2]/step_type,1627735297206,1627735319115,,1,
question,/data/steps[3]/step_type,1627735375827,1627735380791,,7,
question,/data/steps[4]/step_type,1627735389202,1627735401740,,3,
question,/data/steps[5]/step_type,1627735401790,1627735419936,,2,
question,/data/steps[5]/step_type,1627735425636,1627735437695,2,7,
question,/data/steps[6]/step_type,1627735437771,1627735544089,,4,
question,/data/steps[6]/cdsa/cdsaend,1627735549654,1627735559877,,OK,
question,/data/steps[7]/step_type,1627735559957,1627735566859,,7,
question,/data/steps[8]/step_type,1627735566890,1627735684147,,5,
question,/data/steps[9]/step_type,1627735684174,1627735713434,,2,
question,/data/steps[9]/waiting/waiting_comment,1627735719282,1627735728222,,R,
question,/data/steps[10]/step_type,1627735728261,1627735736055,,7,
question,/data/steps[11]/step_type,1627735736085,1627735798419,,3,
question,/data/steps[12]/step_type,1627735798460,1627735841980,,3,
question,/data/steps[13]/step_type,1627735842030,1627735853669,,7,
question,/data/steps[14]/step_type,1627735853700,1627735932870,,2,
question,/data/steps[14]/waiting/waiting_comment,1627735944261,1627735955570,,W,
question,/data/steps[15]/step_type,1627735955613,1627735980610,,4,
question,/data/steps[16]/step_type,1627735980657,1627736012044,,7,
question,/data/steps[17]/step_type,1627736012077,1627736034485,,6,
question,/data/steps[18]/step_type,1627736034517,1627736087042,,6,
group questions,/data/child_identification,1627736087084,1627736141200,,,
group questions,/data/child_identification,1627736160143,1627736187591,,,
question,/data/child_identification/a1_a_4,1627736160143,1627736187591,,T-F0031-P0001,
group questions,/data/child_identification,1627736189124,1627736190340,,,
group questions,/data/summary,1627736190360,1627845447625,,,
end screen,,1627845447671,1627845450879,,,
form save,,1627845451412,,,,
form exit,,1627845451412,,,,
form finalize,,1627845451412,,,,
