event,node,start,end,old-value,new-value,change-reason
form start,,1626779884894,,,,
group questions,/data/front_page,1626779884895,1626779886087,,,
group questions,/data/b1,1626779886100,1626779894968,,,
question,/data/b1/b1_4,1626779886101,1626779894968,,Kaliua,
group questions,/data/a1,1626779894997,1626779951371,,,
question,/data/a1/a1_a_4a,1626779894997,1626779951371,,T-F0010-P0064,
group questions,/data/e4,1626779951395,1626779979727,,,
question,/data/e4/e4_1,1626779951395,1626779979727,,1,
group questions,/data/a1,1626779979756,1626779989252,,,
group questions,/data/e4,1626779989276,1626779992043,,,
group questions,/data/g5,1626779992073,1626780010147,,,
question,/data/g5/g5_1,1626779992074,1626780010147,,1,
question,/data/g5/i4_1,1626779992074,1626780010147,,0,
question,/data/g5/h4_1,1626779992074,1626780010147,,1,
group questions,/data/h4,1626780010180,1626780053852,,,
question,/data/h4/h4_2,1626780010180,1626780053852,,1,
question,/data/h4/h4_3,1626780010180,1626780053852,,1,
question,/data/h4/h4_4,1626780010180,1626780053852,,4,
group questions,/data/j4,1626780053881,1626780090329,,,
question,/data/j4/j4_2,1626780053881,1626780090329,,0,
question,/data/j4/j4_1,1626780053881,1626780090329,,1,
question,/data/j4/h4_6,1626780053881,1626780090329,,3,
group questions,/data/l3,1626780090360,1626780109916,,,
question,/data/l3/l3_1,1626780090360,1626780109916,,4,
question,/data/l3/l3_2,1626780090360,1626780109916,,4,
question,/data/l3/l3_3,1626780090360,1626780109916,,4,
question,/data/l3/l3_4,1626780090360,1626780109916,,5,
question,/data/l3/l3_5,1626780090360,1626780109916,,4,
question,/data/l3/l3_6,1626780090360,1626780109916,,5,
question,/data/l3/l3_7,1626780090360,1626780109916,,4,
group questions,/data/b2,1626780109956,1626780129917,,,
question,/data/b2/b1_7,1626780109956,1626780129917,,1,
question,/data/b2/b2_10,1626780109957,1626780129917,,0,
question,/data/b2/b2_9a,1626780109957,1626780129917,,0,
question,/data/b2/b2_8,1626780109957,1626780129917,,1,
end screen,,1626780129947,1626780160814,,,
form save,,1626780161063,,,,
form exit,,1626780161063,,,,
form finalize,,1626780161063,,,,
