event,node,start,end,old-value,new-value,change-reason
form start,,1630314708342,,,,
group questions,/data/front_page,1630314708343,1630314710547,,,
group questions,/data/b1,1630314710562,1630314712623,,,
group questions,/data/a1,1630314712650,1630314731074,,,
question,/data/a1/a1_a_4,1630314712650,1630314731074,,T-F0092-P0025,
group questions,/data/e4,1630314731100,1630314733876,,,
question,/data/e4/e4_1,1630314731100,1630314733876,,0,
group questions,/data/k2,1630314733900,1630314737330,,,
question,/data/k2/k2_1,1630314733900,1630314737330,,0,
group questions,/data/g5,1630314737354,1630314773358,,,
question,/data/g5/g5_1,1630314737355,1630314773358,,1,
question,/data/g5/i4_1,1630314737355,1630314773358,,0,
question,/data/g5/h4_1,1630314737355,1630314773358,,1,
group questions,/data/h4,1630314773391,1630314815830,,,
question,/data/h4/h4_2,1630314773391,1630314815830,,2,
question,/data/h4/h4_3,1630314773391,1630314815830,,2,
question,/data/h4/h4_4,1630314773391,1630314815830,,5,
group questions,/data/j4,1630314815859,1630314850711,,,
question,/data/j4/j4_2,1630314815859,1630314850711,,0,
question,/data/j4/j4_1,1630314815859,1630314850711,,1,
question,/data/j4/h4_6,1630314815859,1630314850711,,96,
group questions,/data/l3,1630314850741,1630314937626,,,
question,/data/l3/l3_1,1630314850741,1630314937626,,4,
question,/data/l3/l3_2,1630314850741,1630314937626,,5,
question,/data/l3/l3_3,1630314850741,1630314937626,,4,
question,/data/l3/l3_4,1630314850741,1630314937626,,5,
question,/data/l3/l3_5,1630314850741,1630314937626,,5,
question,/data/l3/l3_6,1630314850741,1630314937626,,1,
question,/data/l3/l3_7,1630314850741,1630314937626,,5,
group questions,/data/b2,1630314937674,1630314969193,,,
question,/data/b2/b1_7,1630314937674,1630314969193,,1,
question,/data/b2/b2_10,1630314937674,1630314969193,,0,
question,/data/b2/b2_9a,1630314937674,1630314969193,,0,
question,/data/b2/b2_8,1630314937674,1630314969193,,1,
end screen,,1630314969226,1630314974436,,,
form save,,1630314974602,,,,
form exit,,1630314974602,,,,
form resume,,1630318677342,,,,
jump,,1630318677342,1630318678744,,,
group questions,/data/front_page,1630318678762,1630318681165,,,
group questions,/data/b1,1630318681182,1630318683344,,,
group questions,/data/a1,1630318683370,1630318685093,,,
group questions,/data/e4,1630318685112,1630318687158,,,
group questions,/data/k2,1630318687180,1630318688520,,,
group questions,/data/g5,1630318688539,1630318696115,,,
group questions,/data/h4,1630318696149,1630318725565,,,
group questions,/data/j4,1630318725595,1630318732093,,,
group questions,/data/l3,1630318732123,1630318734566,,,
group questions,/data/b2,1630318734615,1630318739326,,,
end screen,,1630318739352,1630318741394,,,
form save,,1630318741541,,,,
form exit,,1630318741541,,,,
form resume,,1630341569856,,,,
jump,,1630341569856,1630341570903,,,
group questions,/data/front_page,1630341570920,1630341571764,,,
group questions,/data/b1,1630341571775,1630341572705,,,
group questions,/data/a1,1630341572732,1630341573844,,,
group questions,/data/e4,1630341573862,1630341574862,,,
group questions,/data/k2,1630341574880,1630341575736,,,
group questions,/data/g5,1630341575755,1630341576572,,,
group questions,/data/h4,1630341576601,1630341577602,,,
group questions,/data/j4,1630341577627,1630341578465,,,
group questions,/data/l3,1630341578491,1630341579891,,,
group questions,/data/b2,1630341579931,1630341581532,,,
end screen,,1630341581560,1630341582933,,,
group questions,/data/b2,1630341582934,1630341585779,,,
group questions,/data/l3,1630341585808,1630341590685,,,
group questions,/data/j4,1630341590728,1630341593317,,,
group questions,/data/h4,1630341593342,1630341601585,,,
group questions,/data/j4,1630341601612,1630341602392,,,
group questions,/data/l3,1630341602419,1630341603227,,,
group questions,/data/b2,1630341603269,1630341604062,,,
end screen,,1630341604090,1630341605413,,,
form save,,1630341605683,,,,
form exit,,1630341605684,,,,
form finalize,,1630341605684,,,,
