event,node,start,end,old-value,new-value,change-reason
form start,,1627372544936,,,,
group questions,/data/front_page,1627372544936,1627372546246,,,
group questions,/data/b1,1627372546259,1627372548581,,,
group questions,/data/a1,1627372548607,1627372625528,,,
question,/data/a1/a1_a_4,1627372548608,1627372625528,,T-F0022-P0024,
group questions,/data/e4,1627372625553,1627372628983,,,
question,/data/e4/e4_1,1627372625553,1627372628983,,0,
group questions,/data/g5,1627372629004,1627372645599,,,
question,/data/g5/g5_1,1627372629004,1627372645599,,0,
question,/data/g5/i4_1,1627372629004,1627372645599,,0,
question,/data/g5/h4_1,1627372629005,1627372645599,,1,
group questions,/data/h4,1627372645631,1627375263890,,,
question,/data/h4/h4_2,1627372645631,1627375263890,,1,
question,/data/h4/h4_3,1627372645631,1627375263890,,1,
question,/data/h4/h4_4,1627372645631,1627375263890,,4,
group questions,/data/j4,1627375263919,1627375353160,,,
question,/data/j4/j4_2,1627375263919,1627375353160,,1,
question,/data/j4/j4_1,1627375263919,1627375353160,,2,
question,/data/j4/h4_6,1627375263919,1627375353160,,1,
group questions,/data/l3,1627375353194,1627375460410,,,
question,/data/l3/l3_1,1627375353194,1627375460410,,4,
question,/data/l3/l3_2,1627375353194,1627375460410,,5,
question,/data/l3/l3_3,1627375353194,1627375460410,,5,
question,/data/l3/l3_4,1627375353195,1627375460410,,4,
question,/data/l3/l3_5,1627375353195,1627375460410,,5,
question,/data/l3/l3_6,1627375353195,1627375460410,,1,
question,/data/l3/l3_7,1627375353195,1627375460410,,4,
group questions,/data/b2,1627375460448,1627375513023,,,
question,/data/b2/b1_7,1627375460448,1627375513023,,1,
question,/data/b2/b2_10,1627375460448,1627375513023,,1,
question,/data/b2/b2_9a,1627375460448,1627375513023,,0,
question,/data/b2/b2_8,1627375460448,1627375513023,,2,
end screen,,1627375513053,1627375531622,,,
form save,,1627375531795,,,,
form exit,,1627375531795,,,,
form resume,,1627376884702,,,,
jump,,1627376884702,1627376886061,,,
group questions,/data/front_page,1627376886079,1627376887122,,,
group questions,/data/b1,1627376887137,1627376890918,,,
group questions,/data/a1,1627376890945,1627376892532,,,
group questions,/data/e4,1627376892552,1627376894939,,,
group questions,/data/g5,1627376894958,1627376924083,,,
group questions,/data/e4,1627376924112,1627376924687,,,
group questions,/data/g5,1627376924708,1627376925521,,,
group questions,/data/h4,1627376925552,1627376932618,,,
group questions,/data/j4,1627376932646,1627376966792,,,
group questions,/data/l3,1627376966828,1627376977968,,,
group questions,/data/j4,1627376978013,1627376984419,,,
group questions,/data/l3,1627376984458,1627376989118,,,
group questions,/data/b2,1627376989162,1627377003486,,,
question,/data/b2/b2_8,1627376989163,1627377003486,2,3,
end screen,,1627377003521,1627377006006,,,
change reason,,1627377016533,,,,data refill 
form save,,1627377016775,,,,
form exit,,1627377016775,,,,
form finalize,,1627377016776,,,,
