event,node,start,end,old-value,new-value,change-reason
form start,,1629370104448,,,,
group questions,/data/front_page,1629370104449,1629370105996,,,
group questions,/data/b1,1629370106010,1629370108665,,,
group questions,/data/a1,1629370108695,1629370197496,,,
question,/data/a1/a1_a_4a,1629370108695,1629370197496,,T-F0093-P0046,
group questions,/data/e4,1629370197521,1629370211075,,,
question,/data/e4/e4_1,1629370197521,1629370211075,,0,
group questions,/data/k2,1629370211095,1629370220680,,,
question,/data/k2/k2_1,1629370211095,1629370220680,,0,
group questions,/data/g5,1629370220699,1629370252393,,,
question,/data/g5/g5_1,1629370220699,1629370252393,,1,
question,/data/g5/i4_1,1629370220699,1629370252393,,0,
question,/data/g5/h4_1,1629370220699,1629370252393,,1,
group questions,/data/h4,1629370252427,1629370269489,,,
question,/data/h4/h4_2,1629370252428,1629370269489,,1,
question,/data/h4/h4_3,1629370252428,1629370269489,,1,
question,/data/h4/h4_4,1629370252428,1629370269489,,5,
group questions,/data/j4,1629370269516,1629370292147,,,
question,/data/j4/j4_2,1629370269517,1629370292147,,0,
question,/data/j4/j4_1,1629370269517,1629370292147,,1,
question,/data/j4/h4_6,1629370269517,1629370292147,,96,
group questions,/data/l3,1629370292181,1629370297960,,,
group questions,/data/j4,1629370298005,1629370303254,,,
group questions,/data/l3,1629370303284,1629370354584,,,
question,/data/l3/l3_1,1629370303284,1629370354584,,5,
question,/data/l3/l3_2,1629370303284,1629370354584,,5,
question,/data/l3/l3_3,1629370303284,1629370354584,,5,
question,/data/l3/l3_4,1629370303284,1629370354584,,5,
question,/data/l3/l3_5,1629370303284,1629370354584,,5,
question,/data/l3/l3_6,1629370303284,1629370354584,,4,
question,/data/l3/l3_7,1629370303284,1629370354584,,4,
group questions,/data/b2,1629370354625,1629370375934,,,
question,/data/b2/b1_7,1629370354625,1629370375934,,1,
question,/data/b2/b2_10,1629370354625,1629370375934,,0,
question,/data/b2/b2_9a,1629370354625,1629370375934,,0,
question,/data/b2/b2_8,1629370354625,1629370375934,,3,
end screen,,1629370375962,1629370379493,,,
form save,,1629370379710,,,,
form exit,,1629370379710,,,,
form resume,,1629370658145,,,,
jump,,1629370658145,1629370717269,,,
group questions,/data/b1,1629370666480,1629370717269,,,
question,/data/b1/fcode,1629370666484,1629370717269,F0087,F0093,
group questions,/data/a1,1629370717297,1629370736039,,,
group questions,/data/e4,1629370736061,1629370845678,,,
group questions,/data/k2,1629370845697,1629370849414,,,
group questions,/data/g5,1629370849433,1629370859415,,,
group questions,/data/h4,1629370859446,1629370861624,,,
group questions,/data/j4,1629370861651,1629370894163,,,
group questions,/data/l3,1629370894191,1629370899248,,,
group questions,/data/b2,1629370899293,1629370937355,,,
end screen,,1629370937425,1629370945558,,,
change reason,,1629371398206,,,,rechose correct facility name
form save,,1629371398455,,,,
form exit,,1629371398455,,,,
form finalize,,1629371398455,,,,
