event,node,start,end,old-value,new-value,change-reason
form start,,1623650504620,,,,
group questions,/data/front_page,1623650504621,1623650526723,,,
group questions,/data/b1,1623650526737,1623650601487,,,
question,/data/b1/b1_4,1623650526738,1623650601487,,Tanga,
group questions,/data/a1,1623650601510,1623650676095,,,
question,/data/a1/a1_a_4a,1623650601511,1623650676095,,T-F0002-P2224,
group questions,/data/e4,1623650676117,1623650723818,,,
group questions,/data/a1,1623650723835,1623650727124,,,
group questions,/data/e4,1623650727145,1623650735328,,,
group questions,/data/a1,1623650735346,1623650780383,,,
group questions,/data/b1,1623650780405,1623650783507,,,
group questions,/data/a1,1623650783534,1623650785182,,,
group questions,/data/e4,1623650785202,1623650840292,,,
question,/data/e4/e4_1,1623650785202,1623650840292,,1,
group questions,/data/k2,1623650840319,1623650858386,,,
question,/data/k2/k2_1,1623650840319,1623650858386,,1,
group questions,/data/e4,1623650858411,1623650859775,,,
group questions,/data/k2,1623650859800,1623650933224,,,
question,/data/k2/k2_2,1623650859800,1623650933224,,1,
question,/data/k2/k2_3,1623650859801,1623650933224,,5,
group questions,/data/g5,1623650933256,1623650941233,,,
question,/data/g5/g5_1,1623650933257,1623650941233,,1,
group questions,/data/k2,1623650941262,1623650943232,,,
group questions,/data/g5,1623650943263,1623650956214,,,
question,/data/g5/i4_1,1623650943263,1623650956214,,1,
question,/data/g5/h4_1,1623650943263,1623650956214,,1,
group questions,/data/i4,1623650956244,1623651158296,,,
question,/data/i4/i4_2,1623650956245,1623651158296,,1,
question,/data/i4/i4_3,1623650956245,1623651158296,,1,
question,/data/i4/i4_5,1623650956245,1623651158296,,1,
question,/data/i4/i4_4,1623650956245,1623651158296,,99,
question,/data/i4/i4_6,1623650956245,1623651158296,,1,
group questions,/data/h4,1623651158334,1623651236956,,,
question,/data/h4/h4_2,1623651158334,1623651236956,,1,
question,/data/h4/h4_3,1623651158334,1623651236956,,1,
question,/data/h4/h4_4,1623651158334,1623651236956,,4,
group questions,/data/l3,1623651236980,1623651312983,,,
question,/data/l3/l3_1,1623651236981,1623651312983,,5,
question,/data/l3/l3_2,1623651236981,1623651312983,,5,
question,/data/l3/l3_3,1623651236981,1623651312983,,5,
question,/data/l3/l3_4,1623651236981,1623651312983,,5,
question,/data/l3/l3_5,1623651236981,1623651312983,,5,
question,/data/l3/l3_6,1623651236981,1623651312983,,1,
question,/data/l3/l3_7,1623651236981,1623651312983,,5,
group questions,/data/b2,1623651313021,1623651409607,,,
question,/data/b2/b1_7,1623651313021,1623651409607,,2,
question,/data/b2/b2_10,1623651313021,1623651409607,,1,
question,/data/b2/b2_9a,1623651313021,1623651409607,,1,
question,/data/b2/b2_8,1623651313021,1623651409607,,3,
end screen,,1623651409668,1623651413040,,,
form save,,1623651413205,,,,
form exit,,1623651413205,,,,
form resume,,1630341518638,,,,
jump,,1630341518638,1630341519988,,,
group questions,/data/front_page,1630341520008,1630341520982,,,
group questions,/data/b1,1630341520998,1630341521880,,,
group questions,/data/a1,1630341521906,1630341522730,,,
group questions,/data/e4,1630341522755,1630341523749,,,
group questions,/data/k2,1630341523777,1630341524555,,,
group questions,/data/g5,1630341524588,1630341525231,,,
group questions,/data/i4,1630341525266,1630341526434,,,
group questions,/data/h4,1630341526486,1630341527298,,,
group questions,/data/l3,1630341527373,1630341528471,,,
group questions,/data/b2,1630341528521,1630341529862,,,
end screen,,1630341529919,1630341531330,,,
form save,,1630341531591,,,,
form exit,,1630341531591,,,,
form finalize,,1630341531591,,,,
