event,node,start,end,old-value,new-value,change-reason
form start,,1630400453772,,,,
group questions,/data/front_page,1630400453773,1630400456302,,,
group questions,/data/b1,1630400456319,1630400465474,,,
question,/data/b1/b1_4,1630400456320,1630400465474,,Tanga,
group questions,/data/a1,1630400465504,1630400480149,,,
question,/data/a1/a1_a_4a,1630400465504,1630400480149,,T-F0039-P0072,
group questions,/data/e4,1630400480178,1630400543456,,,
question,/data/e4/e4_1,1630400480178,1630400543456,,0,
group questions,/data/g5,1630400543478,1630400548826,,,
question,/data/g5/g5_1,1630400543478,1630400548826,,1,
question,/data/g5/i4_1,1630400543478,1630400548826,,0,
question,/data/g5/h4_1,1630400543478,1630400548826,,1,
group questions,/data/h4,1630400548860,1630400577926,,,
question,/data/h4/h4_2,1630400548860,1630400577926,,1,
question,/data/h4/h4_3,1630400548860,1630400577926,,1,
question,/data/h4/h4_4,1630400548861,1630400577926,,5,
group questions,/data/j4,1630400577956,1630400591082,,,
question,/data/j4/j4_2,1630400577957,1630400591082,,0,
question,/data/j4/j4_1,1630400577957,1630400591082,,1,
question,/data/j4/h4_6,1630400577957,1630400591082,,96,
group questions,/data/l3,1630400591113,1630400734869,,,
question,/data/l3/l3_1,1630400591114,1630400734869,,5,
question,/data/l3/l3_2,1630400591114,1630400734869,,5,
question,/data/l3/l3_3,1630400591114,1630400734869,,5,
question,/data/l3/l3_4,1630400591114,1630400734869,,5,
question,/data/l3/l3_5,1630400591114,1630400734869,,5,
question,/data/l3/l3_6,1630400591114,1630400734869,,3,
question,/data/l3/l3_7,1630400591114,1630400734869,,5,
group questions,/data/b2,1630400734918,1630400810765,,,
question,/data/b2/b1_7,1630400734919,1630400810765,,1,
question,/data/b2/b2_10,1630400734919,1630400810765,,0,
question,/data/b2/b2_9a,1630400734919,1630400810765,,1,
question,/data/b2/b2_8,1630400734919,1630400810765,,3,
end screen,,1630400810810,1630400813433,,,
form save,,1630400813622,,,,
form exit,,1630400813622,,,,
form resume,,1630410816667,,,,
jump,,1630410816667,1630410818220,,,
group questions,/data/front_page,1630410818238,1630410819513,,,
group questions,/data/b1,1630410819528,1630410821963,,,
group questions,/data/a1,1630410821990,1630410825221,,,
group questions,/data/e4,1630410825246,1630410827777,,,
group questions,/data/g5,1630410827797,1630410829651,,,
group questions,/data/h4,1630410829682,1630410846503,,,
group questions,/data/j4,1630410846531,1630410852506,,,
group questions,/data/l3,1630410852535,1630410883170,,,
question,/data/l3/l3_5,1630410852536,1630410883170,5,3,
group questions,/data/b2,1630410883217,1630410896005,,,
end screen,,1630410896047,1630410897205,,,
change reason,,1630410903652,,,,Cross checking 
form save,,1630410903908,,,,
form exit,,1630410903908,,,,
form finalize,,1630410903908,,,,
