event,node,start,end,old-value,new-value,change-reason
form start,,1627463308305,,,,
group questions,/data/front_page,1627463308306,1627463314736,,,
group questions,/data/b1,1627463314750,1627463328781,,,
group questions,/data/a1,1627463328805,1627463347686,,,
question,/data/a1/a1_a_4a,1627463328805,1627463347686,,T-F0029-P0034,
group questions,/data/e4,1627463347709,1627463421268,,,
question,/data/e4/e4_1,1627463347709,1627463421268,,1,
group questions,/data/g5,1627463421296,1627463444802,,,
question,/data/g5/g5_1,1627463421296,1627463444802,,1,
question,/data/g5/i4_1,1627463421296,1627463444802,,0,
question,/data/g5/h4_1,1627463421296,1627463444802,,1,
group questions,/data/h4,1627463444832,1627463491182,,,
question,/data/h4/h4_2,1627463444833,1627463491182,,2,
question,/data/h4/h4_3,1627463444833,1627463491182,,1,
question,/data/h4/h4_4,1627463444833,1627463491182,,4,
group questions,/data/j4,1627463491213,1627463545662,,,
question,/data/j4/j4_2,1627463491213,1627463545662,,0,
question,/data/j4/j4_1,1627463491213,1627463545662,,1,
question,/data/j4/h4_6,1627463491213,1627463545662,,96,
group questions,/data/l3,1627463545688,1627463578022,,,
question,/data/l3/l3_1,1627463545689,1627463578022,,5,
question,/data/l3/l3_2,1627463545689,1627463578022,,5,
question,/data/l3/l3_3,1627463545689,1627463578022,,4,
question,/data/l3/l3_4,1627463545689,1627463578022,,5,
question,/data/l3/l3_5,1627463545689,1627463578022,,5,
question,/data/l3/l3_6,1627463545689,1627463578022,,5,
question,/data/l3/l3_7,1627463545689,1627463578022,,5,
group questions,/data/b2,1627463578065,1627463614962,,,
question,/data/b2/b1_7,1627463578066,1627463614962,,1,
question,/data/b2/b2_10,1627463578066,1627463614962,,1,
question,/data/b2/b2_9a,1627463578066,1627463614962,,0,
question,/data/b2/b2_8,1627463578066,1627463614962,,1,
end screen,,1627463614994,1627463680024,,,
form save,,1627463680195,,,,
form exit,,1627463680195,,,,
form resume,,1627469855308,,,,
jump,,1627469855308,1627469857484,,,
group questions,/data/front_page,1627469857504,1627469858902,,,
group questions,/data/b1,1627469858916,1627469861972,,,
group questions,/data/a1,1627469861994,1627469863879,,,
group questions,/data/e4,1627469863900,1627469884948,,,
group questions,/data/g5,1627469884976,1627469891672,,,
group questions,/data/h4,1627469891702,1627469895009,,,
group questions,/data/j4,1627469895035,1627469917439,,,
group questions,/data/l3,1627469917467,1627469921302,,,
group questions,/data/b2,1627469921342,1627469926253,,,
end screen,,1627469926290,1627469928972,,,
form save,,1627469929213,,,,
form exit,,1627469929213,,,,
form finalize,,1627469929213,,,,
