event,node,start,end,old-value,new-value,change-reason
form start,,1628154412106,,,,
group questions,/data/front_page,1628154412108,1628154413012,,,
group questions,/data/b1,1628154413024,1628154419127,,,
group questions,/data/a1,1628154419155,1628154444990,,,
question,/data/a1/a1_a_4a,1628154419155,1628154444990,,T-F0101-P0081,
group questions,/data/e4,1628154445014,1628154635417,,,
question,/data/e4/e4_1,1628154445014,1628154635417,,1,
group questions,/data/k2,1628154635441,1628154657222,,,
question,/data/k2/k2_1,1628154635442,1628154657222,,1,
group questions,/data/g5,1628154657248,1628154680987,,,
question,/data/g5/g5_1,1628154657248,1628154680987,,1,
question,/data/g5/i4_1,1628154657248,1628154680987,,0,
question,/data/g5/h4_1,1628154657249,1628154680987,,1,
group questions,/data/h4,1628154681017,1628154687770,,,
question,/data/h4/h4_2,1628154681017,1628154687770,,1,
question,/data/h4/h4_3,1628154681017,1628154687770,,1,
question,/data/h4/h4_4,1628154681017,1628154687770,,5,
group questions,/data/j4,1628154687798,1628154716413,,,
question,/data/j4/j4_2,1628154687799,1628154716413,,0,
question,/data/j4/j4_1,1628154687799,1628154716413,,1,
question,/data/j4/h4_6,1628154687799,1628154716413,,1,
group questions,/data/l3,1628154716443,1628154751078,,,
question,/data/l3/l3_1,1628154716443,1628154751078,,5,
question,/data/l3/l3_2,1628154716443,1628154751078,,5,
question,/data/l3/l3_3,1628154716443,1628154751078,,5,
question,/data/l3/l3_4,1628154716443,1628154751078,,5,
question,/data/l3/l3_5,1628154716443,1628154751078,,5,
question,/data/l3/l3_6,1628154716443,1628154751078,,2,
question,/data/l3/l3_7,1628154716443,1628154751078,,5,
group questions,/data/b2,1628154751117,1628156595901,,,
question,/data/b2/b1_7,1628154751118,1628156595901,,1,
question,/data/b2/b2_9a,1628154751118,1628156595901,,0,
question,/data/b2/b2_8,1628154751118,1628156595901,,3,
group questions,/data/l3,1628156596107,1628156597452,,,
group questions,/data/j4,1628156597491,1628156598899,,,
group questions,/data/h4,1628156598925,1628156600082,,,
group questions,/data/g5,1628156600107,1628156601492,,,
group questions,/data/k2,1628156601521,1628156602910,,,
group questions,/data/e4,1628156602936,1628156605566,,,
group questions,/data/a1,1628156605591,1628156607792,,,
group questions,/data/b1,1628156607813,1628156610933,,,
group questions,/data/front_page,1628156610962,1628156613095,,,
group questions,/data/b1,1628156613110,1628156616015,,,
group questions,/data/a1,1628156616038,1628156621266,,,
group questions,/data/e4,1628156621287,1628157444169,,,
group questions,/data/a1,1628157444195,1628157454185,,,
group questions,/data/e4,1628157454206,1628157467213,,,
group questions,/data/k2,1628157467239,1628157479646,,,
group questions,/data/g5,1628157479671,1628157482504,,,
group questions,/data/h4,1628157482534,1628157517831,,,
group questions,/data/j4,1628157517861,1628157520861,,,
group questions,/data/h4,1628157520886,1628157523178,,,
group questions,/data/j4,1628157523205,1628157529147,,,
group questions,/data/l3,1628157529172,1628157546719,,,
group questions,/data/b2,1628157546760,1628157560998,,,
question,/data/b2/b2_10,1628157546760,1628157560998,,0,
end screen,,1628157561029,1628157711417,,,
form save,,1628157711752,,,,
form exit,,1628157711753,,,,
form finalize,,1628157711753,,,,
