event,node,start,end,old-value,new-value,change-reason
form start,,1630392302592,,,,
group questions,/data/front_page,1630392302594,1630392303783,,,
group questions,/data/b1,1630392303797,1630392316076,,,
question,/data/b1/b1_4,1630392303797,1630392316076,,Sengerema,
group questions,/data/a1,1630392316104,1630392339559,,,
question,/data/a1/a1_a_4,1630392316104,1630392339559,,T-F0092-P0028,
group questions,/data/e4,1630392339582,1630392342677,,,
question,/data/e4/e4_1,1630392339582,1630392342677,,0,
group questions,/data/k2,1630392342698,1630392355354,,,
question,/data/k2/k2_1,1630392342698,1630392355354,,0,
group questions,/data/g5,1630392355375,1630392508932,,,
question,/data/g5/g5_1,1630392355375,1630392508932,,0,
question,/data/g5/i4_1,1630392355375,1630392508932,,0,
question,/data/g5/h4_1,1630392355375,1630392508932,,1,
group questions,/data/h4,1630392508964,1630392528760,,,
question,/data/h4/h4_2,1630392508964,1630392528760,,1,
question,/data/h4/h4_3,1630392508964,1630392528760,,1,
question,/data/h4/h4_4,1630392508964,1630392528760,,4,
group questions,/data/j4,1630392528788,1630392572701,,,
question,/data/j4/j4_2,1630392528788,1630392572701,,0,
question,/data/j4/j4_1,1630392528788,1630392572701,,2,
question,/data/j4/h4_6,1630392528788,1630392572701,,96,
group questions,/data/l3,1630392572734,1630392658621,,,
question,/data/l3/l3_1,1630392572735,1630392658621,,1,
question,/data/l3/l3_2,1630392572735,1630392658621,,4,
question,/data/l3/l3_3,1630392572735,1630392658621,,5,
question,/data/l3/l3_4,1630392572735,1630392658621,,4,
question,/data/l3/l3_5,1630392572735,1630392658621,,5,
question,/data/l3/l3_6,1630392572735,1630392658621,,5,
question,/data/l3/l3_7,1630392572735,1630392658621,,2,
group questions,/data/b2,1630392658667,1630392695608,,,
question,/data/b2/b1_7,1630392658667,1630392695608,,1,
question,/data/b2/b2_10,1630392658668,1630392695608,,1,
question,/data/b2/b2_9a,1630392658668,1630392695608,,0,
question,/data/b2/b2_8,1630392658668,1630392695608,,2,
end screen,,1630392695644,1630392699396,,,
form save,,1630392699558,,,,
form exit,,1630392699558,,,,
form resume,,1630428477094,,,,
jump,,1630428477094,1630428478338,,,
group questions,/data/front_page,1630428478359,1630428479449,,,
group questions,/data/b1,1630428479465,1630428480241,,,
group questions,/data/a1,1630428480276,1630428480787,,,
group questions,/data/e4,1630428480841,1630428481177,,,
group questions,/data/k2,1630428481195,1630428481531,,,
group questions,/data/g5,1630428481563,1630428481832,,,
group questions,/data/h4,1630428481862,1630428482249,,,
group questions,/data/j4,1630428482275,1630428482741,,,
group questions,/data/l3,1630428482774,1630428483286,,,
group questions,/data/b2,1630428483352,1630428483893,,,
end screen,,1630428483959,1630428485405,,,
form save,,1630428485962,,,,
form exit,,1630428485962,,,,
form finalize,,1630428485962,,,,
