event,node,start,end,old-value,new-value,change-reason
form start,,1628145024607,,,,
group questions,/data/front_page,1628145024610,1628145025784,,,
group questions,/data/b1,1628145025797,1628145027522,,,
group questions,/data/a1,1628145027548,1628145152393,,,
question,/data/a1/a1_a_4a,1628145027548,1628145152393,,T-F0101-P0068,
group questions,/data/e4,1628145152417,1628145581073,,,
question,/data/e4/e4_1,1628145152418,1628145581073,,1,
group questions,/data/k2,1628145581096,1628145608101,,,
question,/data/k2/k2_1,1628145581097,1628145608101,,1,
group questions,/data/g5,1628145608130,1628145626748,,,
question,/data/g5/g5_1,1628145608130,1628145626748,,1,
question,/data/g5/i4_1,1628145608130,1628145626748,,0,
question,/data/g5/h4_1,1628145608130,1628145626748,,1,
group questions,/data/h4,1628145626776,1628145642764,,,
question,/data/h4/h4_2,1628145626776,1628145642764,,2,
question,/data/h4/h4_3,1628145626776,1628145642764,,2,
question,/data/h4/h4_4,1628145626776,1628145642764,,5,
group questions,/data/j4,1628145642788,1628145673188,,,
question,/data/j4/j4_2,1628145642789,1628145673188,,1,
question,/data/j4/j4_1,1628145642789,1628145673188,,1,
question,/data/j4/h4_6,1628145642789,1628145673188,,"3, 1, 2",
group questions,/data/l3,1628145673217,1628145706372,,,
question,/data/l3/l3_1,1628145673218,1628145706372,,5,
question,/data/l3/l3_2,1628145673218,1628145706372,,5,
question,/data/l3/l3_3,1628145673218,1628145706372,,5,
question,/data/l3/l3_4,1628145673218,1628145706372,,5,
question,/data/l3/l3_5,1628145673218,1628145706372,,5,
question,/data/l3/l3_6,1628145673218,1628145706372,,1,
question,/data/l3/l3_7,1628145673218,1628145706372,,5,
group questions,/data/b2,1628145706412,1628145725597,,,
question,/data/b2/b1_7,1628145706412,1628145725597,,1,
question,/data/b2/b2_10,1628145706412,1628145725597,,0,
question,/data/b2/b2_9a,1628145706412,1628145725597,,0,
question,/data/b2/b2_8,1628145706412,1628145725597,,1,
end screen,,1628145725629,1628145940613,,,
group questions,/data/b2,1628145940614,1628146515425,,,
group questions,/data/l3,1628146515647,1628146516595,,,
group questions,/data/j4,1628146516637,1628146517897,,,
group questions,/data/h4,1628146517922,1628146519226,,,
group questions,/data/g5,1628146519250,1628146520582,,,
group questions,/data/k2,1628146520609,1628146521792,,,
group questions,/data/e4,1628146521819,1628146528825,,,
group questions,/data/k2,1628146528852,1628146543373,,,
group questions,/data/g5,1628146543405,1628146549035,,,
group questions,/data/h4,1628146549062,1628146563058,,,
group questions,/data/j4,1628146563084,1628146600349,,,
question,/data/j4/j4_2,1628146563084,1628146600349,1,0,
question,/data/j4/j4_2a,1628146563084,1628146600349,Mtoto,,
group questions,/data/l3,1628146600379,1628146986270,,,
group questions,/data/b2,1628146986320,1628146996441,,,
end screen,,1628146996472,1628147106198,,,
form save,,1628147106921,,,,
form exit,,1628147106921,,,,
form finalize,,1628147106921,,,,
