event,node,start,end,old-value,new-value,change-reason
form start,,1627993283396,,,,
group questions,/data/front_page,1627993283398,1627993285935,,,
group questions,/data/b1,1627993285950,1627993287424,,,
group questions,/data/a1,1627993287450,1627993332192,,,
question,/data/a1/a1_a_4a,1627993287450,1627993332192,,T-F0101-P0056,
group questions,/data/e4,1627993332216,1627993375554,,,
question,/data/e4/e4_1,1627993332216,1627993375554,,1,
group questions,/data/k2,1627993375585,1627993406164,,,
question,/data/k2/k2_1,1627993375585,1627993406164,,1,
group questions,/data/g5,1627993406198,1627993422432,,,
question,/data/g5/g5_1,1627993406198,1627993422432,,1,
question,/data/g5/i4_1,1627993406198,1627993422432,,0,
question,/data/g5/h4_1,1627993406198,1627993422432,,1,
group questions,/data/h4,1627993422464,1627993435110,,,
question,/data/h4/h4_2,1627993422464,1627993435110,,2,
question,/data/h4/h4_3,1627993422464,1627993435110,,2,
question,/data/h4/h4_4,1627993422464,1627993435110,,5,
group questions,/data/j4,1627993435141,1627993496474,,,
question,/data/j4/j4_2,1627993435141,1627993496474,,1,
question,/data/j4/j4_1,1627993435141,1627993496474,,1,
question,/data/j4/h4_6,1627993435141,1627993496474,,3,
group questions,/data/l3,1627993496506,1627993537091,,,
question,/data/l3/l3_1,1627993496506,1627993537091,,5,
question,/data/l3/l3_2,1627993496506,1627993537091,,5,
question,/data/l3/l3_3,1627993496506,1627993537091,,5,
question,/data/l3/l3_4,1627993496506,1627993537091,,5,
question,/data/l3/l3_5,1627993496507,1627993537091,,5,
question,/data/l3/l3_6,1627993496507,1627993537091,,1,
question,/data/l3/l3_7,1627993496507,1627993537091,,5,
group questions,/data/b2,1627993537136,1627993556093,,,
question,/data/b2/b1_7,1627993537137,1627993556093,,1,
question,/data/b2/b2_10,1627993537137,1627993556093,,0,
question,/data/b2/b2_9a,1627993537137,1627993556093,,0,
question,/data/b2/b2_8,1627993537137,1627993556093,,1,
end screen,,1627993556125,1627993558966,,,
group questions,/data/b2,1627993558966,1627993582480,,,
group questions,/data/l3,1627993582515,1627993583797,,,
group questions,/data/j4,1627993583846,1627993584744,,,
group questions,/data/h4,1627993584779,1627993585775,,,
group questions,/data/g5,1627993585806,1627993586566,,,
group questions,/data/k2,1627993586602,1627993587605,,,
group questions,/data/e4,1627993587639,1627993594201,,,
group questions,/data/k2,1627993594232,1627993603385,,,
group questions,/data/g5,1627993603419,1627993606889,,,
group questions,/data/k2,1627993606923,1627993607216,,,
group questions,/data/e4,1627993607247,1627993607541,,,
group questions,/data/a1,1627993607575,1627993609774,,,
group questions,/data/e4,1627993609799,1627993610868,,,
group questions,/data/k2,1627993610899,1627993611925,,,
group questions,/data/g5,1627993611954,1627993619133,,,
group questions,/data/h4,1627993619169,1627993632087,,,
group questions,/data/j4,1627993632118,1627993645020,,,
group questions,/data/l3,1627993645057,1627993650225,,,
group questions,/data/b2,1627993650270,1627993680066,,,
end screen,,1627993680099,1627993684371,,,
form save,,1627993685236,,,,
form exit,,1627993685236,,,,
form finalize,,1627993685236,,,,
