event,node,start,end,old-value,new-value,change-reason
form start,,1629450578573,,,,
group questions,/data/front_page,1629450578574,1629450579611,,,
group questions,/data/b1,1629450579623,1629450580446,,,
group questions,/data/a1,1629450580469,1629450582416,,,
group questions,/data/b1,1629450582437,1629450585007,,,
group questions,/data/a1,1629450585032,1629450625280,,,
question,/data/a1/a1_a_4,1629450585032,1629450625280,,T-F0092-P0016,
group questions,/data/e4,1629450625308,1629450629264,,,
question,/data/e4/e4_1,1629450625308,1629450629264,,0,
group questions,/data/k2,1629450629286,1629450635073,,,
question,/data/k2/k2_1,1629450629286,1629450635073,,0,
group questions,/data/g5,1629450635093,1629450648283,,,
question,/data/g5/g5_1,1629450635093,1629450648283,,1,
question,/data/g5/i4_1,1629450635093,1629450648283,,0,
question,/data/g5/h4_1,1629450635093,1629450648283,,1,
group questions,/data/h4,1629450648314,1629450656253,,,
question,/data/h4/h4_2,1629450648314,1629450656253,,1,
question,/data/h4/h4_3,1629450648314,1629450656253,,1,
question,/data/h4/h4_4,1629450648314,1629450656253,,4,
group questions,/data/j4,1629450656281,1629450729690,,,
question,/data/j4/j4_2,1629450656281,1629450729690,,1,
question,/data/j4/j4_1,1629450656281,1629450729690,,1,
question,/data/j4/h4_6,1629450656281,1629450729690,,"1, 2, 3",
group questions,/data/l3,1629450729721,1629450753091,,,
question,/data/l3/l3_1,1629450729721,1629450753091,,5,
question,/data/l3/l3_2,1629450729721,1629450753091,,5,
question,/data/l3/l3_3,1629450729721,1629450753091,,5,
question,/data/l3/l3_4,1629450729721,1629450753091,,4,
question,/data/l3/l3_5,1629450729721,1629450753091,,5,
question,/data/l3/l3_6,1629450729721,1629450753091,,1,
question,/data/l3/l3_7,1629450729721,1629450753091,,4,
group questions,/data/b2,1629450753137,1629450764820,,,
question,/data/b2/b1_7,1629450753138,1629450764820,,1,
question,/data/b2/b2_10,1629450753138,1629450764820,,0,
question,/data/b2/b2_9a,1629450753138,1629450764820,,0,
question,/data/b2/b2_8,1629450753138,1629450764820,,3,
end screen,,1629450764853,1629450766734,,,
form save,,1629450766936,,,,
form exit,,1629450766936,,,,
form resume,,1629458156272,,,,
jump,,1629458156273,1629458157351,,,
end screen,,1629458157369,1629458158577,,,
form save,,1629458158838,,,,
form exit,,1629458158838,,,,
form finalize,,1629458158838,,,,
form resume,,1629458230368,,,,
jump,,1629458230368,1629458232482,,,
group questions,/data/front_page,1629458232501,1629458233448,,,
group questions,/data/b1,1629458233464,1629458234810,,,
group questions,/data/a1,1629458234836,1629458235794,,,
group questions,/data/e4,1629458235813,1629458236667,,,
group questions,/data/k2,1629458236685,1629458237410,,,
group questions,/data/g5,1629458237430,1629458238325,,,
group questions,/data/h4,1629458238356,1629458239290,,,
group questions,/data/j4,1629458239319,1629458240218,,,
group questions,/data/l3,1629458240251,1629458241383,,,
group questions,/data/b2,1629458241426,1629458242378,,,
end screen,,1629458242409,1629458243860,,,
form save,,1629458244101,,,,
form exit,,1629458244101,,,,
form finalize,,1629458244101,,,,
