event,node,start,end,old-value,new-value,change-reason
form start,,1628070127410,,,,
group questions,/data/front_page,1628070127413,1628070128567,,,
group questions,/data/b1,1628070128579,1628070131976,,,
group questions,/data/a1,1628070132004,1628070161827,,,
question,/data/a1/a1_a_4,1628070132005,1628070161827,,T-F0022-P0031,
group questions,/data/e4,1628070161861,1628070213103,,,
question,/data/e4/e4_1,1628070161861,1628070213103,,1,
group questions,/data/g5,1628070213130,1628070223163,,,
question,/data/g5/g5_1,1628070213131,1628070223163,,1,
question,/data/g5/i4_1,1628070213131,1628070223163,,0,
group questions,/data/e4,1628070223194,1628070225147,,,
group questions,/data/g5,1628070225175,1628070228910,,,
question,/data/g5/h4_1,1628070225175,1628070228910,,1,
group questions,/data/h4,1628070228941,1628070242468,,,
question,/data/h4/h4_2,1628070228941,1628070242468,,1,
question,/data/h4/h4_3,1628070228941,1628070242468,,1,
question,/data/h4/h4_4,1628070228941,1628070242468,,5,
group questions,/data/j4,1628070242496,1628070311319,,,
question,/data/j4/j4_2,1628070242497,1628070311319,,1,
question,/data/j4/j4_1,1628070242497,1628070311319,,1,
question,/data/j4/h4_6,1628070242497,1628070311319,,96,
group questions,/data/l3,1628070311351,1628070375904,,,
question,/data/l3/l3_1,1628070311351,1628070375904,,5,
question,/data/l3/l3_2,1628070311352,1628070375904,,5,
question,/data/l3/l3_3,1628070311352,1628070375904,,5,
question,/data/l3/l3_4,1628070311352,1628070375904,,5,
question,/data/l3/l3_5,1628070311352,1628070375904,,5,
question,/data/l3/l3_6,1628070311352,1628070375904,,1,
question,/data/l3/l3_7,1628070311352,1628070375904,,5,
group questions,/data/b2,1628070375948,1628070426984,,,
question,/data/b2/b1_7,1628070375949,1628070426984,,1,
question,/data/b2/b2_10,1628070375949,1628070426984,,0,
question,/data/b2/b2_9a,1628070375949,1628070426984,,1,
question,/data/b2/b2_8,1628070375949,1628070426984,,3,
end screen,,1628070427023,1628070527330,,,
form save,,1628070527499,,,,
form exit,,1628070527499,,,,
form resume,,1628071349807,,,,
jump,,1628071349807,1628071351368,,,
group questions,/data/front_page,1628071351386,1628071352573,,,
group questions,/data/b1,1628071352588,1628071356041,,,
group questions,/data/a1,1628071356066,1628071362190,,,
group questions,/data/e4,1628071362206,1628071369262,,,
group questions,/data/g5,1628071369291,1628071376977,,,
group questions,/data/h4,1628071377005,1628071383732,,,
group questions,/data/j4,1628071383756,1628071439897,,,
group questions,/data/l3,1628071439926,1628071454667,,,
group questions,/data/b2,1628071454710,1628071459456,,,
end screen,,1628071459493,1628071464274,,,
group questions,/data/b2,1628071464275,1628071491408,,,
end screen,,1628071491444,1628071492879,,,
form save,,1628071493118,,,,
form exit,,1628071493118,,,,
form finalize,,1628071493118,,,,
