event,node,start,end,old-value,new-value,change-reason
form start,,1628250305300,,,,
group questions,/data/front_page,1628250305301,1628250307969,,,
group questions,/data/b1,1628250307981,1628250309695,,,
group questions,/data/a1,1628250309719,1628250322598,,,
question,/data/a1/a1_a_4a,1628250309720,1628250322598,,T-F0101-P0070,
group questions,/data/e4,1628250322619,1628250375784,,,
question,/data/e4/e4_1,1628250322619,1628250375784,,1,
group questions,/data/k2,1628250375814,1628250383546,,,
question,/data/k2/k2_1,1628250375814,1628250383546,,0,
group questions,/data/g5,1628250383565,1628250387922,,,
question,/data/g5/g5_1,1628250383565,1628250387922,,1,
question,/data/g5/i4_1,1628250383565,1628250387922,,0,
question,/data/g5/h4_1,1628250383565,1628250387922,,1,
group questions,/data/h4,1628250387954,1628250393180,,,
question,/data/h4/h4_2,1628250387955,1628250393180,,1,
question,/data/h4/h4_3,1628250387955,1628250393180,,1,
question,/data/h4/h4_4,1628250387955,1628250393180,,5,
group questions,/data/j4,1628250393208,1628250425326,,,
question,/data/j4/j4_2,1628250393208,1628250425326,,0,
question,/data/j4/j4_1,1628250393208,1628250425326,,1,
question,/data/j4/h4_6,1628250393208,1628250425326,,96,
group questions,/data/l3,1628250425354,1628250454380,,,
question,/data/l3/l3_1,1628250425354,1628250454380,,5,
question,/data/l3/l3_2,1628250425354,1628250454380,,5,
question,/data/l3/l3_3,1628250425354,1628250454380,,5,
question,/data/l3/l3_4,1628250425354,1628250454380,,5,
question,/data/l3/l3_5,1628250425354,1628250454380,,5,
question,/data/l3/l3_6,1628250425355,1628250454380,,1,
question,/data/l3/l3_7,1628250425355,1628250454380,,5,
group questions,/data/b2,1628250454425,1628250481798,,,
question,/data/b2/b1_7,1628250454425,1628250481798,,1,
question,/data/b2/b2_10,1628250454425,1628250481798,,0,
question,/data/b2/b2_9a,1628250454425,1628250481798,,0,
question,/data/b2/b2_8,1628250454425,1628250481798,,3,
end screen,,1628250481838,1628250532265,,,
group questions,/data/b2,1628250532265,1628250535702,,,
group questions,/data/l3,1628250535733,1628250537402,,,
group questions,/data/j4,1628250537444,1628250538548,,,
group questions,/data/h4,1628250538575,1628250539944,,,
group questions,/data/g5,1628250539970,1628250541674,,,
group questions,/data/k2,1628250541705,1628250543701,,,
group questions,/data/e4,1628250543719,1628250659628,,,
group questions,/data/a1,1628250659655,1628250663327,,,
group questions,/data/b1,1628250663352,1628250665524,,,
group questions,/data/a1,1628250665551,1628250667187,,,
group questions,/data/e4,1628250667212,1628250873233,,,
group questions,/data/k2,1628250873262,1628250875526,,,
group questions,/data/g5,1628250875545,1628250884445,,,
group questions,/data/h4,1628250884477,1628250897147,,,
group questions,/data/j4,1628250897174,1628250899137,,,
group questions,/data/h4,1628250899164,1628250903917,,,
group questions,/data/j4,1628250903946,1628250939484,,,
group questions,/data/l3,1628250939518,1628250947114,,,
group questions,/data/b2,1628250947158,1628250955167,,,
end screen,,1628250955198,1628250958913,,,
form save,,1628250959185,,,,
form exit,,1628250959185,,,,
form finalize,,1628250959185,,,,
form resume,,1628250970651,,,,
jump,,1628250970651,1628250972525,,,
group questions,/data/front_page,1628250972544,1628250974095,,,
group questions,/data/b1,1628250974115,1628250975239,,,
group questions,/data/a1,1628250975266,1628250976190,,,
group questions,/data/e4,1628250976216,1628250981682,,,
form exit,,1628250981682,,,,
