event,node,start,end,old-value,new-value,change-reason
form start,,1629274215719,,,,
group questions,/data/front_page,1629274215724,1629274217008,,,
group questions,/data/b1,1629274217022,1629274225872,,,
question,/data/b1/fcode,1629274217025,1629274225872,F0022,F0092,
group questions,/data/a1,1629274225902,1629274240613,,,
question,/data/a1/a1_a_4,1629274225903,1629274240613,,T-F0092-P0013,
group questions,/data/e4,1629274240636,1629274243700,,,
question,/data/e4/e4_1,1629274240636,1629274243700,,0,
group questions,/data/k2,1629274243720,1629274268241,,,
question,/data/k2/k2_1,1629274243720,1629274268241,,0,
group questions,/data/g5,1629274268261,1629274643121,,,
question,/data/g5/g5_1,1629274268261,1629274643121,,1,
question,/data/g5/i4_1,1629274268261,1629274643121,,0,
question,/data/g5/h4_1,1629274268261,1629274643121,,1,
group questions,/data/h4,1629274643156,1629274668206,,,
question,/data/h4/h4_2,1629274643156,1629274668206,,3,
question,/data/h4/h4_3,1629274643156,1629274668206,,3,
question,/data/h4/h4_4,1629274643156,1629274668206,,1,
group questions,/data/j4,1629274668230,1629274730961,,,
question,/data/j4/j4_2,1629274668230,1629274730961,,1,
question,/data/j4/j4_1,1629274668230,1629274730961,,1,
question,/data/j4/h4_6,1629274668230,1629274730961,,"1, 2, 3",
group questions,/data/l3,1629274730989,1629274789254,,,
question,/data/l3/l3_1,1629274730989,1629274789254,,5,
question,/data/l3/l3_2,1629274730989,1629274789254,,4,
question,/data/l3/l3_3,1629274730989,1629274789254,,5,
question,/data/l3/l3_4,1629274730989,1629274789254,,5,
question,/data/l3/l3_5,1629274730989,1629274789254,,5,
question,/data/l3/l3_6,1629274730989,1629274789254,,1,
question,/data/l3/l3_7,1629274730989,1629274789254,,5,
group questions,/data/b2,1629274789292,1629274845231,,,
question,/data/b2/b1_7,1629274789293,1629274845231,,1,
question,/data/b2/b2_10,1629274789293,1629274845231,,0,
question,/data/b2/b2_9a,1629274789293,1629274845231,,0,
question,/data/b2/b2_8,1629274789293,1629274845231,,1,
end screen,,1629274845265,1629274847746,,,
form save,,1629274847915,,,,
form exit,,1629274847915,,,,
form resume,,1630428580902,,,,
jump,,1630428580902,1630428581880,,,
group questions,/data/front_page,1630428581897,1630428582858,,,
group questions,/data/b1,1630428582871,1630428670014,,,
group questions,/data/a1,1630428670042,1630428670759,,,
group questions,/data/e4,1630428670779,1630428671366,,,
group questions,/data/k2,1630428671560,1630428672239,,,
group questions,/data/g5,1630428672258,1630428672927,,,
group questions,/data/h4,1630428672955,1630428673984,,,
group questions,/data/j4,1630428674008,1630428675148,,,
group questions,/data/l3,1630428675175,1630428676351,,,
group questions,/data/b2,1630428676391,1630428677503,,,
end screen,,1630428677537,1630428678757,,,
form save,,1630428679029,,,,
form exit,,1630428679029,,,,
form finalize,,1630428679029,,,,
