event,node,start,end,old-value,new-value,change-reason
form start,,1630316499077,,,,
group questions,/data/front_page,1630316499078,1630316500525,,,
group questions,/data/b1,1630316500538,1630316502787,,,
group questions,/data/a1,1630316502813,1630316525118,,,
question,/data/a1/a1_a_4,1630316502813,1630316525118,,T-F0092-P0026,
group questions,/data/e4,1630316525142,1630316528455,,,
question,/data/e4/e4_1,1630316525142,1630316528455,,0,
group questions,/data/k2,1630316528477,1630316534503,,,
question,/data/k2/k2_1,1630316528477,1630316534503,,0,
group questions,/data/g5,1630316534523,1630316567772,,,
question,/data/g5/g5_1,1630316534523,1630316567772,,1,
question,/data/g5/i4_1,1630316534523,1630316567772,,0,
question,/data/g5/h4_1,1630316534523,1630316567772,,1,
group questions,/data/h4,1630316567802,1630316633423,,,
question,/data/h4/h4_2,1630316567802,1630316633423,,1,
question,/data/h4/h4_3,1630316567802,1630316633423,,1,
question,/data/h4/h4_4,1630316567802,1630316633423,,5,
group questions,/data/j4,1630316633449,1630316690376,,,
question,/data/j4/j4_2,1630316633449,1630316690376,,0,
question,/data/j4/j4_1,1630316633449,1630316690376,,1,
question,/data/j4/h4_6,1630316633449,1630316690376,,96,
group questions,/data/l3,1630316690402,1630316746776,,,
question,/data/l3/l3_1,1630316690403,1630316746776,,5,
question,/data/l3/l3_2,1630316690403,1630316746776,,5,
question,/data/l3/l3_3,1630316690403,1630316746776,,4,
question,/data/l3/l3_4,1630316690403,1630316746776,,5,
question,/data/l3/l3_5,1630316690403,1630316746776,,5,
question,/data/l3/l3_6,1630316690403,1630316746776,,1,
question,/data/l3/l3_7,1630316690403,1630316746776,,5,
group questions,/data/b2,1630316746820,1630316789141,,,
question,/data/b2/b1_7,1630316746821,1630316789141,,1,
question,/data/b2/b2_10,1630316746821,1630316789141,,1,
question,/data/b2/b2_9a,1630316746821,1630316789141,,0,
question,/data/b2/b2_8,1630316746821,1630316789141,,1,
end screen,,1630316789177,1630316791196,,,
form save,,1630316791406,,,,
form exit,,1630316791406,,,,
form resume,,1630319000441,,,,
jump,,1630319000441,1630319001726,,,
group questions,/data/front_page,1630319001744,1630319003670,,,
group questions,/data/b1,1630319003684,1630319005878,,,
group questions,/data/a1,1630319005905,1630319016529,,,
group questions,/data/e4,1630319016548,1630319020194,,,
group questions,/data/k2,1630319020214,1630319025502,,,
group questions,/data/g5,1630319025520,1630319029907,,,
group questions,/data/h4,1630319029941,1630319050372,,,
question,/data/h4/h4_2,1630319029941,1630319050372,1,2,
question,/data/h4/h4_3,1630319029941,1630319050372,1,2,
group questions,/data/j4,1630319050402,1630319058105,,,
group questions,/data/l3,1630319058133,1630319061679,,,
group questions,/data/b2,1630319061725,1630319080091,,,
end screen,,1630319080128,1630319082495,,,
change reason,,1630319088743,,,,data refill 
form save,,1630319088901,,,,
form exit,,1630319088902,,,,
form resume,,1630319520654,,,,
jump,,1630319520655,1630319521852,,,
group questions,/data/front_page,1630319521869,1630319523269,,,
group questions,/data/b1,1630319523284,1630319524592,,,
group questions,/data/a1,1630319524620,1630319525190,,,
group questions,/data/e4,1630319525210,1630319526061,,,
group questions,/data/k2,1630319526080,1630319526723,,,
group questions,/data/g5,1630319526744,1630319527388,,,
group questions,/data/h4,1630319527420,1630319528231,,,
group questions,/data/j4,1630319528259,1630319529160,,,
group questions,/data/l3,1630319529188,1630319530321,,,
group questions,/data/b2,1630319530366,1630319531593,,,
end screen,,1630319531629,1630319533126,,,
group questions,/data/b2,1630319533126,1630319538288,,,
end screen,,1630319538326,1630319543863,,,
form save,,1630319544013,,,,
form exit,,1630319544013,,,,
form resume,,1630341648922,,,,
jump,,1630341648922,1630341650255,,,
group questions,/data/front_page,1630341650275,1630341651184,,,
group questions,/data/b1,1630341651198,1630341652772,,,
group questions,/data/a1,1630341652797,1630341653739,,,
group questions,/data/e4,1630341653757,1630341654770,,,
group questions,/data/k2,1630341654789,1630341655552,,,
group questions,/data/g5,1630341655572,1630341657326,,,
group questions,/data/k2,1630341657358,1630341659337,,,
group questions,/data/g5,1630341659356,1630341659989,,,
group questions,/data/h4,1630341660020,1630341660886,,,
group questions,/data/j4,1630341660913,1630341661668,,,
group questions,/data/l3,1630341661695,1630341662529,,,
group questions,/data/b2,1630341662571,1630341663534,,,
end screen,,1630341663568,1630341666131,,,
form save,,1630341666378,,,,
form exit,,1630341666378,,,,
form finalize,,1630341666378,,,,
