event,node,start,end,old-value,new-value,change-reason
form start,,1627471896231,,,,
group questions,/data/front_page,1627471896232,1627471897607,,,
group questions,/data/b1,1627471897620,1627471899727,,,
group questions,/data/a1,1627471899752,1627471916460,,,
question,/data/a1/a1_a_4,1627471899752,1627471916460,,T-F0022-P0027,
group questions,/data/b1,1627471916482,1627471943773,,,
group questions,/data/a1,1627471943799,1627471945149,,,
group questions,/data/e4,1627471945170,1627471954986,,,
question,/data/e4/e4_1,1627471945170,1627471954986,,0,
group questions,/data/g5,1627471955008,1627471968568,,,
question,/data/g5/g5_1,1627471955008,1627471968568,,1,
question,/data/g5/i4_1,1627471955008,1627471968568,,0,
question,/data/g5/h4_1,1627471955008,1627471968568,,1,
group questions,/data/h4,1627471968600,1627471985852,,,
question,/data/h4/h4_2,1627471968600,1627471985852,,1,
question,/data/h4/h4_3,1627471968600,1627471985852,,1,
question,/data/h4/h4_4,1627471968600,1627471985852,,4,
group questions,/data/j4,1627471985881,1627472013307,,,
question,/data/j4/j4_2,1627471985881,1627472013307,,0,
question,/data/j4/j4_1,1627471985881,1627472013307,,1,
question,/data/j4/h4_6,1627471985881,1627472013307,,96,
group questions,/data/l3,1627472013336,1627473938955,,,
question,/data/l3/l3_1,1627472013337,1627473938955,,4,
question,/data/l3/l3_2,1627472013337,1627473938955,,4,
group questions,/data/j4,1627473939014,1627473945781,,,
group questions,/data/h4,1627473945809,1627473948280,,,
group questions,/data/g5,1627473948304,1627473955036,,,
group questions,/data/e4,1627473955065,1627473956500,,,
group questions,/data/g5,1627473956518,1627473964670,,,
group questions,/data/h4,1627473964701,1627473980962,,,
group questions,/data/j4,1627473980988,1627474044080,,,
question,/data/j4/j4_2,1627473980988,1627474044080,0,1,
group questions,/data/l3,1627474044112,1627474118067,,,
question,/data/l3/l3_1,1627474044113,1627474118067,4,5,
question,/data/l3/l3_2,1627474044113,1627474118067,4,5,
question,/data/l3/l3_3,1627474044113,1627474118067,,5,
question,/data/l3/l3_4,1627474044113,1627474118067,,5,
question,/data/l3/l3_5,1627474044113,1627474118067,,5,
question,/data/l3/l3_6,1627474044113,1627474118067,,4,
question,/data/l3/l3_7,1627474044113,1627474118067,,5,
group questions,/data/b2,1627474118110,1627474217774,,,
question,/data/b2/b1_7,1627474118110,1627474217774,,1,
question,/data/b2/b2_10,1627474118110,1627474217774,,1,
question,/data/b2/b2_9a,1627474118110,1627474217774,,1,
question,/data/b2/b2_8,1627474118110,1627474217774,,3,
end screen,,1627474217812,1627474245484,,,
form save,,1627474245646,,,,
form exit,,1627474245647,,,,
form resume,,1627474768187,,,,
jump,,1627474768187,1627474769362,,,
group questions,/data/front_page,1627474769379,1627474770410,,,
group questions,/data/b1,1627474770424,1627474772043,,,
group questions,/data/a1,1627474772073,1627474773701,,,
group questions,/data/e4,1627474773733,1627474775063,,,
group questions,/data/g5,1627474775082,1627474776549,,,
group questions,/data/h4,1627474776581,1627474780403,,,
group questions,/data/j4,1627474780432,1627474786988,,,
group questions,/data/l3,1627474787020,1627474797914,,,
question,/data/l3/l3_6,1627474787020,1627474797914,4,1,
group questions,/data/b2,1627474797961,1627474808054,,,
end screen,,1627474808101,1627474809606,,,
change reason,,1627474814336,,,,data recheck 
form save,,1627474814598,,,,
form exit,,1627474814598,,,,
form finalize,,1627474814598,,,,
