event,node,start,end,old-value,new-value,change-reason
form start,,1629701023555,,,,
group questions,/data/front_page,1629701023556,1629701024712,,,
group questions,/data/b1,1629701024726,1629701026072,,,
group questions,/data/a1,1629701026100,1629701041792,,,
question,/data/a1/a1_a_4a,1629701026101,1629701041792,,T-F0039-P0055,
group questions,/data/e4,1629701041820,1629701043585,,,
question,/data/e4/e4_1,1629701041820,1629701043585,,0,
group questions,/data/g5,1629701043606,1629701054252,,,
question,/data/g5/g5_1,1629701043606,1629701054252,,1,
question,/data/g5/i4_1,1629701043606,1629701054252,,0,
question,/data/g5/h4_1,1629701043606,1629701054252,,1,
group questions,/data/h4,1629701054286,1629701059182,,,
question,/data/h4/h4_2,1629701054286,1629701059182,,1,
question,/data/h4/h4_3,1629701054286,1629701059182,,1,
question,/data/h4/h4_4,1629701054286,1629701059182,,5,
group questions,/data/j4,1629701059212,1629701105657,,,
question,/data/j4/j4_2,1629701059212,1629701105657,,0,
question,/data/j4/j4_1,1629701059212,1629701105657,,1,
question,/data/j4/h4_6,1629701059212,1629701105657,,1,
group questions,/data/l3,1629701105687,1629701136586,,,
question,/data/l3/l3_1,1629701105687,1629701136586,,5,
question,/data/l3/l3_2,1629701105687,1629701136586,,5,
question,/data/l3/l3_3,1629701105687,1629701136586,,5,
question,/data/l3/l3_4,1629701105687,1629701136586,,5,
question,/data/l3/l3_5,1629701105687,1629701136586,,5,
question,/data/l3/l3_6,1629701105687,1629701136586,,1,
question,/data/l3/l3_7,1629701105687,1629701136586,,5,
group questions,/data/b2,1629701136637,1629701151453,,,
question,/data/b2/b1_7,1629701136637,1629701151453,,1,
question,/data/b2/b2_10,1629701136637,1629701151453,,0,
question,/data/b2/b2_9a,1629701136637,1629701151453,,0,
question,/data/b2/b2_8,1629701136637,1629701151453,,3,
end screen,,1629701151490,1629701156024,,,
group questions,/data/b2,1629701156025,1629701160403,,,
end screen,,1629701160438,1629701162562,,,
form save,,1629701162726,,,,
form exit,,1629701162727,,,,
form resume,,1629702808015,,,,
jump,,1629702808015,1629702811838,,,
group questions,/data/front_page,1629702811857,1629702813063,,,
group questions,/data/b1,1629702813078,1629702815394,,,
group questions,/data/a1,1629702815421,1629702820984,,,
group questions,/data/e4,1629702821008,1629702823055,,,
group questions,/data/g5,1629702823076,1629702824532,,,
group questions,/data/h4,1629702824565,1629702827841,,,
group questions,/data/j4,1629702827873,1629702833360,,,
group questions,/data/l3,1629702833389,1629702841064,,,
group questions,/data/b2,1629702841118,1629702846852,,,
end screen,,1629702846886,1629702848016,,,
form save,,1629702848286,,,,
form exit,,1629702848286,,,,
form finalize,,1629702848286,,,,
