event,node,start,end,old-value,new-value,change-reason
form start,,1623748296354,,,,
group questions,/data/front_page,1623748296356,1623748297651,,,
group questions,/data/b1,1623748297666,1623748311270,,,
question,/data/b1/fcode,1623748297669,1623748311270,F0101,F0030,
group questions,/data/a1,1623748311308,1623748331272,,,
group questions,/data/b1,1623748331295,1623748334119,,,
group questions,/data/a1,1623748334146,1623748411356,,,
question,/data/a1/a1_a_4,1623748334146,1623748411356,,T-F0004-P0024,
group questions,/data/e4,1623748411381,1623748428527,,,
question,/data/e4/e4_1,1623748411381,1623748428527,,0,
group questions,/data/g5,1623748428550,1623748506544,,,
question,/data/g5/g5_1,1623748428550,1623748506544,,1,
question,/data/g5/i4_1,1623748428550,1623748506544,,0,
question,/data/g5/h4_1,1623748428550,1623748506544,,1,
group questions,/data/h4,1623748506577,1623748619536,,,
question,/data/h4/h4_2,1623748506578,1623748619536,,1,
question,/data/h4/h4_3,1623748506578,1623748619536,,1,
question,/data/h4/h4_4,1623748506578,1623748619536,,5,
group questions,/data/j4,1623748619566,1623748677005,,,
question,/data/j4/j4_2,1623748619567,1623748677005,,0,
question,/data/j4/j4_1,1623748619567,1623748677005,,1,
question,/data/j4/h4_6,1623748619567,1623748677005,,96,
group questions,/data/l3,1623748677034,1623748838048,,,
question,/data/l3/l3_1,1623748677034,1623748838048,,4,
question,/data/l3/l3_2,1623748677034,1623748838048,,4,
question,/data/l3/l3_3,1623748677034,1623748838048,,4,
question,/data/l3/l3_4,1623748677034,1623748838048,,5,
question,/data/l3/l3_5,1623748677034,1623748838048,,5,
question,/data/l3/l3_6,1623748677034,1623748838048,,3,
question,/data/l3/l3_7,1623748677034,1623748838048,,4,
group questions,/data/b2,1623748838095,1623748883827,,,
question,/data/b2/b1_7,1623748838095,1623748883827,,1,
question,/data/b2/b2_10,1623748838095,1623748883827,,1,
question,/data/b2/b2_9a,1623748838095,1623748883827,,0,
question,/data/b2/b2_8,1623748838095,1623748883827,,3,
end screen,,1623748883865,1623748955915,,,
group questions,/data/b2,1623748955916,1623749032433,,,
group questions,/data/l3,1623749032465,1623749033567,,,
group questions,/data/j4,1623749033603,1623749035440,,,
group questions,/data/h4,1623749035466,1623749037114,,,
group questions,/data/g5,1623749037140,1623749038804,,,
group questions,/data/e4,1623749038832,1623749046508,,,
group questions,/data/a1,1623749046526,1623749065456,,,
group questions,/data/b1,1623749065473,1623749078419,,,
group questions,/data/front_page,1623749078446,1623749080059,,,
group questions,/data/b1,1623749080072,1623749086064,,,
group questions,/data/a1,1623749086087,1623749090552,,,
group questions,/data/e4,1623749090569,1623749095633,,,
group questions,/data/g5,1623749095651,1623749097117,,,
group questions,/data/e4,1623749097145,1623749101668,,,
group questions,/data/g5,1623749101686,1623749172845,,,
group questions,/data/h4,1623749172879,1623749366407,,,
group questions,/data/j4,1623749366433,1623749477427,,,
group questions,/data/l3,1623749477458,1623749521433,,,
group questions,/data/b2,1623749521476,1623749545351,,,
end screen,,1623749545384,1623749589580,,,
form save,,1623749589752,,,,
form exit,,1623749589752,,,,
form resume,,1623749620380,,,,
jump,,1623749620380,1623749630770,,,
group questions,/data/front_page,1623749630790,1623749632159,,,
group questions,/data/b1,1623749632181,1623749635538,,,
group questions,/data/a1,1623749635567,1623749644835,,,
group questions,/data/e4,1623749644855,1623749647002,,,
group questions,/data/g5,1623749647023,1623749647835,,,
group questions,/data/h4,1623749647868,1623749648745,,,
group questions,/data/j4,1623749648776,1623749649218,,,
group questions,/data/l3,1623749649249,1623749650292,,,
group questions,/data/b2,1623749650337,1623749651930,,,
end screen,,1623749651968,1623749654942,,,
form save,,1623749655095,,,,
form exit,,1623749655095,,,,
form resume,,1623749683420,,,,
jump,,1623749683420,1623749687925,,,
group questions,/data/front_page,1623749687948,1623749689510,,,
group questions,/data/b1,1623749689526,1623749697759,,,
group questions,/data/a1,1623749697787,1623749698341,,,
group questions,/data/e4,1623749698362,1623749699120,,,
group questions,/data/g5,1623749699141,1623749699940,,,
group questions,/data/h4,1623749699978,1623749700691,,,
group questions,/data/j4,1623749700721,1623749701497,,,
group questions,/data/l3,1623749701520,1623749702475,,,
group questions,/data/b2,1623749702512,1623749706847,,,
end screen,,1623749706878,1623749713588,,,
form save,,1623749713742,,,,
form exit,,1623749713742,,,,
form resume,,1623751470848,,,,
jump,,1623751470848,1623751475320,,,
group questions,/data/front_page,1623751475344,1623751476852,,,
group questions,/data/b1,1623751476871,1623751479403,,,
group questions,/data/a1,1623751479429,1623751481151,,,
group questions,/data/e4,1623751481170,1623751489261,,,
group questions,/data/g5,1623751489281,1623751578477,,,
group questions,/data/h4,1623751578511,1623751649452,,,
group questions,/data/j4,1623751649487,1623751708665,,,
question,/data/j4/h4_6,1623751649487,1623751708665,96,3,
group questions,/data/l3,1623751708695,1623751748036,,,
group questions,/data/b2,1623751748083,1623751769170,,,
end screen,,1623751769206,1623751867532,,,
change reason,,1623751900664,,,,checking  data accuracy 
form save,,1623751900822,,,,
form exit,,1623751900822,,,,
form resume,,1623777314310,,,,
jump,,1623777314310,1623777316638,,,
end screen,,1623777316658,1623777318569,,,
group questions,/data/b2,1623777318570,1623777327882,,,
end screen,,1623777327926,1623777331184,,,
form save,,1623777331459,,,,
form exit,,1623777331459,,,,
form finalize,,1623777331459,,,,
