event,node,start,end,old-value,new-value,change-reason
form start,,1630049851537,,,,
group questions,/data/front_page,1630049851538,1630049852629,,,
group questions,/data/b1,1630049852641,1630049854941,,,
group questions,/data/a1,1630049854964,1630049860874,,,
question,/data/a1/a1_a_4,1630049854965,1630049860874,,T-F0038-P0083,
group questions,/data/e4,1630049860896,1630049873949,,,
question,/data/e4/e4_1,1630049860896,1630049873949,,0,
group questions,/data/g5,1630049873965,1630049879934,,,
question,/data/g5/g5_1,1630049873966,1630049879934,,1,
question,/data/g5/i4_1,1630049873966,1630049879934,,0,
question,/data/g5/h4_1,1630049873966,1630049879934,,1,
group questions,/data/h4,1630049879964,1630049889153,,,
question,/data/h4/h4_2,1630049879964,1630049889153,,2,
question,/data/h4/h4_3,1630049879964,1630049889153,,2,
question,/data/h4/h4_4,1630049879964,1630049889153,,5,
group questions,/data/j4,1630049889178,1630050232362,,,
question,/data/j4/j4_2,1630049889179,1630050232362,,0,
question,/data/j4/j4_1,1630049889179,1630050232362,,1,
question,/data/j4/h4_6,1630049889179,1630050232362,,96,
group questions,/data/l3,1630050232391,1630050378189,,,
question,/data/l3/l3_1,1630050232391,1630050378189,,2,
question,/data/l3/l3_2,1630050232391,1630050378189,,4,
question,/data/l3/l3_3,1630050232391,1630050378189,,5,
question,/data/l3/l3_4,1630050232391,1630050378189,,4,
question,/data/l3/l3_5,1630050232391,1630050378189,,5,
question,/data/l3/l3_6,1630050232391,1630050378189,,4,
question,/data/l3/l3_7,1630050232391,1630050378189,,5,
group questions,/data/b2,1630050378231,1630050484598,,,
question,/data/b2/b1_7,1630050378231,1630050484598,,1,
question,/data/b2/b2_10,1630050378231,1630050484598,,1,
question,/data/b2/b2_9a,1630050378231,1630050484598,,0,
question,/data/b2/b2_8,1630050378231,1630050484598,,3,
end screen,,1630050484634,1630050486935,,,
group questions,/data/b2,1630050486935,1630050495285,,,
end screen,,1630050495318,1630050498533,,,
group questions,/data/b2,1630050498533,1630050528348,,,
question,/data/b2/b2_8,1630050498534,1630050528348,3,1,
group questions,/data/l3,1630050528382,1630050557145,,,
question,/data/l3/l3_4,1630050528383,1630050557145,4,5,
group questions,/data/b2,1630050557192,1630050639388,,,
end screen,,1630050639423,1630050640969,,,
group questions,/data/b2,1630050640970,1630050656787,,,
group questions,/data/l3,1630050656825,1630050660245,,,
group questions,/data/j4,1630050660289,1630050668116,,,
group questions,/data/h4,1630050668154,1630050756664,,,
group questions,/data/g5,1630050756690,1630050759368,,,
group questions,/data/h4,1630050759397,1630050760078,,,
group questions,/data/j4,1630050760104,1630050760979,,,
group questions,/data/l3,1630050761005,1630050761994,,,
group questions,/data/b2,1630050762035,1630050763168,,,
end screen,,1630050763200,1630050766056,,,
form save,,1630050766327,,,,
form exit,,1630050766327,,,,
form finalize,,1630050766327,,,,
