event,node,start,end,old-value,new-value,change-reason
form start,,1629875747469,,,,
group questions,/data/front_page,1629875747470,1629875770862,,,
group questions,/data/b1,1629875770876,1629875773175,,,
group questions,/data/a1,1629875773199,1629875790917,,,
question,/data/a1/a1_a_4a,1629875773199,1629875790917,,T-F0039-P0062,
group questions,/data/e4,1629875790940,1629875793842,,,
question,/data/e4/e4_1,1629875790941,1629875793842,,0,
group questions,/data/g5,1629875793860,1629875798278,,,
question,/data/g5/g5_1,1629875793861,1629875798278,,1,
question,/data/g5/i4_1,1629875793861,1629875798278,,0,
question,/data/g5/h4_1,1629875793861,1629875798278,,1,
group questions,/data/h4,1629875798308,1629875804819,,,
question,/data/h4/h4_2,1629875798308,1629875804819,,1,
question,/data/h4/h4_3,1629875798308,1629875804819,,1,
question,/data/h4/h4_4,1629875798308,1629875804819,,5,
group questions,/data/j4,1629875804845,1629875814784,,,
question,/data/j4/j4_2,1629875804846,1629875814784,,0,
question,/data/j4/j4_1,1629875804846,1629875814784,,1,
question,/data/j4/h4_6,1629875804846,1629875814784,,96,
group questions,/data/l3,1629875814812,1629875829411,,,
question,/data/l3/l3_1,1629875814813,1629875829411,,5,
question,/data/l3/l3_2,1629875814813,1629875829411,,5,
question,/data/l3/l3_3,1629875814813,1629875829411,,5,
question,/data/l3/l3_4,1629875814813,1629875829411,,5,
question,/data/l3/l3_5,1629875814813,1629875829411,,5,
question,/data/l3/l3_6,1629875814813,1629875829411,,1,
question,/data/l3/l3_7,1629875814813,1629875829411,,5,
group questions,/data/b2,1629875829454,1629875851286,,,
question,/data/b2/b1_7,1629875829455,1629875851286,,1,
question,/data/b2/b2_10,1629875829455,1629875851286,,1,
question,/data/b2/b2_9a,1629875829455,1629875851286,,0,
question,/data/b2/b2_8,1629875829455,1629875851286,,3,
end screen,,1629875851319,1629875857587,,,
form save,,1629875857756,,,,
form exit,,1629875857756,,,,
form resume,,1629882936537,,,,
jump,,1629882936537,1629882939812,,,
group questions,/data/front_page,1629882939832,1629882941010,,,
group questions,/data/b1,1629882941025,1629883121830,,,
group questions,/data/a1,1629883121855,1629883124611,,,
group questions,/data/e4,1629883124635,1629883126191,,,
group questions,/data/g5,1629883126210,1629883127535,,,
group questions,/data/h4,1629883127567,1629883129101,,,
group questions,/data/j4,1629883129128,1629883130919,,,
group questions,/data/h4,1629883130946,1629883133094,,,
group questions,/data/j4,1629883133129,1629883137549,,,
group questions,/data/l3,1629883137579,1629883143313,,,
group questions,/data/b2,1629883143360,1629883148665,,,
end screen,,1629883148700,1629883152936,,,
form save,,1629883153179,,,,
form exit,,1629883153179,,,,
form finalize,,1629883153179,,,,
