event,node,start,end,old-value,new-value,change-reason
form start,,1629797916947,,,,
group questions,/data/front_page,1629797916948,1629797918102,,,
group questions,/data/b1,1629797918116,1629797919565,,,
group questions,/data/a1,1629797919591,1629797945699,,,
question,/data/a1/a1_a_4a,1629797919592,1629797945699,,T-F0039-P0060,
group questions,/data/e4,1629797945725,1629797961527,,,
question,/data/e4/e4_1,1629797945725,1629797961527,,0,
group questions,/data/g5,1629797961547,1629797969302,,,
question,/data/g5/g5_1,1629797961548,1629797969302,,1,
question,/data/g5/i4_1,1629797961548,1629797969302,,0,
question,/data/g5/h4_1,1629797961548,1629797969302,,1,
group questions,/data/h4,1629797969333,1629797989910,,,
group questions,/data/g5,1629797989940,1629798361425,,,
group questions,/data/h4,1629798361459,1629798367408,,,
question,/data/h4/h4_2,1629798361459,1629798367408,,1,
question,/data/h4/h4_3,1629798361459,1629798367408,,1,
question,/data/h4/h4_4,1629798361459,1629798367408,,5,
group questions,/data/j4,1629798367437,1629798382711,,,
question,/data/j4/j4_2,1629798367437,1629798382711,,0,
question,/data/j4/j4_1,1629798367437,1629798382711,,1,
question,/data/j4/h4_6,1629798367437,1629798382711,,96,
group questions,/data/l3,1629798382739,1629798395673,,,
question,/data/l3/l3_1,1629798382740,1629798395673,,5,
question,/data/l3/l3_2,1629798382740,1629798395673,,5,
question,/data/l3/l3_3,1629798382740,1629798395673,,5,
question,/data/l3/l3_4,1629798382740,1629798395673,,5,
question,/data/l3/l3_5,1629798382740,1629798395673,,5,
question,/data/l3/l3_6,1629798382740,1629798395673,,5,
question,/data/l3/l3_7,1629798382740,1629798395673,,5,
group questions,/data/b2,1629798395724,1629798410843,,,
question,/data/b2/b1_7,1629798395724,1629798410843,,1,
question,/data/b2/b2_10,1629798395724,1629798410843,,0,
question,/data/b2/b2_9a,1629798395724,1629798410843,,0,
question,/data/b2/b2_8,1629798395724,1629798410843,,3,
end screen,,1629798410877,1629798412865,,,
form save,,1629798413032,,,,
form exit,,1629798413032,,,,
form resume,,1629807373711,,,,
jump,,1629807373711,1629807378564,,,
group questions,/data/front_page,1629807378584,1629807380042,,,
group questions,/data/b1,1629807380057,1629807381848,,,
group questions,/data/a1,1629807381875,1629807384285,,,
group questions,/data/e4,1629807384309,1629807385470,,,
group questions,/data/g5,1629807385490,1629807386921,,,
group questions,/data/h4,1629807386955,1629807392719,,,
group questions,/data/j4,1629807392751,1629807399021,,,
group questions,/data/l3,1629807399051,1629807421643,,,
question,/data/l3/l3_6,1629807399051,1629807421643,5,2,
group questions,/data/b2,1629807421694,1629807464783,,,
question,/data/b2/b2_9a,1629807421695,1629807464783,0,1,
end screen,,1629807464826,1629807466554,,,
change reason,,1629807475201,,,,Cross checking 
form save,,1629807475464,,,,
form exit,,1629807475464,,,,
form finalize,,1629807475464,,,,
