event,node,start,end,old-value,new-value,change-reason
form start,,1627547416047,,,,
group questions,/data/front_page,1627547416048,1627547417661,,,
group questions,/data/b1,1627547417680,1627547420705,,,
group questions,/data/a1,1627547420732,1627547455750,,,
question,/data/a1/a1_a_4,1627547420733,1627547455750,,T-F0022-P0028,
group questions,/data/e4,1627547455775,1627547748751,,,
question,/data/e4/e4_1,1627547455775,1627547748751,,1,
group questions,/data/g5,1627547748775,1627547766702,,,
question,/data/g5/g5_1,1627547748775,1627547766702,,1,
question,/data/g5/i4_1,1627547748775,1627547766702,,0,
question,/data/g5/h4_1,1627547748775,1627547766702,,1,
group questions,/data/h4,1627547766731,1627547881212,,,
question,/data/h4/h4_2,1627547766731,1627547881212,,1,
question,/data/h4/h4_3,1627547766731,1627547881212,,1,
question,/data/h4/h4_4,1627547766731,1627547881212,,4,
group questions,/data/j4,1627547881239,1627548571888,,,
question,/data/j4/j4_2,1627547881240,1627548571888,,1,
question,/data/j4/j4_1,1627547881240,1627548571888,,1,
question,/data/j4/h4_6,1627547881240,1627548571888,,"1, 2, 3",
group questions,/data/l3,1627548571922,1627548648758,,,
question,/data/l3/l3_1,1627548571922,1627548648758,,5,
question,/data/l3/l3_2,1627548571922,1627548648758,,5,
question,/data/l3/l3_3,1627548571922,1627548648758,,5,
question,/data/l3/l3_4,1627548571922,1627548648758,,5,
question,/data/l3/l3_5,1627548571922,1627548648758,,5,
question,/data/l3/l3_6,1627548571922,1627548648758,,1,
question,/data/l3/l3_7,1627548571922,1627548648758,,5,
group questions,/data/b2,1627548648807,1627548674736,,,
question,/data/b2/b1_7,1627548648808,1627548674736,,1,
question,/data/b2/b2_10,1627548648808,1627548674736,,0,
question,/data/b2/b2_9a,1627548648808,1627548674736,,0,
question,/data/b2/b2_8,1627548648808,1627548674736,,3,
end screen,,1627548674771,1627548695485,,,
form save,,1627548695652,,,,
form exit,,1627548695652,,,,
form resume,,1627554234681,,,,
jump,,1627554234681,1627554236155,,,
group questions,/data/front_page,1627554236176,1627554237447,,,
group questions,/data/b1,1627554237462,1627554239632,,,
group questions,/data/a1,1627554239659,1627554241153,,,
group questions,/data/e4,1627554241171,1627554244967,,,
group questions,/data/g5,1627554245005,1627554250296,,,
group questions,/data/h4,1627554250327,1627554254595,,,
group questions,/data/j4,1627554254624,1627554325173,,,
group questions,/data/l3,1627554325209,1627554329858,,,
group questions,/data/b2,1627554329902,1627554340443,,,
end screen,,1627554340470,1627554342318,,,
form save,,1627554342578,,,,
form exit,,1627554342578,,,,
form finalize,,1627554342578,,,,
