event,node,start,end,old-value,new-value,change-reason
form start,,1627459739145,,,,
group questions,/data/front_page,1627459739146,1627459740883,,,
group questions,/data/b1,1627459740897,1627459744248,,,
group questions,/data/a1,1627459744275,1627459771267,,,
question,/data/a1/a1_a_4,1627459744276,1627459771267,,T-F0022-P0025,
group questions,/data/e4,1627459771292,1627460576197,,,
question,/data/e4/e4_1,1627459771293,1627460576197,,0,
group questions,/data/g5,1627460576215,1627460598641,,,
question,/data/g5/g5_1,1627460576215,1627460598641,,1,
question,/data/g5/i4_1,1627460576215,1627460598641,,0,
question,/data/g5/h4_1,1627460576216,1627460598641,,1,
group questions,/data/h4,1627460598669,1627460617475,,,
question,/data/h4/h4_2,1627460598669,1627460617475,,1,
question,/data/h4/h4_3,1627460598669,1627460617475,,1,
question,/data/h4/h4_4,1627460598669,1627460617475,,4,
group questions,/data/j4,1627460617500,1627460684813,,,
question,/data/j4/j4_2,1627460617500,1627460684813,,1,
question,/data/j4/j4_1,1627460617500,1627460684813,,1,
question,/data/j4/h4_6,1627460617500,1627460684813,,96,
group questions,/data/l3,1627460684845,1627460762911,,,
question,/data/l3/l3_1,1627460684845,1627460762911,,5,
question,/data/l3/l3_2,1627460684845,1627460762911,,5,
question,/data/l3/l3_3,1627460684845,1627460762911,,5,
question,/data/l3/l3_4,1627460684845,1627460762911,,5,
question,/data/l3/l3_5,1627460684845,1627460762911,,5,
question,/data/l3/l3_6,1627460684845,1627460762911,,1,
question,/data/l3/l3_7,1627460684845,1627460762911,,5,
group questions,/data/b2,1627460763000,1627460814527,,,
question,/data/b2/b1_7,1627460763001,1627460814527,,1,
question,/data/b2/b2_10,1627460763001,1627460814527,,0,
question,/data/b2/b2_9a,1627460763001,1627460814527,,0,
question,/data/b2/b2_8,1627460763001,1627460814527,,3,
end screen,,1627460814554,1627460984918,,,
form save,,1627460985080,,,,
form exit,,1627460985080,,,,
form resume,,1627461026985,,,,
jump,,1627461026986,1627461029846,,,
group questions,/data/front_page,1627461029865,1627461041339,,,
group questions,/data/b1,1627461041354,1627461043153,,,
group questions,/data/a1,1627461043180,1627461044711,,,
group questions,/data/e4,1627461044731,1627461046020,,,
group questions,/data/g5,1627461046039,1627461049128,,,
group questions,/data/h4,1627461049161,1627461054412,,,
group questions,/data/j4,1627461054440,1627461063141,,,
group questions,/data/l3,1627461063174,1627461065402,,,
group questions,/data/j4,1627461065446,1627461104898,,,
group questions,/data/l3,1627461104937,1627461181247,,,
group questions,/data/b2,1627461181290,1627461200029,,,
end screen,,1627461200060,1627461207683,,,
form save,,1627461207950,,,,
form exit,,1627461207950,,,,
form finalize,,1627461207950,,,,
