event,node,start,end,old-value,new-value,change-reason
form start,,1629361963040,,,,
group questions,/data/front_page,1629361963041,1629361964068,,,
group questions,/data/b1,1629361964081,1629361965703,,,
group questions,/data/a1,1629361965732,1629361992551,,,
question,/data/a1/a1_a_4a,1629361965733,1629361992551,,T-F0039-P0052,
group questions,/data/e4,1629361992577,1629361994410,,,
group questions,/data/a1,1629361994429,1629361996505,,,
group questions,/data/e4,1629361996529,1629361998669,,,
question,/data/e4/e4_1,1629361996530,1629361998669,,0,
group questions,/data/g5,1629361998690,1629362004550,,,
question,/data/g5/g5_1,1629361998690,1629362004550,,1,
question,/data/g5/i4_1,1629361998690,1629362004550,,0,
question,/data/g5/h4_1,1629361998690,1629362004550,,1,
group questions,/data/h4,1629362004583,1629362013609,,,
question,/data/h4/h4_2,1629362004583,1629362013609,,2,
question,/data/h4/h4_3,1629362004583,1629362013609,,2,
question,/data/h4/h4_4,1629362004583,1629362013609,,5,
group questions,/data/j4,1629362013641,1629362045725,,,
group questions,/data/h4,1629362045753,1629362047584,,,
group questions,/data/j4,1629362047614,1629362083345,,,
question,/data/j4/j4_2,1629362047614,1629362083345,,0,
question,/data/j4/j4_1,1629362047614,1629362083345,,1,
question,/data/j4/h4_6,1629362047614,1629362083345,,1,
group questions,/data/l3,1629362083374,1629362121278,,,
question,/data/l3/l3_1,1629362083374,1629362121278,,5,
question,/data/l3/l3_2,1629362083374,1629362121278,,5,
question,/data/l3/l3_3,1629362083374,1629362121278,,5,
question,/data/l3/l3_4,1629362083374,1629362121278,,5,
question,/data/l3/l3_5,1629362083374,1629362121278,,5,
question,/data/l3/l3_6,1629362083374,1629362121278,,4,
question,/data/l3/l3_7,1629362083374,1629362121278,,5,
group questions,/data/b2,1629362121325,1629362124732,,,
group questions,/data/l3,1629362124766,1629362130928,,,
group questions,/data/b2,1629362130972,1629362132796,,,
group questions,/data/l3,1629362132830,1629362137814,,,
group questions,/data/b2,1629362137863,1629362251550,,,
question,/data/b2/b1_7,1629362137864,1629362251550,,1,
question,/data/b2/b2_10,1629362137864,1629362251550,,1,
question,/data/b2/b2_9a,1629362137864,1629362251550,,1,
question,/data/b2/b2_8,1629362137864,1629362251550,,1,
end screen,,1629362251589,1629362255783,,,
form save,,1629362255950,,,,
form exit,,1629362255950,,,,
form resume,,1629363322614,,,,
jump,,1629363322614,1629363324357,,,
group questions,/data/front_page,1629363324380,1629363326759,,,
group questions,/data/b1,1629363326778,1629363327537,,,
group questions,/data/a1,1629363327564,1629363328225,,,
group questions,/data/e4,1629363328249,1629363328991,,,
group questions,/data/g5,1629363329006,1629363329811,,,
group questions,/data/h4,1629363329839,1629363331460,,,
group questions,/data/g5,1629363331485,1629363332795,,,
group questions,/data/h4,1629363332825,1629363333651,,,
group questions,/data/j4,1629363333677,1629363334589,,,
group questions,/data/l3,1629363334613,1629363335750,,,
group questions,/data/b2,1629363335790,1629363337441,,,
end screen,,1629363337477,1629363338851,,,
group questions,/data/b2,1629363338851,1629363345849,,,
end screen,,1629363345886,1629363347020,,,
form save,,1629363347273,,,,
form exit,,1629363347273,,,,
form finalize,,1629363347273,,,,
