event,node,start,end,old-value,new-value,change-reason
form start,,1627893887496,,,,
group questions,/data/front_page,1627893887497,1627893888684,,,
group questions,/data/b1,1627893888697,1627893891441,,,
group questions,/data/a1,1627893891468,1627893903471,,,
question,/data/a1/a1_a_4,1627893891468,1627893903471,,T-F0022-P0029,
group questions,/data/e4,1627893903495,1627893915914,,,
question,/data/e4/e4_1,1627893903495,1627893915914,,0,
group questions,/data/g5,1627893915934,1627893924720,,,
question,/data/g5/g5_1,1627893915935,1627893924720,,1,
question,/data/g5/i4_1,1627893915935,1627893924720,,0,
group questions,/data/e4,1627893924752,1627893925839,,,
group questions,/data/g5,1627893925860,1627893929286,,,
question,/data/g5/h4_1,1627893925860,1627893929286,,1,
group questions,/data/h4,1627893929319,1627893968405,,,
question,/data/h4/h4_2,1627893929319,1627893968405,,2,
question,/data/h4/h4_3,1627893929319,1627893968405,,2,
question,/data/h4/h4_4,1627893929319,1627893968405,,4,
group questions,/data/j4,1627893968435,1627894099290,,,
question,/data/j4/j4_2,1627893968436,1627894099290,,1,
question,/data/j4/j4_1,1627893968436,1627894099290,,1,
question,/data/j4/h4_6,1627893968436,1627894099290,,"1, 2, 3",
group questions,/data/l3,1627894099329,1627894150769,,,
question,/data/l3/l3_1,1627894099330,1627894150769,,5,
question,/data/l3/l3_2,1627894099330,1627894150769,,5,
question,/data/l3/l3_3,1627894099330,1627894150769,,5,
question,/data/l3/l3_4,1627894099330,1627894150769,,4,
question,/data/l3/l3_5,1627894099330,1627894150769,,5,
question,/data/l3/l3_6,1627894099330,1627894150769,,1,
question,/data/l3/l3_7,1627894099330,1627894150769,,5,
group questions,/data/b2,1627894150818,1627894189617,,,
question,/data/b2/b1_7,1627894150819,1627894189617,,1,
question,/data/b2/b2_10,1627894150819,1627894189617,,0,
question,/data/b2/b2_9a,1627894150819,1627894189617,,1,
question,/data/b2/b2_8,1627894150819,1627894189617,,1,
end screen,,1627894189659,1627894193007,,,
form save,,1627894193186,,,,
form exit,,1627894193186,,,,
form resume,,1627894527829,,,,
jump,,1627894527829,1627894529272,,,
group questions,/data/front_page,1627894529290,1627894530584,,,
group questions,/data/b1,1627894530597,1627894532280,,,
group questions,/data/a1,1627894532304,1627894533803,,,
group questions,/data/e4,1627894533822,1627894536177,,,
group questions,/data/g5,1627894536195,1627894538443,,,
group questions,/data/h4,1627894538472,1627894559286,,,
group questions,/data/j4,1627894559313,1627894590190,,,
group questions,/data/l3,1627894590221,1627894596393,,,
group questions,/data/b2,1627894596436,1627894604960,,,
end screen,,1627894605004,1627894610942,,,
form save,,1627894611093,,,,
form exit,,1627894611093,,,,
form resume,,1627897257271,,,,
jump,,1627897257271,1627897258678,,,
group questions,/data/front_page,1627897258696,1627897259723,,,
group questions,/data/b1,1627897259736,1627897260388,,,
group questions,/data/a1,1627897260413,1627897261125,,,
group questions,/data/e4,1627897261143,1627897261747,,,
group questions,/data/g5,1627897261769,1627897262463,,,
group questions,/data/h4,1627897262499,1627897263398,,,
group questions,/data/j4,1627897263428,1627897264192,,,
group questions,/data/l3,1627897264226,1627897265291,,,
group questions,/data/b2,1627897265337,1627897266323,,,
end screen,,1627897266366,1627897267975,,,
form save,,1627897268219,,,,
form exit,,1627897268219,,,,
form finalize,,1627897268219,,,,
