event,node,start,end,old-value,new-value,change-reason
form start,,1629713491773,,,,
group questions,/data/front_page,1629713491774,1629713494171,,,
group questions,/data/b1,1629713494187,1629713496776,,,
group questions,/data/a1,1629713496806,1629713573060,,,
question,/data/a1/a1_a_4a,1629713496806,1629713573060,,T-F0093-P0056,
group questions,/data/e4,1629713573087,1629713578398,,,
question,/data/e4/e4_1,1629713573087,1629713578398,,0,
group questions,/data/k2,1629713578419,1629713582568,,,
question,/data/k2/k2_1,1629713578419,1629713582568,,0,
group questions,/data/g5,1629713582590,1629713613085,,,
group questions,/data/k2,1629713613120,1629713644155,,,
group questions,/data/e4,1629713644176,1629713646587,,,
group questions,/data/k2,1629713646608,1629713649179,,,
group questions,/data/g5,1629713649203,1629713692304,,,
question,/data/g5/g5_1,1629713649204,1629713692304,,1,
question,/data/g5/i4_1,1629713649204,1629713692304,,0,
question,/data/g5/h4_1,1629713649204,1629713692304,,1,
group questions,/data/h4,1629713692343,1629713753584,,,
question,/data/h4/h4_2,1629713692343,1629713753584,,2,
question,/data/h4/h4_3,1629713692343,1629713753584,,1,
question,/data/h4/h4_4,1629713692343,1629713753584,,5,
group questions,/data/j4,1629713753611,1629713773319,,,
question,/data/j4/j4_2,1629713753611,1629713773319,,0,
question,/data/j4/j4_1,1629713753611,1629713773319,,1,
question,/data/j4/h4_6,1629713753611,1629713773319,,96,
group questions,/data/l3,1629713773345,1629713854651,,,
question,/data/l3/l3_1,1629713773345,1629713854651,,4,
question,/data/l3/l3_2,1629713773345,1629713854651,,5,
question,/data/l3/l3_3,1629713773345,1629713854651,,5,
question,/data/l3/l3_4,1629713773345,1629713854651,,5,
question,/data/l3/l3_5,1629713773345,1629713854651,,5,
question,/data/l3/l3_6,1629713773345,1629713854651,,3,
question,/data/l3/l3_7,1629713773345,1629713854651,,5,
group questions,/data/b2,1629713854699,1629713877507,,,
question,/data/b2/b1_7,1629713854699,1629713877507,,1,
question,/data/b2/b2_10,1629713854699,1629713877507,,0,
question,/data/b2/b2_9a,1629713854699,1629713877507,,0,
question,/data/b2/b2_8,1629713854699,1629713877507,,2,
end screen,,1629713877541,1629713882520,,,
form save,,1629713882790,,,,
form exit,,1629713882790,,,,
form finalize,,1629713882790,,,,
