event,node,start,end,old-value,new-value,change-reason
form start,,1629452054385,,,,
group questions,/data/front_page,1629452054386,1629452056882,,,
group questions,/data/b1,1629452056898,1629452063764,,,
question,/data/b1/fcode,1629452056902,1629452063764,F0083,F0012,
group questions,/data/a1,1629452063787,1629452144467,,,
question,/data/a1/a1_a_4a,1629452063787,1629452144467,,T-F0012-P0044,
group questions,/data/e4,1629452144492,1629452148656,,,
question,/data/e4/e4_1,1629452144492,1629452148656,,0,
group questions,/data/g5,1629452148674,1629452178407,,,
question,/data/g5/g5_1,1629452148675,1629452178407,,1,
question,/data/g5/i4_1,1629452148675,1629452178407,,0,
question,/data/g5/h4_1,1629452148675,1629452178407,,1,
group questions,/data/h4,1629452178440,1629452194499,,,
question,/data/h4/h4_2,1629452178440,1629452194499,,2,
question,/data/h4/h4_3,1629452178440,1629452194499,,1,
question,/data/h4/h4_4,1629452178440,1629452194499,,5,
group questions,/data/j4,1629452194524,1629452206333,,,
group questions,/data/h4,1629452206362,1629452207321,,,
group questions,/data/g5,1629452207349,1629452208680,,,
group questions,/data/e4,1629452208710,1629452211838,,,
group questions,/data/a1,1629452211856,1629452213299,,,
group questions,/data/e4,1629452213322,1629452214128,,,
group questions,/data/g5,1629452214148,1629452214803,,,
group questions,/data/h4,1629452214834,1629452220489,,,
group questions,/data/j4,1629452220517,1629452337531,,,
question,/data/j4/j4_2,1629452220517,1629452337531,,0,
question,/data/j4/j4_1,1629452220517,1629452337531,,1,
question,/data/j4/h4_6,1629452220517,1629452337531,,96,
group questions,/data/l3,1629452337561,1629452358070,,,
question,/data/l3/l3_1,1629452337561,1629452358070,,5,
question,/data/l3/l3_2,1629452337561,1629452358070,,5,
question,/data/l3/l3_3,1629452337561,1629452358070,,5,
question,/data/l3/l3_4,1629452337561,1629452358070,,5,
question,/data/l3/l3_5,1629452337561,1629452358070,,5,
question,/data/l3/l3_6,1629452337561,1629452358070,,2,
question,/data/l3/l3_7,1629452337561,1629452358070,,5,
group questions,/data/b2,1629452358109,1629452398055,,,
question,/data/b2/b1_7,1629452358109,1629452398055,,1,
question,/data/b2/b2_10,1629452358109,1629452398055,,1,
question,/data/b2/b2_9a,1629452358109,1629452398055,,0,
question,/data/b2/b2_8,1629452358109,1629452398055,,1,
end screen,,1629452398089,1629452399989,,,
form save,,1629452400124,,,,
form exit,,1629452400124,,,,
form resume,,1629468437383,,,,
jump,,1629468437383,1629468438475,,,
end screen,,1629468438495,1629468439828,,,
form save,,1629468440027,,,,
form exit,,1629468440027,,,,
form finalize,,1629468440027,,,,
