event,node,start,end,old-value,new-value,change-reason
form start,,1627468100929,,,,
group questions,/data/front_page,1627468100930,1627468103941,,,
group questions,/data/b1,1627468103958,1627468106057,,,
group questions,/data/a1,1627468106089,1627468137567,,,
question,/data/a1/a1_a_4a,1627468106089,1627468137567,,T-F0087-P0040,
group questions,/data/e4,1627468137592,1627468139468,,,
group questions,/data/a1,1627468139489,1627468142686,,,
group questions,/data/e4,1627468142714,1627468171733,,,
question,/data/e4/e4_1,1627468142715,1627468171733,,1,
group questions,/data/k2,1627468171764,1627468187152,,,
question,/data/k2/k2_1,1627468171764,1627468187152,,1,
group questions,/data/g5,1627468187176,1627468213545,,,
question,/data/g5/g5_1,1627468187177,1627468213545,,1,
question,/data/g5/i4_1,1627468187177,1627468213545,,0,
question,/data/g5/h4_1,1627468187177,1627468213545,,1,
group questions,/data/h4,1627468213574,1627468216613,,,
group questions,/data/g5,1627468216638,1627468225503,,,
group questions,/data/h4,1627468225534,1627468234588,,,
question,/data/h4/h4_2,1627468225534,1627468234588,,1,
question,/data/h4/h4_3,1627468225534,1627468234588,,1,
question,/data/h4/h4_4,1627468225534,1627468234588,,5,
group questions,/data/j4,1627468234616,1627468252357,,,
question,/data/j4/j4_2,1627468234617,1627468252357,,0,
question,/data/j4/j4_1,1627468234617,1627468252357,,1,
question,/data/j4/h4_6,1627468234617,1627468252357,,96,
group questions,/data/l3,1627468252384,1627468305277,,,
question,/data/l3/l3_1,1627468252385,1627468305277,,5,
question,/data/l3/l3_2,1627468252385,1627468305277,,5,
question,/data/l3/l3_3,1627468252385,1627468305277,,5,
question,/data/l3/l3_4,1627468252385,1627468305277,,4,
question,/data/l3/l3_5,1627468252385,1627468305277,,5,
question,/data/l3/l3_6,1627468252385,1627468305277,,4,
question,/data/l3/l3_7,1627468252385,1627468305277,,5,
group questions,/data/b2,1627468305320,1627468327389,,,
question,/data/b2/b1_7,1627468305321,1627468327389,,1,
question,/data/b2/b2_10,1627468305321,1627468327389,,1,
question,/data/b2/b2_9a,1627468305321,1627468327389,,0,
question,/data/b2/b2_8,1627468305321,1627468327389,,3,
end screen,,1627468327424,1627468335525,,,
form save,,1627468335789,,,,
form exit,,1627468335789,,,,
form finalize,,1627468335789,,,,
