event,node,start,end,old-value,new-value,change-reason
form start,,1630052395429,,,,
group questions,/data/front_page,1630052395430,1630052396364,,,
group questions,/data/b1,1630052396376,1630052397763,,,
group questions,/data/a1,1630052397787,1630052431866,,,
question,/data/a1/a1_a_4a,1630052397787,1630052431866,,T-F0039-P0070,
group questions,/data/e4,1630052431888,1630052660520,,,
question,/data/e4/e4_1,1630052431888,1630052660520,,0,
group questions,/data/g5,1630052660537,1630052679870,,,
question,/data/g5/g5_1,1630052660538,1630052679870,,1,
question,/data/g5/i4_1,1630052660538,1630052679870,,0,
question,/data/g5/h4_1,1630052660538,1630052679870,,1,
group questions,/data/h4,1630052679899,1630052688425,,,
question,/data/h4/h4_2,1630052679899,1630052688425,,1,
question,/data/h4/h4_3,1630052679899,1630052688425,,1,
question,/data/h4/h4_4,1630052679899,1630052688425,,5,
group questions,/data/j4,1630052688452,1630052704621,,,
question,/data/j4/j4_2,1630052688453,1630052704621,,0,
question,/data/j4/j4_1,1630052688453,1630052704621,,1,
question,/data/j4/h4_6,1630052688453,1630052704621,,96,
group questions,/data/l3,1630052704646,1630052733771,,,
question,/data/l3/l3_1,1630052704647,1630052733771,,5,
question,/data/l3/l3_2,1630052704647,1630052733771,,5,
question,/data/l3/l3_3,1630052704647,1630052733771,,5,
question,/data/l3/l3_4,1630052704647,1630052733771,,5,
question,/data/l3/l3_5,1630052704647,1630052733771,,5,
question,/data/l3/l3_6,1630052704647,1630052733771,,1,
question,/data/l3/l3_7,1630052704647,1630052733771,,5,
group questions,/data/b2,1630052733810,1630052770818,,,
question,/data/b2/b1_7,1630052733810,1630052770818,,1,
question,/data/b2/b2_10,1630052733810,1630052770818,,0,
question,/data/b2/b2_9a,1630052733810,1630052770818,,0,
question,/data/b2/b2_8,1630052733810,1630052770818,,3,
end screen,,1630052770849,1630052930537,,,
form save,,1630052930694,,,,
form exit,,1630052930694,,,,
form resume,,1630055898927,,,,
jump,,1630055898927,1630055900255,,,
group questions,/data/front_page,1630055900273,1630055901297,,,
group questions,/data/b1,1630055901313,1630055902902,,,
group questions,/data/a1,1630055902929,1630055904078,,,
group questions,/data/e4,1630055904104,1630055905341,,,
group questions,/data/g5,1630055905362,1630055907030,,,
group questions,/data/h4,1630055907063,1630055910917,,,
group questions,/data/j4,1630055910948,1630055914672,,,
group questions,/data/h4,1630055914699,1630055918231,,,
group questions,/data/j4,1630055918262,1630055922398,,,
group questions,/data/l3,1630055922427,1630055930795,,,
group questions,/data/b2,1630055930840,1630055937112,,,
end screen,,1630055937145,1630055937961,,,
form save,,1630055938290,,,,
form exit,,1630055938290,,,,
form finalize,,1630055938290,,,,
