event,node,start,end,old-value,new-value,change-reason
form start,,1628069375928,,,,
group questions,/data/front_page,1628069375930,1628069377016,,,
group questions,/data/b1,1628069377031,1628069378716,,,
group questions,/data/a1,1628069378744,1628069401439,,,
question,/data/a1/a1_a_4a,1628069378745,1628069401439,,T-F0101-P0067,
group questions,/data/e4,1628069401466,1628069613078,,,
question,/data/e4/e4_1,1628069401466,1628069613078,,1,
group questions,/data/k2,1628069613110,1628069665982,,,
question,/data/k2/k2_1,1628069613110,1628069665982,,1,
group questions,/data/g5,1628069666016,1628069679254,,,
question,/data/g5/g5_1,1628069666016,1628069679254,,1,
question,/data/g5/i4_1,1628069666016,1628069679254,,0,
question,/data/g5/h4_1,1628069666016,1628069679254,,1,
group questions,/data/h4,1628069679288,1628069764541,,,
question,/data/h4/h4_2,1628069679289,1628069764541,,3,
question,/data/h4/h4_3,1628069679289,1628069764541,,3,
question,/data/h4/h4_4,1628069679289,1628069764541,,3,
group questions,/data/j4,1628069764571,1628069790114,,,
question,/data/j4/j4_2,1628069764571,1628069790114,,1,
question,/data/j4/j4_1,1628069764571,1628069790114,,1,
question,/data/j4/h4_6,1628069764571,1628069790114,,96,
group questions,/data/l3,1628069790147,1628069823503,,,
question,/data/l3/l3_1,1628069790147,1628069823503,,5,
question,/data/l3/l3_2,1628069790147,1628069823503,,5,
question,/data/l3/l3_3,1628069790147,1628069823503,,5,
question,/data/l3/l3_4,1628069790147,1628069823503,,5,
question,/data/l3/l3_5,1628069790147,1628069823503,,5,
question,/data/l3/l3_6,1628069790147,1628069823503,,3,
question,/data/l3/l3_7,1628069790147,1628069823503,,5,
group questions,/data/b2,1628069823549,1628069845088,,,
question,/data/b2/b1_7,1628069823549,1628069845088,,1,
question,/data/b2/b2_10,1628069823549,1628069845088,,1,
question,/data/b2/b2_9a,1628069823549,1628069845088,,0,
question,/data/b2/b2_8,1628069823549,1628069845088,,1,
end screen,,1628069845128,1628069847592,,,
group questions,/data/b2,1628069847593,1628070167023,,,
group questions,/data/l3,1628070167060,1628070169116,,,
group questions,/data/j4,1628070169166,1628070172026,,,
form save,,1628070172208,,,,
form exit,,1628070172208,,,,
form resume,,1628072462461,,,,
jump,,1628072462461,1628072465645,,,
group questions,/data/front_page,1628072465667,1628072468006,,,
group questions,/data/b1,1628072468020,1628072473395,,,
group questions,/data/a1,1628072473420,1628072475151,,,
group questions,/data/e4,1628072475174,1628072481992,,,
group questions,/data/k2,1628072482020,1628072502528,,,
group questions,/data/g5,1628072502555,1628072508119,,,
group questions,/data/h4,1628072508151,1628072568898,,,
question,/data/h4/h4_2,1628072508152,1628072568898,3,2,
question,/data/h4/h4_3,1628072508152,1628072568898,3,2,
question,/data/h4/h4_4,1628072508152,1628072568898,3,5,
group questions,/data/j4,1628072568927,1628072683701,,,
question,/data/j4/j4_2,1628072568927,1628072683701,1,0,
question,/data/j4/j4_2a,1628072568927,1628072683701,Viplee,Vipele visipopona,
group questions,/data/l3,1628072683734,1628072695183,,,
group questions,/data/b2,1628072695226,1628072712408,,,
end screen,,1628072712454,1628072714569,,,
change reason,,1628072729904,,,,Cross Checking
form save,,1628072730208,,,,
form exit,,1628072730208,,,,
form finalize,,1628072730208,,,,
