event,node,start,end,old-value,new-value,change-reason
form start,,1629366477643,,,,
group questions,/data/front_page,1629366477645,1629366479042,,,
group questions,/data/b1,1629366479055,1629366482372,,,
group questions,/data/a1,1629366482397,1629366515541,,,
question,/data/a1/a1_a_4,1629366482397,1629366515541,,T-F0092-P0014,
group questions,/data/e4,1629366515565,1629366518937,,,
question,/data/e4/e4_1,1629366515565,1629366518937,,0,
group questions,/data/k2,1629366518957,1629366525127,,,
question,/data/k2/k2_1,1629366518957,1629366525127,,0,
group questions,/data/g5,1629366525148,1629366750207,,,
question,/data/g5/g5_1,1629366525148,1629366750207,,0,
question,/data/g5/i4_1,1629366525148,1629366750207,,0,
question,/data/g5/h4_1,1629366525148,1629366750207,,1,
group questions,/data/h4,1629366750240,1629366782004,,,
question,/data/h4/h4_2,1629366750241,1629366782004,,3,
question,/data/h4/h4_3,1629366750241,1629366782004,,3,
question,/data/h4/h4_4,1629366750241,1629366782004,,4,
group questions,/data/j4,1629366782030,1629366809107,,,
question,/data/j4/j4_2,1629366782030,1629366809107,,0,
question,/data/j4/j4_1,1629366782030,1629366809107,,1,
question,/data/j4/h4_6,1629366782030,1629366809107,,"2, 3",
group questions,/data/l3,1629366809134,1629366847017,,,
question,/data/l3/l3_1,1629366809134,1629366847017,,5,
question,/data/l3/l3_2,1629366809134,1629366847017,,5,
question,/data/l3/l3_3,1629366809134,1629366847017,,4,
question,/data/l3/l3_4,1629366809134,1629366847017,,5,
group questions,/data/j4,1629366847060,1629366849253,,,
group questions,/data/h4,1629366849279,1629366850457,,,
group questions,/data/g5,1629366850484,1629366851688,,,
group questions,/data/k2,1629366851717,1629366852997,,,
group questions,/data/e4,1629366853015,1629366854189,,,
group questions,/data/a1,1629366854208,1629366857458,,,
group questions,/data/e4,1629366857478,1629366858266,,,
group questions,/data/k2,1629366858284,1629366858756,,,
group questions,/data/g5,1629366858774,1629366859366,,,
group questions,/data/h4,1629366859398,1629366860423,,,
group questions,/data/j4,1629366860450,1629366861655,,,
group questions,/data/l3,1629366861684,1629366891728,,,
question,/data/l3/l3_5,1629366861684,1629366891728,,5,
group questions,/data/j4,1629366891769,1629366893764,,,
group questions,/data/l3,1629366893792,1629366944160,,,
question,/data/l3/l3_6,1629366893793,1629366944160,,2,
question,/data/l3/l3_7,1629366893793,1629366944160,,4,
group questions,/data/b2,1629366944207,1629366964633,,,
question,/data/b2/b1_7,1629366944207,1629366964633,,1,
question,/data/b2/b2_10,1629366944207,1629366964633,,0,
question,/data/b2/b2_9a,1629366944207,1629366964633,,0,
question,/data/b2/b2_8,1629366944207,1629366964633,,1,
end screen,,1629366964664,1629366970532,,,
form save,,1629366970701,,,,
form exit,,1629366970701,,,,
form resume,,1629436370377,,,,
jump,,1629436370377,1629436371409,,,
group questions,/data/front_page,1629436371427,1629436372455,,,
group questions,/data/b1,1629436372472,1629436373160,,,
group questions,/data/a1,1629436373189,1629436373448,,,
group questions,/data/e4,1629436373468,1629436373648,,,
group questions,/data/k2,1629436373670,1629436373851,,,
group questions,/data/g5,1629436373871,1629436374535,,,
group questions,/data/h4,1629436374570,1629436374975,,,
group questions,/data/j4,1629436375009,1629436376359,,,
group questions,/data/l3,1629436376388,1629436376763,,,
group questions,/data/b2,1629436376812,1629436377178,,,
end screen,,1629436377216,1629436378862,,,
form save,,1629436379115,,,,
form exit,,1629436379115,,,,
form finalize,,1629436379115,,,,
form resume,,1629441592232,,,,
jump,,1629441592233,1629441593736,,,
end screen,,1629441593759,1629441597281,,,
form save,,1629441598144,,,,
form exit,,1629441598144,,,,
form finalize,,1629441598144,,,,
