event,node,start,end,old-value,new-value,change-reason
form start,,1627556618154,,,,
group questions,/data/front_page,1627556618156,1627556621669,,,
group questions,/data/b1,1627556621685,1627556624896,,,
group questions,/data/a1,1627556624924,1627556673361,,,
question,/data/a1/a1_a_4a,1627556624924,1627556673361,,T-F0029-P0037,
group questions,/data/e4,1627556673386,1627556960599,,,
question,/data/e4/e4_1,1627556673386,1627556960599,,0,
group questions,/data/g5,1627556960619,1627556974759,,,
question,/data/g5/g5_1,1627556960619,1627556974759,,1,
question,/data/g5/i4_1,1627556960619,1627556974759,,0,
question,/data/g5/h4_1,1627556960619,1627556974759,,1,
group questions,/data/h4,1627556974789,1627556982286,,,
question,/data/h4/h4_2,1627556974789,1627556982286,,1,
question,/data/h4/h4_3,1627556974789,1627556982286,,1,
question,/data/h4/h4_4,1627556974789,1627556982286,,5,
group questions,/data/j4,1627556982316,1627557009338,,,
question,/data/j4/j4_2,1627556982316,1627557009338,,0,
question,/data/j4/j4_1,1627556982316,1627557009338,,1,
question,/data/j4/h4_6,1627556982316,1627557009338,,"1, 2",
group questions,/data/l3,1627557009364,1627557013550,,,
group questions,/data/j4,1627557013591,1627557018757,,,
question,/data/j4/h4_6,1627557013591,1627557018757,"1, 2","1, 3",
group questions,/data/l3,1627557018784,1627557032356,,,
question,/data/l3/l3_1,1627557018784,1627557032356,,5,
question,/data/l3/l3_2,1627557018784,1627557032356,,5,
question,/data/l3/l3_3,1627557018784,1627557032356,,5,
question,/data/l3/l3_4,1627557018784,1627557032356,,5,
question,/data/l3/l3_5,1627557018784,1627557032356,,5,
question,/data/l3/l3_6,1627557018784,1627557032356,,3,
question,/data/l3/l3_7,1627557018784,1627557032356,,5,
group questions,/data/b2,1627557032401,1627557062754,,,
question,/data/b2/b1_7,1627557032401,1627557062754,,1,
question,/data/b2/b2_10,1627557032401,1627557062754,,1,
question,/data/b2/b2_9a,1627557032401,1627557062754,,0,
question,/data/b2/b2_8,1627557032401,1627557062754,,3,
end screen,,1627557062788,1627557069765,,,
group questions,/data/b2,1627557069766,1627557347259,,,
end screen,,1627557347291,1627557348584,,,
group questions,/data/b2,1627557348584,1627557350791,,,
group questions,/data/l3,1627557350826,1627557355347,,,
group questions,/data/j4,1627557355389,1627557360787,,,
group questions,/data/h4,1627557360812,1627557364662,,,
group questions,/data/g5,1627557364686,1627557367658,,,
group questions,/data/e4,1627557367687,1627557369559,,,
group questions,/data/a1,1627557369578,1627557371570,,,
group questions,/data/e4,1627557371593,1627557372265,,,
group questions,/data/g5,1627557372296,1627557372899,,,
group questions,/data/h4,1627557372929,1627557373685,,,
group questions,/data/j4,1627557373712,1627557374711,,,
group questions,/data/l3,1627557374738,1627557375907,,,
group questions,/data/b2,1627557375951,1627557377522,,,
end screen,,1627557377559,1627557401035,,,
form save,,1627557401284,,,,
form exit,,1627557401284,,,,
form finalize,,1627557401284,,,,
