event,node,start,end,old-value,new-value,change-reason
form start,,1630311178041,,,,
group questions,/data/front_page,1630311178042,1630311179316,,,
group questions,/data/b1,1630311179329,1630311180491,,,
group questions,/data/a1,1630311180517,1630311194440,,,
question,/data/a1/a1_a_4,1630311180517,1630311194440,,T-F0092-P0024,
group questions,/data/e4,1630311194464,1630311203846,,,
question,/data/e4/e4_1,1630311194464,1630311203846,,0,
group questions,/data/k2,1630311203868,1630311206888,,,
question,/data/k2/k2_1,1630311203868,1630311206888,,0,
group questions,/data/g5,1630311206908,1630311239421,,,
question,/data/g5/g5_1,1630311206909,1630311239421,,0,
question,/data/g5/i4_1,1630311206909,1630311239421,,0,
question,/data/g5/h4_1,1630311206909,1630311239421,,1,
group questions,/data/h4,1630311239455,1630311265605,,,
question,/data/h4/h4_2,1630311239456,1630311265605,,1,
question,/data/h4/h4_3,1630311239456,1630311265605,,1,
question,/data/h4/h4_4,1630311239456,1630311265605,,5,
group questions,/data/j4,1630311265638,1630311315093,,,
question,/data/j4/j4_2,1630311265638,1630311315093,,0,
question,/data/j4/j4_1,1630311265638,1630311315093,,1,
question,/data/j4/h4_6,1630311265638,1630311315093,,96,
group questions,/data/l3,1630311315124,1630311369512,,,
question,/data/l3/l3_1,1630311315125,1630311369512,,5,
question,/data/l3/l3_2,1630311315125,1630311369512,,5,
question,/data/l3/l3_3,1630311315125,1630311369512,,5,
question,/data/l3/l3_4,1630311315125,1630311369512,,5,
question,/data/l3/l3_5,1630311315125,1630311369512,,5,
question,/data/l3/l3_6,1630311315125,1630311369512,,1,
question,/data/l3/l3_7,1630311315125,1630311369512,,5,
group questions,/data/b2,1630311369560,1630311413818,,,
question,/data/b2/b1_7,1630311369560,1630311413818,,1,
question,/data/b2/b2_10,1630311369560,1630311413818,,0,
question,/data/b2/b2_9a,1630311369560,1630311413818,,0,
question,/data/b2/b2_8,1630311369560,1630311413818,,3,
end screen,,1630311413853,1630311418615,,,
form save,,1630311418792,,,,
form exit,,1630311418792,,,,
form resume,,1630341674933,,,,
jump,,1630341674933,1630341676121,,,
group questions,/data/front_page,1630341676139,1630341677115,,,
group questions,/data/b1,1630341677134,1630341678599,,,
group questions,/data/a1,1630341678628,1630341679604,,,
group questions,/data/e4,1630341679624,1630341680424,,,
group questions,/data/k2,1630341680445,1630341681470,,,
group questions,/data/g5,1630341681490,1630341682213,,,
group questions,/data/h4,1630341682246,1630341683271,,,
group questions,/data/j4,1630341683301,1630341684106,,,
group questions,/data/l3,1630341684136,1630341684979,,,
group questions,/data/b2,1630341685027,1630341685840,,,
end screen,,1630341685874,1630341687760,,,
form save,,1630341688015,,,,
form exit,,1630341688016,,,,
form finalize,,1630341688016,,,,
