event,node,start,end,old-value,new-value,change-reason
form start,,1630398076168,,,,
group questions,/data/front_page,1630398076169,1630398078470,,,
group questions,/data/b1,1630398078485,1630398080334,,,
group questions,/data/a1,1630398080357,1630398121240,,,
question,/data/a1/a1_a_4a,1630398080357,1630398121240,,T-F0014-P0228,
group questions,/data/g5,1630398121263,1630398366694,,,
question,/data/g5/g5_1,1630398121263,1630398366694,,1,
question,/data/g5/i4_1,1630398121263,1630398366694,,0,
question,/data/g5/h4_1,1630398121263,1630398366694,,1,
group questions,/data/h4,1630398366724,1630398455522,,,
question,/data/h4/h4_2,1630398366724,1630398455522,,3,
question,/data/h4/h4_3,1630398366724,1630398455522,,3,
question,/data/h4/h4_4,1630398366724,1630398455522,,4,
group questions,/data/j4,1630398455548,1630398496014,,,
question,/data/j4/j4_2,1630398455549,1630398496014,,0,
question,/data/j4/j4_1,1630398455549,1630398496014,,1,
question,/data/j4/h4_6,1630398455549,1630398496014,,96,
group questions,/data/l3,1630398496039,1630398522809,,,
question,/data/l3/l3_1,1630398496039,1630398522809,,5,
question,/data/l3/l3_2,1630398496039,1630398522809,,5,
question,/data/l3/l3_3,1630398496039,1630398522809,,5,
question,/data/l3/l3_4,1630398496039,1630398522809,,5,
question,/data/l3/l3_5,1630398496039,1630398522809,,5,
question,/data/l3/l3_6,1630398496039,1630398522809,,3,
question,/data/l3/l3_7,1630398496039,1630398522809,,5,
group questions,/data/b2,1630398522850,1630398581243,,,
question,/data/b2/b1_7,1630398522851,1630398581243,,1,
question,/data/b2/b2_10,1630398522851,1630398581243,,0,
question,/data/b2/b2_9a,1630398522851,1630398581243,,0,
question,/data/b2/b2_8,1630398522851,1630398581243,,1,
group questions,/data/l3,1630398581272,1630398582326,,,
group questions,/data/j4,1630398582368,1630398583476,,,
group questions,/data/h4,1630398583501,1630398584679,,,
group questions,/data/g5,1630398584706,1630398585738,,,
group questions,/data/a1,1630398585768,1630398590312,,,
group questions,/data/g5,1630398590334,1630398591385,,,
group questions,/data/h4,1630398591414,1630398592812,,,
group questions,/data/j4,1630398592838,1630398594611,,,
group questions,/data/l3,1630398594640,1630398596898,,,
group questions,/data/b2,1630398596941,1630398604795,,,
question,/data/b2/b2_8,1630398596941,1630398604795,1,3,
group questions,/data/l3,1630398604826,1630398607310,,,
group questions,/data/j4,1630398607355,1630398610285,,,
group questions,/data/h4,1630398610312,1630398624013,,,
question,/data/h4/h4_2,1630398610313,1630398624013,3,1,
question,/data/h4/h4_3,1630398610313,1630398624013,3,1,
question,/data/h4/h4_4,1630398610313,1630398624013,4,5,
group questions,/data/g5,1630398624042,1630398626514,,,
group questions,/data/a1,1630398626545,1630398629092,,,
group questions,/data/b1,1630398629115,1630398630914,,,
group questions,/data/a1,1630398630938,1630398632702,,,
group questions,/data/g5,1630398632725,1630398633813,,,
group questions,/data/h4,1630398633846,1630398635876,,,
group questions,/data/j4,1630398635907,1630398641988,,,
group questions,/data/l3,1630398642015,1630398648533,,,
group questions,/data/b2,1630398648576,1630398667825,,,
end screen,,1630398667856,1630398670582,,,
form save,,1630398670704,,,,
form exit,,1630398670704,,,,
form resume,,1630425404980,,,,
jump,,1630425404980,1630425406036,,,
end screen,,1630425406053,1630425407056,,,
form save,,1630425407250,,,,
form exit,,1630425407250,,,,
form finalize,,1630425407250,,,,
