event,node,start,end,old-value,new-value,change-reason
form start,,1627032731821,,,,
group questions,/data/front_page,1627032731822,1627032735118,,,
group questions,/data/b1,1627032735132,1627032741799,,,
group questions,/data/a1,1627032741826,1627032803935,,,
question,/data/a1/a1_a_4a,1627032741826,1627032803935,,T-F0029-P0031,
group questions,/data/e4,1627032803962,1627032809457,,,
question,/data/e4/e4_1,1627032803962,1627032809457,,0,
group questions,/data/g5,1627032809481,1627032850552,,,
question,/data/g5/g5_1,1627032809481,1627032850552,,1,
question,/data/g5/i4_1,1627032809481,1627032850552,,0,
question,/data/g5/h4_1,1627032809481,1627032850552,,1,
group questions,/data/h4,1627032850587,1627032874910,,,
question,/data/h4/h4_2,1627032850587,1627032874910,,1,
question,/data/h4/h4_3,1627032850588,1627032874910,,1,
question,/data/h4/h4_4,1627032850588,1627032874910,,5,
group questions,/data/j4,1627032874940,1627032937109,,,
question,/data/j4/j4_2,1627032874940,1627032937109,,0,
question,/data/j4/j4_1,1627032874940,1627032937109,,1,
question,/data/j4/h4_6,1627032874940,1627032937109,,96,
group questions,/data/l3,1627032937140,1627033023988,,,
question,/data/l3/l3_1,1627032937140,1627033023988,,5,
question,/data/l3/l3_2,1627032937140,1627033023988,,5,
question,/data/l3/l3_3,1627032937140,1627033023988,,5,
question,/data/l3/l3_4,1627032937140,1627033023988,,5,
question,/data/l3/l3_5,1627032937140,1627033023988,,5,
question,/data/l3/l3_6,1627032937140,1627033023988,,4,
question,/data/l3/l3_7,1627032937140,1627033023988,,5,
group questions,/data/b2,1627033024032,1627033031664,,,
group questions,/data/l3,1627033031692,1627033052304,,,
group questions,/data/b2,1627033052345,1627033154986,,,
question,/data/b2/b1_7,1627033052345,1627033154986,,1,
question,/data/b2/b2_10,1627033052345,1627033154986,,1,
question,/data/b2/b2_9a,1627033052345,1627033154986,,0,
question,/data/b2/b2_8,1627033052345,1627033154986,,3,
end screen,,1627033155017,1627033197311,,,
form save,,1627033197476,,,,
form exit,,1627033197476,,,,
form resume,,1627045250587,,,,
jump,,1627045250588,1627045253136,,,
group questions,/data/front_page,1627045253156,1627045254229,,,
group questions,/data/b1,1627045254243,1627045257603,,,
group questions,/data/a1,1627045257629,1627045259381,,,
group questions,/data/e4,1627045259403,1627045262610,,,
group questions,/data/g5,1627045262633,1627045270260,,,
group questions,/data/h4,1627045270292,1627045278693,,,
group questions,/data/j4,1627045278730,1627045293196,,,
group questions,/data/l3,1627045293221,1627045299245,,,
group questions,/data/b2,1627045299284,1627045312691,,,
end screen,,1627045312731,1627045314998,,,
form save,,1627045315248,,,,
form exit,,1627045315248,,,,
form finalize,,1627045315248,,,,
