event,node,start,end,old-value,new-value,change-reason
form start,,1627633232173,,,,
group questions,/data/front_page,1627633232174,1627633243443,,,
group questions,/data/b1,1627633243456,1627633349492,,,
group questions,/data/a1,1627633349515,1627633603238,,,
question,/data/a1/a1_a_4a,1627633349516,1627633603238,,T-F0029-P0039,
group questions,/data/e4,1627633603262,1627633607194,,,
question,/data/e4/e4_1,1627633603262,1627633607194,,0,
group questions,/data/g5,1627633607212,1627633621405,,,
question,/data/g5/g5_1,1627633607213,1627633621405,,1,
question,/data/g5/i4_1,1627633607213,1627633621405,,0,
question,/data/g5/h4_1,1627633607213,1627633621405,,1,
group questions,/data/h4,1627633621437,1627633660683,,,
question,/data/h4/h4_2,1627633621437,1627633660683,,2,
question,/data/h4/h4_3,1627633621437,1627633660683,,1,
form save,,1627633660850,,,,
form exit,,1627633660851,,,,
form resume,,1627633671467,,,,
jump,,1627633671467,1627633674710,,,
group questions,/data/front_page,1627633674732,1627633677039,,,
group questions,/data/b1,1627633677055,1627633687000,,,
group questions,/data/a1,1627633687027,1627633696781,,,
group questions,/data/e4,1627633696806,1627633701395,,,
group questions,/data/g5,1627633701417,1627633703829,,,
group questions,/data/h4,1627633703860,1627633708334,,,
form save,,1627633708493,,,,
form exit,,1627633708493,,,,
form resume,,1627634300583,,,,
jump,,1627634300584,1627634302408,,,
group questions,/data/front_page,1627634302426,1627634366499,,,
group questions,/data/b1,1627634366514,1627634367971,,,
group questions,/data/a1,1627634367997,1627634369525,,,
group questions,/data/e4,1627634369547,1627634372064,,,
group questions,/data/g5,1627634372082,1627634378124,,,
group questions,/data/h4,1627634378153,1627634468052,,,
question,/data/h4/h4_4,1627634378154,1627634468052,,5,
group questions,/data/j4,1627634468080,1627634651459,,,
question,/data/j4/j4_2,1627634468080,1627634651459,,1,
question,/data/j4/j4_1,1627634468080,1627634651459,,1,
question,/data/j4/h4_6,1627634468080,1627634651459,,1,
group questions,/data/l3,1627634651491,1627634859748,,,
question,/data/l3/l3_1,1627634651491,1627634859748,,5,
question,/data/l3/l3_2,1627634651491,1627634859748,,5,
question,/data/l3/l3_3,1627634651491,1627634859748,,4,
question,/data/l3/l3_4,1627634651491,1627634859748,,5,
question,/data/l3/l3_5,1627634651492,1627634859748,,5,
question,/data/l3/l3_6,1627634651492,1627634859748,,2,
question,/data/l3/l3_7,1627634651492,1627634859748,,4,
group questions,/data/b2,1627634859792,1627634982154,,,
question,/data/b2/b1_7,1627634859792,1627634982154,,2,
question,/data/b2/b2_10,1627634859792,1627634982154,,1,
question,/data/b2/b2_9a,1627634859792,1627634982154,,1,
question,/data/b2/b2_8,1627634859792,1627634982154,,1,
end screen,,1627634982200,1627634997378,,,
change reason,,1627635293299,,,,the care giver went shop to buy some needs but came back later
form save,,1627635293551,,,,
form exit,,1627635293551,,,,
form finalize,,1627635293552,,,,
