event,node,start,end,old-value,new-value,change-reason
form start,,1627368133605,,,,
group questions,/data/front_page,1627368133606,1627368134882,,,
group questions,/data/b1,1627368134895,1627368137056,,,
group questions,/data/a1,1627368137087,1627368147687,,,
question,/data/a1/a1_a_4,1627368137087,1627368147687,,T-F0022-P0023,
group questions,/data/e4,1627368147711,1627368155127,,,
question,/data/e4/e4_1,1627368147712,1627368155127,,0,
group questions,/data/g5,1627368155148,1627368190782,,,
question,/data/g5/g5_1,1627368155148,1627368190782,,1,
question,/data/g5/i4_1,1627368155148,1627368190782,,0,
question,/data/g5/h4_1,1627368155148,1627368190782,,1,
group questions,/data/h4,1627368190815,1627368225589,,,
question,/data/h4/h4_2,1627368190815,1627368225589,,1,
question,/data/h4/h4_3,1627368190815,1627368225589,,1,
question,/data/h4/h4_4,1627368190815,1627368225589,,4,
group questions,/data/j4,1627368225620,1627368315009,,,
question,/data/j4/j4_2,1627368225620,1627368315009,,0,
question,/data/j4/j4_1,1627368225620,1627368315009,,1,
question,/data/j4/h4_6,1627368225620,1627368315009,,3,
group questions,/data/l3,1627368315043,1627368423617,,,
question,/data/l3/l3_1,1627368315043,1627368423617,,4,
question,/data/l3/l3_2,1627368315043,1627368423617,,5,
question,/data/l3/l3_3,1627368315043,1627368423617,,5,
question,/data/l3/l3_4,1627368315043,1627368423617,,4,
question,/data/l3/l3_5,1627368315043,1627368423617,,5,
question,/data/l3/l3_6,1627368315043,1627368423617,,1,
question,/data/l3/l3_7,1627368315043,1627368423617,,4,
group questions,/data/b2,1627368423666,1627368479219,,,
question,/data/b2/b1_7,1627368423666,1627368479219,,1,
question,/data/b2/b2_10,1627368423666,1627368479219,,1,
question,/data/b2/b2_9a,1627368423666,1627368479219,,0,
question,/data/b2/b2_8,1627368423666,1627368479219,,3,
end screen,,1627368479256,1627368519938,,,
form save,,1627368520102,,,,
form exit,,1627368520102,,,,
form resume,,1627377988325,,,,
jump,,1627377988325,1627377989427,,,
group questions,/data/front_page,1627377989448,1627377990792,,,
group questions,/data/b1,1627377990809,1627377992726,,,
group questions,/data/a1,1627377992754,1627377994102,,,
group questions,/data/e4,1627377994121,1627377996193,,,
group questions,/data/g5,1627377996213,1627378003434,,,
group questions,/data/h4,1627378003468,1627378009227,,,
group questions,/data/j4,1627378009258,1627378012793,,,
group questions,/data/l3,1627378012825,1627378016513,,,
group questions,/data/b2,1627378016561,1627378023271,,,
end screen,,1627378023308,1627378027493,,,
form save,,1627378027738,,,,
form exit,,1627378027738,,,,
form finalize,,1627378027738,,,,
form resume,,1627378740010,,,,
jump,,1627378740011,1627378748326,,,
group questions,/data/front_page,1627378748345,1627378756773,,,
group questions,/data/b1,1627378756790,1627378758482,,,
group questions,/data/a1,1627378758508,1627378761780,,,
group questions,/data/e4,1627378761798,1627378762971,,,
group questions,/data/g5,1627378762991,1627378764167,,,
group questions,/data/h4,1627378764198,1627378765357,,,
group questions,/data/j4,1627378765385,1627378767556,,,
group questions,/data/l3,1627378767583,1627378768974,,,
group questions,/data/b2,1627378769019,1627378769968,,,
end screen,,1627378770005,1627378772454,,,
form save,,1627378772699,,,,
form exit,,1627378772699,,,,
form finalize,,1627378772699,,,,
