event,node,start,end,old-value,new-value,change-reason
form start,,1629791573030,,,,
group questions,/data/front_page,1629791573032,1629791574017,,,
group questions,/data/b1,1629791574030,1629791576150,,,
group questions,/data/a1,1629791576175,1629791586940,,,
question,/data/a1/a1_a_4,1629791576175,1629791586940,,T-F0038-P0073,
group questions,/data/e4,1629791586963,1629791589191,,,
question,/data/e4/e4_1,1629791586963,1629791589191,,0,
group questions,/data/g5,1629791589210,1629791600443,,,
question,/data/g5/g5_1,1629791589210,1629791600443,,1,
question,/data/g5/i4_1,1629791589210,1629791600443,,0,
question,/data/g5/h4_1,1629791589210,1629791600443,,1,
group questions,/data/h4,1629791600473,1629791625570,,,
question,/data/h4/h4_2,1629791600473,1629791625570,,1,
question,/data/h4/h4_3,1629791600473,1629791625570,,1,
question,/data/h4/h4_4,1629791600473,1629791625570,,5,
group questions,/data/j4,1629791625598,1629791657145,,,
question,/data/j4/j4_2,1629791625598,1629791657145,,0,
question,/data/j4/j4_1,1629791625598,1629791657145,,1,
question,/data/j4/h4_6,1629791625598,1629791657145,,96,
group questions,/data/l3,1629791657171,1629791660527,,,
group questions,/data/j4,1629791660568,1629791662067,,,
group questions,/data/l3,1629791662094,1629791720350,,,
question,/data/l3/l3_1,1629791662095,1629791720350,,5,
question,/data/l3/l3_2,1629791662095,1629791720350,,5,
question,/data/l3/l3_3,1629791662095,1629791720350,,5,
question,/data/l3/l3_4,1629791662095,1629791720350,,5,
question,/data/l3/l3_5,1629791662095,1629791720350,,5,
question,/data/l3/l3_6,1629791662095,1629791720350,,4,
question,/data/l3/l3_7,1629791662095,1629791720350,,5,
group questions,/data/b2,1629791720394,1629791759463,,,
question,/data/b2/b1_7,1629791720394,1629791759463,,1,
question,/data/b2/b2_10,1629791720394,1629791759463,,1,
question,/data/b2/b2_9a,1629791720394,1629791759463,,0,
question,/data/b2/b2_8,1629791720394,1629791759463,,3,
end screen,,1629791759500,1629791761105,,,
group questions,/data/b2,1629791761106,1629791766164,,,
group questions,/data/l3,1629791766202,1629791783908,,,
question,/data/l3/l3_6,1629791766202,1629791783908,4,3,
group questions,/data/j4,1629791783954,1629791785963,,,
group questions,/data/l3,1629791785992,1629791787673,,,
group questions,/data/b2,1629791787722,1629791789069,,,
end screen,,1629791789104,1629791792613,,,
form save,,1629791792790,,,,
form exit,,1629791792790,,,,
form resume,,1629792681036,,,,
jump,,1629792681036,1629792682545,,,
group questions,/data/front_page,1629792682566,1629792686211,,,
group questions,/data/b1,1629792686227,1629792687292,,,
group questions,/data/a1,1629792687319,1629792688110,,,
group questions,/data/e4,1629792688129,1629792689519,,,
group questions,/data/g5,1629792689539,1629792690431,,,
group questions,/data/h4,1629792690464,1629792691261,,,
group questions,/data/j4,1629792691289,1629792692395,,,
group questions,/data/l3,1629792692424,1629792693489,,,
group questions,/data/b2,1629792693535,1629792694506,,,
end screen,,1629792694541,1629792696104,,,
form save,,1629792696353,,,,
form exit,,1629792696353,,,,
form finalize,,1629792696353,,,,
