event,node,start,end,old-value,new-value,change-reason
form start,,1630405758525,,,,
group questions,/data/front_page,1630405758526,1630405759744,,,
group questions,/data/b1,1630405759758,1630405768155,,,
question,/data/b1/b1_4,1630405759758,1630405768155,,Sengerema,
group questions,/data/a1,1630405768186,1630405797894,,,
question,/data/a1/a1_a_4a,1630405768186,1630405797894,,T-F0093-P0078,
group questions,/data/g5,1630405797920,1630405823507,,,
question,/data/g5/g5_1,1630405797920,1630405823507,,1,
question,/data/g5/i4_1,1630405797920,1630405823507,,0,
question,/data/g5/h4_1,1630405797920,1630405823507,,1,
group questions,/data/h4,1630405823542,1630405850980,,,
question,/data/h4/h4_3,1630405823542,1630405850980,,3,
question,/data/h4/h4_4,1630405823542,1630405850980,,3,
group questions,/data/j4,1630405851003,1630405870066,,,
question,/data/j4/j4_2,1630405851003,1630405870066,,0,
question,/data/j4/j4_1,1630405851003,1630405870066,,1,
question,/data/j4/h4_6,1630405851003,1630405870066,,96,
group questions,/data/e4,1630405870093,1630405873194,,,
question,/data/e4/e4_1,1630405870094,1630405873194,,0,
group questions,/data/k2,1630405873214,1630405876296,,,
question,/data/k2/k2_1,1630405873214,1630405876296,,0,
group questions,/data/l3,1630405876316,1630405897766,,,
question,/data/l3/l3_1,1630405876316,1630405897766,,5,
question,/data/l3/l3_2,1630405876316,1630405897766,,5,
question,/data/l3/l3_3,1630405876316,1630405897766,,5,
question,/data/l3/l3_4,1630405876316,1630405897766,,5,
question,/data/l3/l3_5,1630405876316,1630405897766,,5,
question,/data/l3/l3_6,1630405876316,1630405897766,,3,
question,/data/l3/l3_7,1630405876316,1630405897766,,4,
group questions,/data/b2,1630405897810,1630405941935,,,
question,/data/b2/b1_7,1630405897811,1630405941935,,1,
question,/data/b2/b2_10,1630405897811,1630405941935,,1,
question,/data/b2/b2_9a,1630405897811,1630405941935,,0,
question,/data/b2/b2_8,1630405897811,1630405941935,,1,
end screen,,1630405941971,1630405943759,,,
group questions,/data/b2,1630405943759,1630405944287,,,
group questions,/data/l3,1630405944325,1630405951943,,,
group questions,/data/b2,1630405951989,1630405962273,,,
end screen,,1630405962309,1630405964533,,,
form save,,1630405964810,,,,
form exit,,1630405964810,,,,
form finalize,,1630405964810,,,,
