event,node,start,end,old-value,new-value,change-reason
form start,,1630048680365,,,,
group questions,/data/front_page,1630048680366,1630048681548,,,
group questions,/data/b1,1630048681564,1630048682972,,,
group questions,/data/a1,1630048682999,1630048711117,,,
question,/data/a1/a1_a_4a,1630048682999,1630048711117,,T-F0039-P0067,
group questions,/data/e4,1630048711142,1630048838201,,,
question,/data/e4/e4_1,1630048711142,1630048838201,,0,
group questions,/data/g5,1630048838221,1630048852653,,,
question,/data/g5/g5_1,1630048838222,1630048852653,,1,
question,/data/g5/i4_1,1630048838222,1630048852653,,0,
question,/data/g5/h4_1,1630048838222,1630048852653,,1,
group questions,/data/h4,1630048852686,1630048868832,,,
question,/data/h4/h4_2,1630048852686,1630048868832,,2,
question,/data/h4/h4_3,1630048852686,1630048868832,,2,
question,/data/h4/h4_4,1630048852686,1630048868832,,5,
group questions,/data/j4,1630048868861,1630048870335,,,
group questions,/data/h4,1630048870363,1630048873749,,,
question,/data/h4/h4_4,1630048870364,1630048873749,5,3,
group questions,/data/j4,1630048873778,1630048892294,,,
question,/data/j4/j4_2,1630048873778,1630048892294,,0,
question,/data/j4/j4_1,1630048873778,1630048892294,,1,
question,/data/j4/h4_6,1630048873778,1630048892294,,96,
group questions,/data/l3,1630048892322,1630048936892,,,
question,/data/l3/l3_1,1630048892322,1630048936892,,5,
question,/data/l3/l3_2,1630048892322,1630048936892,,5,
question,/data/l3/l3_3,1630048892322,1630048936892,,5,
question,/data/l3/l3_4,1630048892322,1630048936892,,5,
question,/data/l3/l3_5,1630048892322,1630048936892,,5,
question,/data/l3/l3_6,1630048892322,1630048936892,,1,
question,/data/l3/l3_7,1630048892322,1630048936892,,5,
group questions,/data/b2,1630048936929,1630048973320,,,
question,/data/b2/b1_7,1630048936929,1630048973320,,1,
question,/data/b2/b2_10,1630048936929,1630048973320,,0,
question,/data/b2/b2_9a,1630048936929,1630048973320,,1,
question,/data/b2/b2_8,1630048936929,1630048973320,,1,
end screen,,1630048973356,1630048975829,,,
form save,,1630048975988,,,,
form exit,,1630048975988,,,,
form resume,,1630050686719,,,,
jump,,1630050686719,1630050695394,,,
group questions,/data/front_page,1630050695418,1630050696568,,,
group questions,/data/b1,1630050696580,1630050712871,,,
group questions,/data/a1,1630050712896,1630050716429,,,
group questions,/data/e4,1630050716452,1630050783673,,,
group questions,/data/g5,1630050783693,1630050787992,,,
group questions,/data/h4,1630050788023,1630050847289,,,
question,/data/h4/h4_4,1630050788023,1630050847289,3,4,
group questions,/data/j4,1630050847317,1630050852481,,,
group questions,/data/l3,1630050852509,1630050858385,,,
group questions,/data/b2,1630050858428,1630050906978,,,
end screen,,1630050907016,1630050908025,,,
change reason,,1630050912636,,,,Cross checking 
form save,,1630050912893,,,,
form exit,,1630050912893,,,,
form finalize,,1630050912893,,,,
