event,node,start,end,old-value,new-value,change-reason
form start,,1629794151446,,,,
group questions,/data/front_page,1629794151447,1629794155576,,,
group questions,/data/b1,1629794155591,1629794157013,,,
group questions,/data/a1,1629794157041,1629794194933,,,
question,/data/a1/a1_a_4a,1629794157041,1629794194933,,T-F0039-P0058,
group questions,/data/e4,1629794194958,1629794309536,,,
question,/data/e4/e4_1,1629794194958,1629794309536,,0,
group questions,/data/g5,1629794309557,1629794321452,,,
question,/data/g5/g5_1,1629794309557,1629794321452,,1,
question,/data/g5/i4_1,1629794309557,1629794321452,,0,
question,/data/g5/h4_1,1629794309557,1629794321452,,1,
group questions,/data/h4,1629794321480,1629794347605,,,
question,/data/h4/h4_2,1629794321481,1629794347605,,1,
question,/data/h4/h4_3,1629794321481,1629794347605,,1,
question,/data/h4/h4_4,1629794321481,1629794347605,,5,
group questions,/data/j4,1629794347630,1629794376174,,,
question,/data/j4/j4_2,1629794347630,1629794376174,,0,
question,/data/j4/j4_1,1629794347630,1629794376174,,1,
question,/data/j4/h4_6,1629794347630,1629794376174,,96,
group questions,/data/l3,1629794376200,1629794489735,,,
question,/data/l3/l3_1,1629794376200,1629794489735,,4,
question,/data/l3/l3_2,1629794376200,1629794489735,,3,
question,/data/l3/l3_3,1629794376200,1629794489735,,3,
question,/data/l3/l3_4,1629794376200,1629794489735,,4,
question,/data/l3/l3_5,1629794376200,1629794489735,,5,
question,/data/l3/l3_6,1629794376200,1629794489735,,3,
question,/data/l3/l3_7,1629794376200,1629794489735,,5,
group questions,/data/b2,1629794489776,1629794516243,,,
question,/data/b2/b1_7,1629794489777,1629794516243,,1,
question,/data/b2/b2_10,1629794489777,1629794516243,,0,
question,/data/b2/b2_9a,1629794489777,1629794516243,,0,
question,/data/b2/b2_8,1629794489777,1629794516243,,3,
end screen,,1629794516277,1629794521194,,,
form save,,1629794521363,,,,
form exit,,1629794521363,,,,
form resume,,1629805889829,,,,
jump,,1629805889830,1629805891744,,,
group questions,/data/front_page,1629805891762,1629805892773,,,
group questions,/data/b1,1629805892788,1629805895581,,,
group questions,/data/a1,1629805895608,1629805900973,,,
group questions,/data/b1,1629805900997,1629805902631,,,
group questions,/data/a1,1629805902659,1629805905837,,,
group questions,/data/e4,1629805905863,1629805907366,,,
group questions,/data/g5,1629805907384,1629805908700,,,
group questions,/data/h4,1629805908731,1629805912232,,,
group questions,/data/j4,1629805912262,1629805925279,,,
group questions,/data/l3,1629805925306,1629805942433,,,
question,/data/l3/l3_7,1629805925307,1629805942433,5,4,
group questions,/data/b2,1629805942484,1629805948925,,,
end screen,,1629805948958,1629805949871,,,
change reason,,1629805957507,,,,Cross checking 
form save,,1629805957794,,,,
form exit,,1629805957794,,,,
form finalize,,1629805957795,,,,
