event,node,start,end,old-value,new-value,change-reason
form start,,1628234450885,,,,
group questions,/data/front_page,1628234450886,1628234452072,,,
group questions,/data/b1,1628234452088,1628234454510,,,
group questions,/data/a1,1628234454541,1628234468552,,,
question,/data/a1/a1_a_4a,1628234454542,1628234468552,,T-F0029-P0040,
group questions,/data/e4,1628234468579,1628234534602,,,
question,/data/e4/e4_1,1628234468579,1628234534602,,1,
group questions,/data/g5,1628234534636,1628234555451,,,
question,/data/g5/g5_1,1628234534636,1628234555451,,1,
question,/data/g5/i4_1,1628234534636,1628234555451,,0,
question,/data/g5/h4_1,1628234534637,1628234555451,,1,
group questions,/data/h4,1628234555489,1628234836381,,,
question,/data/h4/h4_2,1628234555489,1628234836381,,1,
question,/data/h4/h4_3,1628234555489,1628234836381,,1,
question,/data/h4/h4_4,1628234555489,1628234836381,,5,
group questions,/data/j4,1628234836411,1628234895004,,,
question,/data/j4/j4_2,1628234836411,1628234895004,,0,
question,/data/j4/j4_1,1628234836411,1628234895004,,2,
question,/data/j4/h4_6,1628234836411,1628234895004,,96,
group questions,/data/l3,1628234895042,1628234974804,,,
question,/data/l3/l3_1,1628234895043,1628234974804,,5,
question,/data/l3/l3_2,1628234895043,1628234974804,,5,
question,/data/l3/l3_3,1628234895043,1628234974804,,4,
question,/data/l3/l3_4,1628234895043,1628234974804,,5,
question,/data/l3/l3_5,1628234895043,1628234974804,,5,
question,/data/l3/l3_6,1628234895043,1628234974804,,5,
question,/data/l3/l3_7,1628234895043,1628234974804,,5,
group questions,/data/b2,1628234974851,1628235023978,,,
question,/data/b2/b1_7,1628234974852,1628235023978,,1,
question,/data/b2/b2_10,1628234974852,1628235023978,,1,
question,/data/b2/b2_9a,1628234974852,1628235023978,,0,
question,/data/b2/b2_8,1628234974852,1628235023978,,3,
end screen,,1628235024020,1628235027499,,,
form save,,1628235027664,,,,
form exit,,1628235027664,,,,
form resume,,1628240484820,,,,
jump,,1628240484820,1628240486556,,,
group questions,/data/front_page,1628240486574,1628240489813,,,
group questions,/data/b1,1628240489831,1628240547781,,,
group questions,/data/a1,1628240547806,1628240549771,,,
group questions,/data/e4,1628240549795,1628240601752,,,
question,/data/e4/e4_2,1628240549795,1628240601752,1,"1, 3",
group questions,/data/g5,1628240601780,1628240710338,,,
group questions,/data/h4,1628240710369,1628240716465,,,
group questions,/data/j4,1628240716495,1628240747975,,,
group questions,/data/l3,1628240748008,1628240760448,,,
question,/data/l3/l3_6,1628240748008,1628240760448,5,3,
group questions,/data/b2,1628240760492,1628240775940,,,
end screen,,1628240775978,1628240778342,,,
change reason,,1628240800766,,,,there was interactions 
form save,,1628240801039,,,,
form exit,,1628240801039,,,,
form finalize,,1628240801039,,,,
