event,node,start,end,old-value,new-value,change-reason
form start,,1629449055228,,,,
group questions,/data/front_page,1629449055229,1629449057627,,,
group questions,/data/b1,1629449057642,1629449093035,,,
group questions,/data/a1,1629449093064,1629449136356,,,
question,/data/a1/a1_a_4a,1629449093064,1629449136356,,T-F0093-P0048,
group questions,/data/e4,1629449136381,1629449141181,,,
question,/data/e4/e4_1,1629449136381,1629449141181,,0,
group questions,/data/k2,1629449141201,1629449144263,,,
question,/data/k2/k2_1,1629449141201,1629449144263,,0,
group questions,/data/g5,1629449144283,1629449155648,,,
question,/data/g5/g5_1,1629449144283,1629449155648,,1,
question,/data/g5/i4_1,1629449144284,1629449155648,,0,
question,/data/g5/h4_1,1629449144284,1629449155648,,1,
group questions,/data/h4,1629449155681,1629449157310,,,
group questions,/data/g5,1629449157338,1629449158812,,,
group questions,/data/h4,1629449158843,1629449175747,,,
question,/data/h4/h4_2,1629449158843,1629449175747,,1,
question,/data/h4/h4_3,1629449158843,1629449175747,,1,
question,/data/h4/h4_4,1629449158843,1629449175747,,5,
group questions,/data/j4,1629449175776,1629449209793,,,
question,/data/j4/j4_2,1629449175776,1629449209793,,0,
question,/data/j4/j4_1,1629449175776,1629449209793,,1,
question,/data/j4/h4_6,1629449175776,1629449209793,,96,
group questions,/data/l3,1629449209823,1629449251961,,,
group questions,/data/j4,1629449252006,1629449255683,,,
group questions,/data/h4,1629449255712,1629449268115,,,
question,/data/h4/h4_2,1629449255712,1629449268115,1,2,
group questions,/data/g5,1629449268142,1629449269655,,,
group questions,/data/h4,1629449269687,1629449270947,,,
group questions,/data/g5,1629449270975,1629449279811,,,
group questions,/data/h4,1629449279843,1629449294386,,,
group questions,/data/j4,1629449294415,1629449303942,,,
group questions,/data/l3,1629449303970,1629449339164,,,
question,/data/l3/l3_1,1629449303970,1629449339164,,5,
question,/data/l3/l3_2,1629449303970,1629449339164,,5,
question,/data/l3/l3_3,1629449303970,1629449339164,,5,
question,/data/l3/l3_4,1629449303970,1629449339164,,5,
question,/data/l3/l3_5,1629449303970,1629449339164,,5,
question,/data/l3/l3_6,1629449303970,1629449339164,,2,
question,/data/l3/l3_7,1629449303970,1629449339164,,5,
group questions,/data/b2,1629449339213,1629449391750,,,
question,/data/b2/b1_7,1629449339213,1629449391750,,1,
question,/data/b2/b2_10,1629449339213,1629449391750,,0,
question,/data/b2/b2_9a,1629449339213,1629449391750,,0,
question,/data/b2/b2_8,1629449339213,1629449391750,,2,
end screen,,1629449391783,1629449396917,,,
form save,,1629449397240,,,,
form exit,,1629449397241,,,,
form finalize,,1629449397241,,,,
