event,node,start,end,old-value,new-value,change-reason
form start,,1628067570578,,,,
group questions,/data/front_page,1628067570580,1628067571553,,,
group questions,/data/b1,1628067571568,1628067573053,,,
group questions,/data/a1,1628067573080,1628067601359,,,
question,/data/a1/a1_a_4a,1628067573080,1628067601359,,T-F0101-P0066,
group questions,/data/e4,1628067601386,1628067616278,,,
question,/data/e4/e4_1,1628067601386,1628067616278,,1,
group questions,/data/k2,1628067616306,1628067635630,,,
question,/data/k2/k2_1,1628067616307,1628067635630,,1,
group questions,/data/g5,1628067635659,1628067644513,,,
question,/data/g5/g5_1,1628067635659,1628067644513,,1,
question,/data/g5/i4_1,1628067635659,1628067644513,,0,
question,/data/g5/h4_1,1628067635659,1628067644513,,1,
group questions,/data/h4,1628067644547,1628067657411,,,
question,/data/h4/h4_2,1628067644547,1628067657411,,2,
question,/data/h4/h4_3,1628067644547,1628067657411,,2,
question,/data/h4/h4_4,1628067644547,1628067657411,,5,
group questions,/data/j4,1628067657444,1628067676993,,,
question,/data/j4/j4_2,1628067657444,1628067676993,,0,
question,/data/j4/j4_1,1628067657444,1628067676993,,1,
question,/data/j4/h4_6,1628067657444,1628067676993,,3,
group questions,/data/l3,1628067677020,1628067705406,,,
question,/data/l3/l3_1,1628067677020,1628067705406,,5,
question,/data/l3/l3_2,1628067677020,1628067705406,,5,
question,/data/l3/l3_3,1628067677020,1628067705406,,5,
question,/data/l3/l3_4,1628067677021,1628067705406,,5,
question,/data/l3/l3_5,1628067677021,1628067705406,,5,
question,/data/l3/l3_6,1628067677021,1628067705406,,1,
question,/data/l3/l3_7,1628067677021,1628067705406,,5,
group questions,/data/b2,1628067705444,1628067732839,,,
question,/data/b2/b1_7,1628067705444,1628067732839,,1,
question,/data/b2/b2_10,1628067705444,1628067732839,,0,
question,/data/b2/b2_9a,1628067705444,1628067732839,,0,
question,/data/b2/b2_8,1628067705444,1628067732839,,1,
end screen,,1628067732873,1628067754467,,,
form save,,1628067754664,,,,
form exit,,1628067754664,,,,
form resume,,1628071490160,,,,
jump,,1628071490160,1628071493136,,,
group questions,/data/front_page,1628071493171,1628071494837,,,
group questions,/data/b1,1628071494854,1628071502352,,,
group questions,/data/a1,1628071502380,1628071506745,,,
group questions,/data/e4,1628071506774,1628071518830,,,
group questions,/data/k2,1628071518858,1628071530977,,,
group questions,/data/g5,1628071531004,1628071535289,,,
group questions,/data/h4,1628071535317,1628071543557,,,
group questions,/data/j4,1628071543586,1628071558512,,,
group questions,/data/l3,1628071558539,1628071570611,,,
group questions,/data/b2,1628071570655,1628071574671,,,
group questions,/data/l3,1628071574702,1628071587000,,,
group questions,/data/b2,1628071587042,1628071595112,,,
group questions,/data/l3,1628071595142,1628071602723,,,
group questions,/data/b2,1628071602766,1628071606785,,,
group questions,/data/l3,1628071606816,1628071612961,,,
group questions,/data/b2,1628071613003,1628071638949,,,
end screen,,1628071638980,1628071640416,,,
form save,,1628071640688,,,,
form exit,,1628071640688,,,,
form finalize,,1628071640688,,,,
