event,node,start,end,old-value,new-value,change-reason
form start,,1630394620697,,,,
group questions,/data/front_page,1630394620699,1630394623419,,,
group questions,/data/b1,1630394623436,1630394637595,,,
question,/data/b1/b1_4,1630394623437,1630394637595,,Kaliua,
group questions,/data/a1,1630394637625,1630394673140,,,
question,/data/a1/a1_a_4a,1630394637625,1630394673140,,T-F0014-P0193,
group questions,/data/g5,1630394673164,1630394682611,,,
question,/data/g5/g5_1,1630394673164,1630394682611,,1,
question,/data/g5/i4_1,1630394673164,1630394682611,,0,
question,/data/g5/h4_1,1630394673164,1630394682611,,1,
group questions,/data/h4,1630394682644,1630394693988,,,
question,/data/h4/h4_2,1630394682644,1630394693988,,1,
question,/data/h4/h4_3,1630394682644,1630394693988,,1,
question,/data/h4/h4_4,1630394682644,1630394693988,,5,
group questions,/data/j4,1630394694018,1630394701073,,,
question,/data/j4/j4_2,1630394694019,1630394701073,,0,
question,/data/j4/j4_1,1630394694019,1630394701073,,1,
question,/data/j4/h4_6,1630394694019,1630394701073,,96,
group questions,/data/l3,1630394701105,1630394719363,,,
question,/data/l3/l3_1,1630394701105,1630394719363,,5,
question,/data/l3/l3_2,1630394701105,1630394719363,,5,
question,/data/l3/l3_3,1630394701105,1630394719363,,4,
question,/data/l3/l3_4,1630394701105,1630394719363,,5,
question,/data/l3/l3_5,1630394701105,1630394719363,,5,
question,/data/l3/l3_6,1630394701105,1630394719363,,3,
question,/data/l3/l3_7,1630394701105,1630394719363,,5,
group questions,/data/b2,1630394719410,1630394740120,,,
question,/data/b2/b1_7,1630394719410,1630394740120,,1,
question,/data/b2/b2_10,1630394719410,1630394740120,,0,
question,/data/b2/b2_9a,1630394719410,1630394740120,,0,
question,/data/b2/b2_8,1630394719410,1630394740120,,3,
end screen,,1630394740153,1630394745176,,,
form save,,1630394745293,,,,
form exit,,1630394745293,,,,
form resume,,1630401470866,,,,
jump,,1630401470866,1630401473286,,,
group questions,/data/front_page,1630401473307,1630401475358,,,
group questions,/data/b1,1630401475372,1630401477034,,,
group questions,/data/a1,1630401477057,1630401479651,,,
group questions,/data/g5,1630401479673,1630401481752,,,
group questions,/data/h4,1630401481783,1630401483441,,,
group questions,/data/j4,1630401483470,1630401484617,,,
group questions,/data/l3,1630401484642,1630401485937,,,
group questions,/data/b2,1630401485978,1630401488683,,,
form exit,,1630401488683,,,,
form resume,,1630425370554,,,,
jump,,1630425370554,1630425379647,,,
end screen,,1630425379671,1630425382260,,,
form save,,1630425382437,,,,
form exit,,1630425382437,,,,
form finalize,,1630425382437,,,,
