event,node,start,end,old-value,new-value,change-reason
form start,,1629447448142,,,,
group questions,/data/front_page,1629447448150,1629447449647,,,
group questions,/data/b1,1629447449663,1629447452004,,,
group questions,/data/a1,1629447452030,1629447486355,,,
question,/data/a1/a1_a_4,1629447452030,1629447486355,,T-F0092-P0015,
group questions,/data/e4,1629447486380,1629447489545,,,
question,/data/e4/e4_1,1629447486380,1629447489545,,0,
group questions,/data/k2,1629447489565,1629447492841,,,
question,/data/k2/k2_1,1629447489565,1629447492841,,0,
group questions,/data/g5,1629447492861,1629447931099,,,
question,/data/g5/g5_1,1629447492861,1629447931099,,1,
question,/data/g5/i4_1,1629447492861,1629447931099,,0,
question,/data/g5/h4_1,1629447492861,1629447931099,,1,
group questions,/data/h4,1629447931127,1629447943877,,,
question,/data/h4/h4_2,1629447931127,1629447943877,,1,
question,/data/h4/h4_3,1629447931127,1629447943877,,1,
question,/data/h4/h4_4,1629447931128,1629447943877,,5,
group questions,/data/j4,1629447943902,1629448000173,,,
question,/data/j4/j4_2,1629447943903,1629448000173,,1,
question,/data/j4/j4_1,1629447943903,1629448000173,,1,
question,/data/j4/h4_6,1629447943903,1629448000173,,1,
group questions,/data/l3,1629448000204,1629448032002,,,
question,/data/l3/l3_1,1629448000204,1629448032002,,5,
question,/data/l3/l3_2,1629448000204,1629448032002,,5,
question,/data/l3/l3_3,1629448000204,1629448032002,,5,
question,/data/l3/l3_4,1629448000204,1629448032002,,5,
question,/data/l3/l3_5,1629448000204,1629448032002,,5,
question,/data/l3/l3_6,1629448000204,1629448032002,,1,
question,/data/l3/l3_7,1629448000204,1629448032002,,4,
group questions,/data/b2,1629448032044,1629448045785,,,
question,/data/b2/b1_7,1629448032044,1629448045785,,1,
question,/data/b2/b2_10,1629448032044,1629448045785,,0,
question,/data/b2/b2_9a,1629448032044,1629448045785,,0,
question,/data/b2/b2_8,1629448032044,1629448045785,,3,
end screen,,1629448045813,1629448066356,,,
form save,,1629448066507,,,,
form exit,,1629448066508,,,,
form resume,,1629448195864,,,,
jump,,1629448195864,1629448197240,,,
end screen,,1629448197257,1629448198516,,,
form save,,1629448198747,,,,
form exit,,1629448198747,,,,
form finalize,,1629448198747,,,,
form resume,,1629458212117,,,,
jump,,1629458212117,1629458213989,,,
group questions,/data/front_page,1629458214006,1629458215090,,,
group questions,/data/b1,1629458215103,1629458215815,,,
group questions,/data/a1,1629458215839,1629458216455,,,
group questions,/data/e4,1629458216472,1629458217091,,,
group questions,/data/k2,1629458217110,1629458217807,,,
group questions,/data/g5,1629458217825,1629458218483,,,
group questions,/data/h4,1629458218515,1629458219277,,,
group questions,/data/j4,1629458219304,1629458220429,,,
group questions,/data/l3,1629458220460,1629458221436,,,
group questions,/data/b2,1629458221478,1629458222456,,,
end screen,,1629458222486,1629458224992,,,
form save,,1629458225228,,,,
form exit,,1629458225229,,,,
form finalize,,1629458225229,,,,
