event,node,start,end,old-value,new-value,change-reason
form start,,1627466932165,,,,
group questions,/data/front_page,1627466932167,1627466936119,,,
group questions,/data/b1,1627466936135,1627466937884,,,
group questions,/data/a1,1627466937912,1627466956311,,,
question,/data/a1/a1_a_4a,1627466937912,1627466956311,,T-F0101-P0061,
group questions,/data/e4,1627466956334,1627466990274,,,
question,/data/e4/e4_1,1627466956335,1627466990274,,1,
group questions,/data/k2,1627466990303,1627467019241,,,
question,/data/k2/k2_1,1627466990304,1627467019241,,1,
group questions,/data/g5,1627467019271,1627467027955,,,
question,/data/g5/g5_1,1627467019271,1627467027955,,1,
question,/data/g5/i4_1,1627467019271,1627467027955,,0,
question,/data/g5/h4_1,1627467019271,1627467027955,,1,
group questions,/data/h4,1627467027990,1627467042938,,,
question,/data/h4/h4_2,1627467027990,1627467042938,,2,
question,/data/h4/h4_3,1627467027990,1627467042938,,2,
question,/data/h4/h4_4,1627467027990,1627467042938,,4,
group questions,/data/j4,1627467042967,1627467081447,,,
question,/data/j4/j4_2,1627467042967,1627467081447,,1,
question,/data/j4/j4_1,1627467042967,1627467081447,,1,
question,/data/j4/h4_6,1627467042967,1627467081447,,96,
group questions,/data/l3,1627467081482,1627467124940,,,
question,/data/l3/l3_1,1627467081482,1627467124940,,5,
question,/data/l3/l3_2,1627467081482,1627467124940,,5,
question,/data/l3/l3_3,1627467081482,1627467124940,,5,
question,/data/l3/l3_4,1627467081482,1627467124940,,5,
question,/data/l3/l3_5,1627467081482,1627467124940,,5,
question,/data/l3/l3_6,1627467081482,1627467124940,,2,
question,/data/l3/l3_7,1627467081482,1627467124940,,5,
group questions,/data/b2,1627467124988,1627467150578,,,
question,/data/b2/b1_7,1627467124989,1627467150578,,1,
question,/data/b2/b2_10,1627467124989,1627467150578,,1,
question,/data/b2/b2_9a,1627467124989,1627467150578,,0,
question,/data/b2/b2_8,1627467124989,1627467150578,,1,
end screen,,1627467150615,1627467154450,,,
form save,,1627467154619,,,,
form exit,,1627467154619,,,,
form resume,,1627472140097,,,,
jump,,1627472140097,1627472142783,,,
group questions,/data/front_page,1627472142806,1627472149407,,,
group questions,/data/b1,1627472149421,1627472153477,,,
group questions,/data/a1,1627472153501,1627472155363,,,
group questions,/data/e4,1627472155384,1627472331832,,,
group questions,/data/k2,1627472331861,1627472359334,,,
question,/data/k2/k2_1,1627472331862,1627472359334,1,98,
group questions,/data/g5,1627472359359,1627472366331,,,
group questions,/data/h4,1627472366361,1627472398788,,,
question,/data/h4/h4_3,1627472366361,1627472398788,2,1,
group questions,/data/j4,1627472398815,1627472401479,,,
group questions,/data/h4,1627472401512,1627472418492,,,
group questions,/data/j4,1627472418519,1627472420340,,,
group questions,/data/h4,1627472420369,1627472425243,,,
group questions,/data/j4,1627472425270,1627472426957,,,
group questions,/data/h4,1627472426988,1627472429659,,,
group questions,/data/j4,1627472429689,1627472455633,,,
group questions,/data/l3,1627472455665,1627472465643,,,
group questions,/data/b2,1627472465691,1627472480436,,,
end screen,,1627472480472,1627472482715,,,
group questions,/data/b2,1627472482716,1627472501025,,,
end screen,,1627472501059,1627472536944,,,
change reason,,1627472570895,,,,Cross checking
form save,,1627472571163,,,,
form exit,,1627472571163,,,,
form finalize,,1627472571164,,,,
