event,node,start,end,old-value,new-value,change-reason
form start,,1630401299319,,,,
group questions,/data/front_page,1630401299320,1630401300690,,,
group questions,/data/b1,1630401300703,1630401303323,,,
group questions,/data/a1,1630401303350,1630401331727,,,
question,/data/a1/a1_a_4,1630401303350,1630401331727,,T-F0092-P0029,
group questions,/data/e4,1630401331752,1630401335284,,,
question,/data/e4/e4_1,1630401331752,1630401335284,,0,
group questions,/data/k2,1630401335303,1630401338380,,,
question,/data/k2/k2_1,1630401335303,1630401338380,,0,
group questions,/data/g5,1630401338402,1630401353124,,,
question,/data/g5/g5_1,1630401338402,1630401353124,,1,
question,/data/g5/i4_1,1630401338402,1630401353124,,0,
question,/data/g5/h4_1,1630401338402,1630401353124,,1,
group questions,/data/h4,1630401353156,1630401375204,,,
question,/data/h4/h4_2,1630401353156,1630401375204,,1,
question,/data/h4/h4_3,1630401353156,1630401375204,,1,
question,/data/h4/h4_4,1630401353156,1630401375204,,5,
group questions,/data/j4,1630401375232,1630401400721,,,
question,/data/j4/j4_2,1630401375232,1630401400721,,0,
question,/data/j4/j4_1,1630401375232,1630401400721,,2,
question,/data/j4/h4_6,1630401375232,1630401400721,,96,
group questions,/data/l3,1630401400751,1630401448484,,,
question,/data/l3/l3_1,1630401400751,1630401448484,,4,
question,/data/l3/l3_2,1630401400751,1630401448484,,5,
question,/data/l3/l3_3,1630401400751,1630401448484,,5,
question,/data/l3/l3_4,1630401400752,1630401448484,,5,
question,/data/l3/l3_5,1630401400752,1630401448484,,5,
question,/data/l3/l3_6,1630401400752,1630401448484,,1,
question,/data/l3/l3_7,1630401400752,1630401448484,,1,
group questions,/data/b2,1630401448528,1630401481287,,,
question,/data/b2/b1_7,1630401448529,1630401481287,,1,
question,/data/b2/b2_10,1630401448529,1630401481287,,1,
question,/data/b2/b2_9a,1630401448529,1630401481287,,0,
question,/data/b2/b2_8,1630401448529,1630401481287,,3,
end screen,,1630401481324,1630401483461,,,
form save,,1630401483632,,,,
form exit,,1630401483632,,,,
form resume,,1630428491236,,,,
jump,,1630428491236,1630428493953,,,
group questions,/data/front_page,1630428493977,1630428494958,,,
group questions,/data/b1,1630428494977,1630428495395,,,
group questions,/data/a1,1630428495418,1630428495720,,,
group questions,/data/e4,1630428495740,1630428495999,,,
group questions,/data/k2,1630428496030,1630428496266,,,
group questions,/data/g5,1630428496313,1630428496752,,,
group questions,/data/h4,1630428496781,1630428498109,,,
group questions,/data/j4,1630428498134,1630428502012,,,
group questions,/data/l3,1630428502042,1630428503031,,,
group questions,/data/b2,1630428503088,1630428504103,,,
end screen,,1630428504136,1630428505375,,,
form save,,1630428505662,,,,
form exit,,1630428505662,,,,
form finalize,,1630428505662,,,,
