event,node,start,end,old-value,new-value,change-reason
form start,,1628673852739,,,,
group questions,/data/front_page,1628673852740,1628673968058,,,
group questions,/data/b1,1628673968074,1628673970861,,,
group questions,/data/a1,1628673970888,1628673986559,,,
question,/data/a1/a1_a_4,1628673970889,1628673986559,,T-F0022-P0039,
group questions,/data/e4,1628673986700,1628673990413,,,
question,/data/e4/e4_1,1628673986700,1628673990413,,0,
group questions,/data/g5,1628673990436,1628674013984,,,
question,/data/g5/g5_1,1628673990437,1628674013984,,0,
question,/data/g5/i4_1,1628673990437,1628674013984,,0,
group questions,/data/e4,1628674014017,1628674021559,,,
group questions,/data/g5,1628674021580,1628674041286,,,
question,/data/g5/h4_1,1628674021581,1628674041286,,1,
group questions,/data/h4,1628674041320,1628674087270,,,
question,/data/h4/h4_2,1628674041320,1628674087270,,3,
question,/data/h4/h4_3,1628674041320,1628674087270,,3,
question,/data/h4/h4_4,1628674041321,1628674087270,,1,
group questions,/data/j4,1628674087300,1628674143670,,,
question,/data/j4/j4_2,1628674087300,1628674143670,,1,
question,/data/j4/j4_1,1628674087300,1628674143670,,1,
question,/data/j4/h4_6,1628674087300,1628674143670,,"1, 2, 3",
group questions,/data/l3,1628674143705,1628674267276,,,
question,/data/l3/l3_1,1628674143705,1628674267276,,4,
question,/data/l3/l3_2,1628674143705,1628674267276,,5,
question,/data/l3/l3_3,1628674143706,1628674267276,,4,
question,/data/l3/l3_4,1628674143706,1628674267276,,5,
question,/data/l3/l3_5,1628674143706,1628674267276,,5,
question,/data/l3/l3_6,1628674143706,1628674267276,,1,
question,/data/l3/l3_7,1628674143706,1628674267276,,4,
group questions,/data/b2,1628674267314,1628674405973,,,
question,/data/b2/b1_7,1628674267314,1628674405973,,1,
question,/data/b2/b2_10,1628674267314,1628674405973,,0,
question,/data/b2/b2_9a,1628674267314,1628674405973,,0,
question,/data/b2/b2_8,1628674267315,1628674405973,,1,
end screen,,1628674406003,1628674408350,,,
form save,,1628674408525,,,,
form exit,,1628674408525,,,,
form resume,,1628680615771,,,,
jump,,1628680615771,1628680617169,,,
group questions,/data/front_page,1628680617190,1628680618189,,,
group questions,/data/b1,1628680618202,1628680619299,,,
group questions,/data/a1,1628680619325,1628680620467,,,
group questions,/data/e4,1628680620484,1628680622345,,,
group questions,/data/g5,1628680622367,1628680623737,,,
group questions,/data/h4,1628680623768,1628680625853,,,
group questions,/data/j4,1628680625883,1628680628011,,,
group questions,/data/l3,1628680628044,1628680630565,,,
group questions,/data/b2,1628680630610,1628680632872,,,
end screen,,1628680632903,1628680634241,,,
form save,,1628680634504,,,,
form exit,,1628680634504,,,,
form finalize,,1628680634504,,,,
