event,node,start,end,old-value,new-value,change-reason
form start,,1630321291833,,,,
group questions,/data/front_page,1630321291836,1630321294550,,,
group questions,/data/b1,1630321294565,1630321296256,,,
group questions,/data/a1,1630321296286,1630321332258,,,
question,/data/a1/a1_a_4a,1630321296287,1630321332258,,T-F0093-P0070,
group questions,/data/e4,1630321332285,1630321335881,,,
question,/data/e4/e4_1,1630321332285,1630321335881,,0,
group questions,/data/k2,1630321335903,1630321338835,,,
question,/data/k2/k2_1,1630321335903,1630321338835,,0,
group questions,/data/g5,1630321338860,1630321356118,,,
question,/data/g5/g5_1,1630321338861,1630321356118,,1,
question,/data/g5/i4_1,1630321338861,1630321356118,,0,
question,/data/g5/h4_1,1630321338861,1630321356118,,1,
group questions,/data/h4,1630321356153,1630321375066,,,
question,/data/h4/h4_2,1630321356154,1630321375066,,2,
question,/data/h4/h4_3,1630321356154,1630321375066,,1,
question,/data/h4/h4_4,1630321356154,1630321375066,,5,
group questions,/data/j4,1630321375098,1630321381576,,,
question,/data/j4/j4_2,1630321375099,1630321381576,,0,
question,/data/j4/j4_1,1630321375099,1630321381576,,1,
question,/data/j4/h4_6,1630321375099,1630321381576,,96,
group questions,/data/l3,1630321381606,1630321404281,,,
question,/data/l3/l3_1,1630321381607,1630321404281,,5,
question,/data/l3/l3_2,1630321381607,1630321404281,,5,
question,/data/l3/l3_3,1630321381607,1630321404281,,5,
question,/data/l3/l3_4,1630321381607,1630321404281,,5,
question,/data/l3/l3_5,1630321381607,1630321404281,,5,
question,/data/l3/l3_6,1630321381607,1630321404281,,4,
question,/data/l3/l3_7,1630321381607,1630321404281,,5,
group questions,/data/b2,1630321404334,1630321405999,,,
group questions,/data/l3,1630321406033,1630321410934,,,
group questions,/data/b2,1630321410992,1630321460043,,,
question,/data/b2/b1_7,1630321410992,1630321460043,,1,
question,/data/b2/b2_10,1630321410992,1630321460043,,1,
question,/data/b2/b2_9a,1630321410992,1630321460043,,0,
question,/data/b2/b2_8,1630321410992,1630321460043,,1,
end screen,,1630321460074,1630321465835,,,
form save,,1630321466101,,,,
form exit,,1630321466101,,,,
form finalize,,1630321466101,,,,
