event,node,start,end,old-value,new-value,change-reason
form start,,1629880527370,,,,
group questions,/data/front_page,1629880527371,1629880528328,,,
group questions,/data/b1,1629880528343,1629880529925,,,
group questions,/data/a1,1629880529955,1629880552717,,,
question,/data/a1/a1_a_4a,1629880529956,1629880552717,,T-F0039-P0064,
group questions,/data/e4,1629880552741,1629880554799,,,
question,/data/e4/e4_1,1629880552742,1629880554799,,0,
group questions,/data/g5,1629880554819,1629880561088,,,
question,/data/g5/g5_1,1629880554819,1629880561088,,1,
question,/data/g5/i4_1,1629880554819,1629880561088,,0,
question,/data/g5/h4_1,1629880554819,1629880561088,,1,
group questions,/data/h4,1629880561121,1629880565124,,,
question,/data/h4/h4_2,1629880561121,1629880565124,,1,
question,/data/h4/h4_3,1629880561121,1629880565124,,1,
question,/data/h4/h4_4,1629880561121,1629880565124,,5,
group questions,/data/j4,1629880565154,1629880570518,,,
question,/data/j4/j4_2,1629880565155,1629880570518,,0,
question,/data/j4/j4_1,1629880565155,1629880570518,,1,
question,/data/j4/h4_6,1629880565155,1629880570518,,96,
group questions,/data/l3,1629880570549,1629880586700,,,
question,/data/l3/l3_1,1629880570549,1629880586700,,5,
question,/data/l3/l3_2,1629880570549,1629880586700,,5,
question,/data/l3/l3_3,1629880570549,1629880586700,,5,
question,/data/l3/l3_4,1629880570549,1629880586700,,5,
question,/data/l3/l3_5,1629880570549,1629880586700,,5,
question,/data/l3/l3_6,1629880570549,1629880586700,,1,
question,/data/l3/l3_7,1629880570549,1629880586700,,5,
group questions,/data/b2,1629880586747,1629880596869,,,
question,/data/b2/b1_7,1629880586747,1629880596869,,1,
question,/data/b2/b2_10,1629880586747,1629880596869,,0,
question,/data/b2/b2_9a,1629880586747,1629880596869,,98,
question,/data/b2/b2_8,1629880586747,1629880596869,,3,
end screen,,1629880596902,1629880599428,,,
form save,,1629880599591,,,,
form exit,,1629880599591,,,,
form resume,,1629884281498,,,,
jump,,1629884281498,1629884283639,,,
group questions,/data/front_page,1629884283661,1629884284788,,,
group questions,/data/b1,1629884284801,1629884286291,,,
group questions,/data/a1,1629884286317,1629884289379,,,
group questions,/data/e4,1629884289402,1629884292955,,,
group questions,/data/a1,1629884292974,1629884294155,,,
group questions,/data/e4,1629884294178,1629884296729,,,
group questions,/data/g5,1629884296755,1629884301744,,,
group questions,/data/h4,1629884301777,1629884304968,,,
group questions,/data/j4,1629884304997,1629884325960,,,
group questions,/data/l3,1629884325988,1629884349235,,,
question,/data/l3/l3_3,1629884325988,1629884349235,5,4,
question,/data/l3/l3_4,1629884325988,1629884349235,5,4,
group questions,/data/b2,1629884349283,1629884351978,,,
group questions,/data/l3,1629884352009,1629884378365,,,
group questions,/data/b2,1629884378409,1629884399936,,,
question,/data/b2/b2_9a,1629884378410,1629884399936,98,0,
end screen,,1629884399970,1629884400868,,,
change reason,,1629884406778,,,,Cross checking 
form save,,1629884407028,,,,
form exit,,1629884407028,,,,
form finalize,,1629884407029,,,,
