event,node,start,end,old-value,new-value,change-reason
form start,,1629798488545,,,,
group questions,/data/front_page,1629798488546,1629798489571,,,
group questions,/data/b1,1629798489583,1629798490796,,,
group questions,/data/a1,1629798490820,1629798510827,,,
question,/data/a1/a1_a_4a,1629798490820,1629798510827,,T-F0039-P0061,
group questions,/data/e4,1629798510850,1629798514364,,,
question,/data/e4/e4_1,1629798510850,1629798514364,,0,
group questions,/data/g5,1629798514383,1629798518254,,,
question,/data/g5/g5_1,1629798514383,1629798518254,,1,
question,/data/g5/i4_1,1629798514384,1629798518254,,0,
question,/data/g5/h4_1,1629798514384,1629798518254,,1,
group questions,/data/h4,1629798518285,1629798549910,,,
question,/data/h4/h4_2,1629798518285,1629798549910,,1,
question,/data/h4/h4_3,1629798518285,1629798549910,,1,
question,/data/h4/h4_4,1629798518285,1629798549910,,5,
group questions,/data/j4,1629798549936,1629798555451,,,
question,/data/j4/j4_2,1629798549937,1629798555451,,0,
question,/data/j4/j4_1,1629798549937,1629798555451,,1,
question,/data/j4/h4_6,1629798549937,1629798555451,,96,
group questions,/data/l3,1629798555478,1629798563485,,,
question,/data/l3/l3_1,1629798555478,1629798563485,,5,
question,/data/l3/l3_2,1629798555478,1629798563485,,5,
question,/data/l3/l3_3,1629798555478,1629798563485,,5,
question,/data/l3/l3_4,1629798555478,1629798563485,,5,
question,/data/l3/l3_5,1629798555478,1629798563485,,5,
question,/data/l3/l3_6,1629798555478,1629798563485,,5,
question,/data/l3/l3_7,1629798555478,1629798563485,,5,
group questions,/data/b2,1629798563527,1629798570501,,,
question,/data/b2/b1_7,1629798563527,1629798570501,,1,
question,/data/b2/b2_10,1629798563527,1629798570501,,0,
question,/data/b2/b2_9a,1629798563527,1629798570501,,0,
question,/data/b2/b2_8,1629798563527,1629798570501,,3,
end screen,,1629798570530,1629798572127,,,
form save,,1629798572316,,,,
form exit,,1629798572316,,,,
form resume,,1629807789217,,,,
jump,,1629807789217,1629807790879,,,
group questions,/data/front_page,1629807790896,1629807792093,,,
group questions,/data/b1,1629807792107,1629807793609,,,
group questions,/data/a1,1629807793635,1629807795430,,,
group questions,/data/e4,1629807795452,1629807797590,,,
group questions,/data/g5,1629807797608,1629807798935,,,
group questions,/data/h4,1629807798966,1629807803577,,,
group questions,/data/j4,1629807803605,1629807806653,,,
group questions,/data/l3,1629807806682,1629807835975,,,
question,/data/l3/l3_6,1629807806682,1629807835975,5,2,
group questions,/data/b2,1629807836017,1629807853337,,,
question,/data/b2/b2_9a,1629807836017,1629807853337,0,1,
end screen,,1629807853375,1629807854602,,,
change reason,,1629807860513,,,,Cross checking 
form save,,1629807860779,,,,
form exit,,1629807860779,,,,
form finalize,,1629807860779,,,,
