event,node,start,end,old-value,new-value,change-reason
form start,,1626942744612,,,,
group questions,/data/front_page,1626942744614,1626942746379,,,
group questions,/data/b1,1626942746396,1626942754601,,,
question,/data/b1/fcode,1626942746400,1626942754601,F0030,F0029,
group questions,/data/a1,1626942754634,1626942866242,,,
question,/data/a1/a1_a_4a,1626942754635,1626942866242,,T-F0029-P0030,
group questions,/data/e4,1626942866271,1626942931569,,,
question,/data/e4/e4_1,1626942866272,1626942931569,,0,
group questions,/data/g5,1626942931591,1626942954095,,,
question,/data/g5/g5_1,1626942931591,1626942954095,,1,
question,/data/g5/i4_1,1626942931591,1626942954095,,0,
question,/data/g5/h4_1,1626942931591,1626942954095,,1,
group questions,/data/h4,1626942954130,1626942999908,,,
question,/data/h4/h4_2,1626942954130,1626942999908,,2,
question,/data/h4/h4_3,1626942954130,1626942999908,,1,
question,/data/h4/h4_4,1626942954130,1626942999908,,4,
group questions,/data/j4,1626942999938,1626943079810,,,
question,/data/j4/j4_2,1626942999939,1626943079810,,0,
question,/data/j4/j4_1,1626942999939,1626943079810,,1,
question,/data/j4/h4_6,1626942999939,1626943079810,,96,
group questions,/data/l3,1626943079840,1626943382669,,,
question,/data/l3/l3_1,1626943079840,1626943382669,,4,
question,/data/l3/l3_2,1626943079840,1626943382669,,4,
question,/data/l3/l3_3,1626943079840,1626943382669,,4,
question,/data/l3/l3_4,1626943079840,1626943382669,,5,
question,/data/l3/l3_5,1626943079840,1626943382669,,5,
question,/data/l3/l3_6,1626943079840,1626943382669,,4,
question,/data/l3/l3_7,1626943079840,1626943382669,,3,
group questions,/data/b2,1626943382706,1626943502869,,,
question,/data/b2/b1_7,1626943382707,1626943502869,,1,
question,/data/b2/b2_10,1626943382707,1626943502869,,1,
question,/data/b2/b2_9a,1626943382707,1626943502869,,0,
question,/data/b2/b2_8,1626943382707,1626943502869,,1,
end screen,,1626943502900,1626943516264,,,
form save,,1626943516435,,,,
form exit,,1626943516435,,,,
form resume,,1626947999255,,,,
jump,,1626947999256,1626948002158,,,
group questions,/data/front_page,1626948002179,1626948003754,,,
group questions,/data/b1,1626948003773,1626948006253,,,
group questions,/data/a1,1626948006280,1626948009250,,,
group questions,/data/e4,1626948009275,1626948011372,,,
group questions,/data/g5,1626948011392,1626948022250,,,
group questions,/data/h4,1626948022284,1626948031409,,,
group questions,/data/j4,1626948031439,1626948035684,,,
group questions,/data/l3,1626948035712,1626948037597,,,
group questions,/data/b2,1626948037643,1626948046496,,,
end screen,,1626948046534,1626948050481,,,
group questions,/data/b2,1626948050481,1626948063352,,,
end screen,,1626948063390,1626948066441,,,
group questions,/data/b2,1626948066441,1626948068356,,,
group questions,/data/l3,1626948068392,1626948071336,,,
group questions,/data/b2,1626948071381,1626948072817,,,
end screen,,1626948072853,1626948076209,,,
form save,,1626948076459,,,,
form exit,,1626948076459,,,,
form finalize,,1626948076459,,,,
form resume,,1626948129508,,,,
jump,,1626948129508,1626948136382,,,
end screen,,1626948136412,1626948160842,,,
group questions,/data/b2,1626948160843,1626948174502,,,
group questions,/data/l3,1626948174535,1626948184386,,,
group questions,/data/b2,1626948184429,1626948185921,,,
end screen,,1626948185953,1626948203221,,,
form exit,,1626948203221,,,,
form resume,,1626948290318,,,,
jump,,1626948290319,1626948293377,,,
end screen,,1626948293398,1626948297774,,,
group questions,/data/b2,1626948297775,1626948300775,,,
form save,,1626948301028,,,,
form save,,1626948306122,,,,
form exit,,1626948306122,,,,
form finalize,,1626948306122,,,,
form resume,,1626948316528,,,,
jump,,1626948316528,1626948320206,,,
group questions,/data/front_page,1626948320229,1626948326345,,,
group questions,/data/b1,1626948326360,1626948331970,,,
form save,,1626948332260,,,,
form save,,1626948337088,,,,
form exit,,1626948337088,,,,
form finalize,,1626948337088,,,,
form resume,,1626948346641,,,,
jump,,1626948346641,1626948353861,,,
group questions,/data/front_page,1626948353882,1626948358084,,,
group questions,/data/b1,1626948358098,1626948359071,,,
group questions,/data/a1,1626948359096,1626948363534,,,
group questions,/data/e4,1626948363556,1626948364734,,,
group questions,/data/g5,1626948364753,1626948384197,,,
group questions,/data/h4,1626948384228,1626948396701,,,
group questions,/data/j4,1626948396727,1626948415202,,,
group questions,/data/l3,1626948415230,1626948420456,,,
group questions,/data/b2,1626948420496,1626948435882,,,
end screen,,1626948435915,1626948449166,,,
group questions,/data/b2,1626948449167,1626948451465,,,
end screen,,1626948451497,1626948454465,,,
form save,,1626948454706,,,,
form save,,1626948466970,,,,
form exit,,1626948466970,,,,
form resume,,1626948553220,,,,
jump,,1626948553220,1626948555662,,,
group questions,/data/front_page,1626948555685,1626948557723,,,
group questions,/data/b1,1626948557739,1626948559584,,,
group questions,/data/a1,1626948559606,1626948562241,,,
group questions,/data/e4,1626948562261,1626948566942,,,
group questions,/data/g5,1626948566962,1626948594329,,,
group questions,/data/h4,1626948594359,1626948604629,,,
group questions,/data/j4,1626948604655,1626948631820,,,
group questions,/data/l3,1626948631845,1626948636402,,,
group questions,/data/b2,1626948636445,1626948658961,,,
end screen,,1626948658992,1626948666538,,,
form save,,1626948666788,,,,
form exit,,1626948666788,,,,
form finalize,,1626948666788,,,,
