event,node,start,end,old-value,new-value,change-reason
form start,,1630309782355,,,,
group questions,/data/front_page,1630309782356,1630309783474,,,
group questions,/data/b1,1630309783488,1630309785129,,,
group questions,/data/a1,1630309785156,1630309809982,,,
question,/data/a1/a1_a_4a,1630309785156,1630309809982,,T-F0014-P0150,
group questions,/data/g5,1630309810029,1630309814119,,,
question,/data/g5/g5_1,1630309810029,1630309814119,,1,
question,/data/g5/i4_1,1630309810029,1630309814119,,0,
question,/data/g5/h4_1,1630309810029,1630309814119,,1,
group questions,/data/h4,1630309814154,1630309828297,,,
question,/data/h4/h4_2,1630309814155,1630309828297,,2,
question,/data/h4/h4_3,1630309814155,1630309828297,,1,
question,/data/h4/h4_4,1630309814155,1630309828297,,5,
group questions,/data/j4,1630309828327,1630309830000,,,
group questions,/data/h4,1630309830029,1630309833359,,,
question,/data/h4/h4_4,1630309830029,1630309833359,5,4,
group questions,/data/j4,1630309833388,1630309840502,,,
question,/data/j4/j4_2,1630309833388,1630309840502,,0,
question,/data/j4/j4_1,1630309833388,1630309840502,,1,
question,/data/j4/h4_6,1630309833388,1630309840502,,1,
group questions,/data/l3,1630309840532,1630309852915,,,
question,/data/l3/l3_1,1630309840532,1630309852915,,5,
question,/data/l3/l3_2,1630309840532,1630309852915,,4,
question,/data/l3/l3_3,1630309840532,1630309852915,,5,
question,/data/l3/l3_4,1630309840532,1630309852915,,4,
question,/data/l3/l3_5,1630309840532,1630309852915,,5,
question,/data/l3/l3_6,1630309840532,1630309852915,,3,
question,/data/l3/l3_7,1630309840532,1630309852915,,5,
group questions,/data/b2,1630309852965,1630309879039,,,
question,/data/b2/b1_7,1630309852966,1630309879039,,1,
question,/data/b2/b2_10,1630309852966,1630309879039,,0,
question,/data/b2/b2_9a,1630309852966,1630309879039,,0,
question,/data/b2/b2_8,1630309852966,1630309879039,,3,
end screen,,1630309879073,1630309884686,,,
form save,,1630309884807,,,,
form exit,,1630309884807,,,,
form resume,,1630312817391,,,,
jump,,1630312817391,1630312818842,,,
group questions,/data/front_page,1630312818860,1630312820362,,,
group questions,/data/b1,1630312820377,1630312822212,,,
group questions,/data/a1,1630312822235,1630312828493,,,
question,/data/a1/a1_a_4a,1630312822236,1630312828493,T-F0014-P0150,T-F0014-P0222,
group questions,/data/g5,1630312828517,1630312829788,,,
group questions,/data/h4,1630312830005,1630312831229,,,
group questions,/data/j4,1630312831256,1630312832511,,,
group questions,/data/l3,1630312832539,1630312833859,,,
group questions,/data/b2,1630312833901,1630312834892,,,
end screen,,1630312834923,1630312838563,,,
change reason,,1630312842310,,,,data
form save,,1630312842455,,,,
form exit,,1630312842455,,,,
form resume,,1630329116520,,,,
jump,,1630329116520,1630329117571,,,
end screen,,1630329117588,1630329118501,,,
form save,,1630329118670,,,,
form exit,,1630329118670,,,,
form finalize,,1630329118670,,,,
