event,node,start,end,old-value,new-value,change-reason
form start,,1627033098358,,,,
group questions,/data/front_page,1627033098359,1627033099350,,,
group questions,/data/b1,1627033099364,1627033101012,,,
group questions,/data/a1,1627033101039,1627033120240,,,
question,/data/a1/a1_a_4a,1627033101040,1627033120240,,T-F0101-P0052,
group questions,/data/e4,1627033120266,1627033128885,,,
question,/data/e4/e4_1,1627033120266,1627033128885,,0,
group questions,/data/k2,1627033128902,1627033168511,,,
question,/data/k2/k2_1,1627033128902,1627033168511,,1,
group questions,/data/g5,1627033168535,1627033191328,,,
question,/data/g5/g5_1,1627033168535,1627033191328,,0,
question,/data/g5/i4_1,1627033168535,1627033191328,,0,
question,/data/g5/h4_1,1627033168535,1627033191328,,1,
group questions,/data/h4,1627033191357,1627033200978,,,
question,/data/h4/h4_2,1627033191357,1627033200978,,1,
question,/data/h4/h4_3,1627033191357,1627033200978,,1,
question,/data/h4/h4_4,1627033191357,1627033200978,,5,
group questions,/data/j4,1627033201006,1627033243672,,,
question,/data/j4/j4_2,1627033201006,1627033243672,,1,
question,/data/j4/j4_1,1627033201006,1627033243672,,1,
question,/data/j4/h4_6,1627033201006,1627033243672,,3,
group questions,/data/l3,1627033243701,1627033266119,,,
question,/data/l3/l3_1,1627033243701,1627033266119,,5,
question,/data/l3/l3_2,1627033243701,1627033266119,,5,
question,/data/l3/l3_3,1627033243701,1627033266119,,5,
question,/data/l3/l3_4,1627033243701,1627033266119,,5,
question,/data/l3/l3_5,1627033243701,1627033266119,,5,
question,/data/l3/l3_6,1627033243701,1627033266119,,1,
question,/data/l3/l3_7,1627033243701,1627033266119,,5,
group questions,/data/b2,1627033266160,1627033292313,,,
question,/data/b2/b1_7,1627033266161,1627033292313,,1,
question,/data/b2/b2_10,1627033266161,1627033292313,,0,
question,/data/b2/b2_9a,1627033266161,1627033292313,,0,
question,/data/b2/b2_8,1627033266161,1627033292313,,98,
end screen,,1627033292343,1627033310721,,,
group questions,/data/b2,1627033310721,1627033312040,,,
group questions,/data/l3,1627033312070,1627033313054,,,
group questions,/data/j4,1627033313092,1627033314690,,,
group questions,/data/h4,1627033314719,1627033316141,,,
group questions,/data/g5,1627033316167,1627033331361,,,
group questions,/data/k2,1627033331388,1627033333204,,,
group questions,/data/e4,1627033333229,1627033359014,,,
group questions,/data/k2,1627033359032,1627033365642,,,
group questions,/data/e4,1627033365668,1627033437347,,,
question,/data/e4/e4_1,1627033365668,1627033437347,0,1,
group questions,/data/k2,1627033437375,1627033497519,,,
group questions,/data/g5,1627033497548,1627033529475,,,
question,/data/g5/g5_1,1627033497549,1627033529475,0,98,
group questions,/data/k2,1627033529503,1627033530527,,,
group questions,/data/g5,1627033530553,1627033531017,,,
group questions,/data/h4,1627033531047,1627033532059,,,
group questions,/data/g5,1627033532085,1627033535777,,,
group questions,/data/h4,1627033535808,1627033582126,,,
group questions,/data/j4,1627033582154,1627033737940,,,
question,/data/j4/j4_2a,1627033582154,1627033737940,Kupumua Kwak shida,"Mtoto kupumua Kwa shida,homa kali, mtoto kushindwa kunyonya",
group questions,/data/l3,1627033737973,1627033774517,,,
group questions,/data/b2,1627033774560,1627033780236,,,
group questions,/data/l3,1627033780266,1627033797774,,,
group questions,/data/b2,1627033797819,1627033812170,,,
question,/data/b2/b2_8,1627033797820,1627033812170,98,3,
end screen,,1627033812199,1627033821607,,,
group questions,/data/b2,1627033821607,1627033826297,,,
group questions,/data/l3,1627033826342,1627033828026,,,
group questions,/data/j4,1627033828084,1627033829132,,,
group questions,/data/h4,1627033829175,1627033830529,,,
group questions,/data/g5,1627033830565,1627033832097,,,
group questions,/data/k2,1627033832150,1627033833771,,,
group questions,/data/e4,1627033833800,1627033867242,,,
question,/data/e4/e4_2,1627033833800,1627033867242,3,96,
group questions,/data/k2,1627033867299,1627033880204,,,
group questions,/data/g5,1627033880233,1627033884647,,,
group questions,/data/h4,1627033884678,1627033887520,,,
group questions,/data/j4,1627033887551,1627033888987,,,
group questions,/data/l3,1627033889016,1627033890604,,,
group questions,/data/b2,1627033890646,1627033891817,,,
end screen,,1627033891847,1627033893529,,,
form save,,1627033893830,,,,
form exit,,1627033893830,,,,
form finalize,,1627033893830,,,,
