event,node,start,end,old-value,new-value,change-reason
form start,,1630398813814,,,,
group questions,/data/front_page,1630398813815,1630398815560,,,
group questions,/data/b1,1630398815577,1630398828716,,,
question,/data/b1/b1_4,1630398815577,1630398828716,,Sengerema,
group questions,/data/a1,1630398828745,1630398875700,,,
question,/data/a1/a1_a_4a,1630398828746,1630398875700,,T-F0093-P0074,
group questions,/data/e4,1630398875728,1630398881629,,,
question,/data/e4/e4_1,1630398875728,1630398881629,,0,
group questions,/data/k2,1630398881659,1630398884714,,,
question,/data/k2/k2_1,1630398881659,1630398884714,,0,
group questions,/data/g5,1630398884734,1630398894898,,,
question,/data/g5/g5_1,1630398884734,1630398894898,,1,
question,/data/g5/i4_1,1630398884734,1630398894898,,0,
question,/data/g5/h4_1,1630398884734,1630398894898,,1,
group questions,/data/h4,1630398894931,1630398905771,,,
question,/data/h4/h4_2,1630398894932,1630398905771,,1,
question,/data/h4/h4_3,1630398894932,1630398905771,,1,
question,/data/h4/h4_4,1630398894932,1630398905771,,5,
group questions,/data/j4,1630398905800,1630398922591,,,
question,/data/j4/j4_2,1630398905801,1630398922591,,0,
question,/data/j4/j4_1,1630398905801,1630398922591,,1,
question,/data/j4/h4_6,1630398905801,1630398922591,,96,
group questions,/data/l3,1630398922621,1630398967840,,,
question,/data/l3/l3_1,1630398922622,1630398967840,,5,
question,/data/l3/l3_2,1630398922622,1630398967840,,5,
question,/data/l3/l3_3,1630398922622,1630398967840,,5,
question,/data/l3/l3_4,1630398922622,1630398967840,,5,
question,/data/l3/l3_5,1630398922622,1630398967840,,5,
question,/data/l3/l3_6,1630398922622,1630398967840,,2,
question,/data/l3/l3_7,1630398922622,1630398967840,,5,
group questions,/data/b2,1630398967889,1630398995968,,,
question,/data/b2/b1_7,1630398967889,1630398995968,,1,
question,/data/b2/b2_10,1630398967889,1630398995968,,0,
question,/data/b2/b2_9a,1630398967889,1630398995968,,0,
question,/data/b2/b2_8,1630398967889,1630398995968,,3,
end screen,,1630398996003,1630399003303,,,
form save,,1630399003618,,,,
form exit,,1630399003618,,,,
form finalize,,1630399003618,,,,
