event,node,start,end,old-value,new-value,change-reason
form start,,1627029884914,,,,
group questions,/data/front_page,1627029884915,1627029887073,,,
group questions,/data/b1,1627029887088,1627029888969,,,
group questions,/data/a1,1627029888993,1627029986306,,,
question,/data/a1/a1_a_4a,1627029888993,1627029986306,,T-F0101-P0050,
group questions,/data/e4,1627029986331,1627029998436,,,
question,/data/e4/e4_1,1627029986331,1627029998436,,0,
group questions,/data/k2,1627029998456,1627030018408,,,
question,/data/k2/k2_1,1627029998456,1627030018408,,98,
group questions,/data/g5,1627030018428,1627030038300,,,
question,/data/g5/g5_1,1627030018428,1627030038300,,1,
question,/data/g5/i4_1,1627030018428,1627030038300,,0,
question,/data/g5/h4_1,1627030018428,1627030038300,,1,
group questions,/data/h4,1627030038332,1627030057557,,,
question,/data/h4/h4_2,1627030038332,1627030057557,,1,
question,/data/h4/h4_3,1627030038332,1627030057557,,1,
question,/data/h4/h4_4,1627030038332,1627030057557,,5,
group questions,/data/j4,1627030057588,1627030115227,,,
question,/data/j4/j4_2,1627030057589,1627030115227,,1,
question,/data/j4/j4_1,1627030057589,1627030115227,,1,
question,/data/j4/h4_6,1627030057589,1627030115227,,1,
group questions,/data/l3,1627030115260,1627030160919,,,
question,/data/l3/l3_1,1627030115261,1627030160919,,5,
question,/data/l3/l3_2,1627030115261,1627030160919,,5,
question,/data/l3/l3_3,1627030115261,1627030160919,,5,
question,/data/l3/l3_4,1627030115261,1627030160919,,5,
question,/data/l3/l3_5,1627030115261,1627030160919,,5,
question,/data/l3/l3_6,1627030115261,1627030160919,,4,
question,/data/l3/l3_7,1627030115261,1627030160919,,5,
group questions,/data/b2,1627030160964,1627030178463,,,
question,/data/b2/b1_7,1627030160964,1627030178463,,1,
question,/data/b2/b2_10,1627030160964,1627030178463,,0,
question,/data/b2/b2_9a,1627030160964,1627030178463,,0,
question,/data/b2/b2_8,1627030160964,1627030178463,,3,
end screen,,1627030178499,1627030181628,,,
form save,,1627030181792,,,,
form exit,,1627030181793,,,,
form resume,,1627036016671,,,,
jump,,1627036016671,1627036019294,,,
group questions,/data/front_page,1627036019315,1627036020783,,,
group questions,/data/b1,1627036020799,1627036022969,,,
group questions,/data/a1,1627036022996,1627036027349,,,
group questions,/data/e4,1627036027373,1627036034615,,,
group questions,/data/k2,1627036034666,1627036040701,,,
group questions,/data/g5,1627036040721,1627036046861,,,
group questions,/data/h4,1627036046895,1627036053128,,,
group questions,/data/j4,1627036053157,1627036063908,,,
group questions,/data/l3,1627036063941,1627036078802,,,
group questions,/data/b2,1627036078848,1627036092308,,,
end screen,,1627036092341,1627036096763,,,
form save,,1627036097017,,,,
form exit,,1627036097017,,,,
form finalize,,1627036097017,,,,
