event,node,start,end,old-value,new-value,change-reason
form start,,1627629015349,,,,
group questions,/data/front_page,1627629015351,1627629016549,,,
group questions,/data/b1,1627629016566,1627629018204,,,
group questions,/data/a1,1627629018232,1627629037894,,,
question,/data/a1/a1_a_4a,1627629018232,1627629037894,,T-F0101-P0054,
group questions,/data/e4,1627629037923,1627629056050,,,
question,/data/e4/e4_1,1627629037923,1627629056050,,0,
group questions,/data/k2,1627629056076,1627629090079,,,
question,/data/k2/k2_1,1627629056076,1627629090079,,1,
group questions,/data/g5,1627629090108,1627629099186,,,
question,/data/g5/g5_1,1627629090108,1627629099186,,1,
question,/data/g5/i4_1,1627629090108,1627629099186,,0,
question,/data/g5/h4_1,1627629090108,1627629099186,,1,
group questions,/data/h4,1627629099220,1627629112535,,,
question,/data/h4/h4_2,1627629099220,1627629112535,,2,
question,/data/h4/h4_3,1627629099220,1627629112535,,2,
question,/data/h4/h4_4,1627629099220,1627629112535,,5,
group questions,/data/j4,1627629112566,1627629139660,,,
question,/data/j4/j4_2,1627629112567,1627629139660,,0,
question,/data/j4/j4_1,1627629112567,1627629139660,,1,
question,/data/j4/h4_6,1627629112567,1627629139660,,1,
group questions,/data/l3,1627629139691,1627629175906,,,
question,/data/l3/l3_1,1627629139691,1627629175906,,5,
question,/data/l3/l3_2,1627629139691,1627629175906,,5,
question,/data/l3/l3_3,1627629139691,1627629175906,,5,
question,/data/l3/l3_4,1627629139691,1627629175906,,5,
question,/data/l3/l3_5,1627629139691,1627629175906,,5,
question,/data/l3/l3_6,1627629139691,1627629175906,,1,
question,/data/l3/l3_7,1627629139691,1627629175906,,5,
group questions,/data/b2,1627629175958,1627629216937,,,
question,/data/b2/b1_7,1627629175958,1627629216937,,1,
question,/data/b2/b2_10,1627629175958,1627629216937,,1,
question,/data/b2/b2_9a,1627629175958,1627629216937,,0,
question,/data/b2/b2_8,1627629175958,1627629216937,,1,
end screen,,1627629216965,1627629221033,,,
form save,,1627629221228,,,,
form exit,,1627629221228,,,,
form resume,,1627638908561,,,,
jump,,1627638908561,1627638910477,,,
group questions,/data/front_page,1627638910494,1627638912662,,,
group questions,/data/b1,1627638912676,1627638914119,,,
group questions,/data/a1,1627638914142,1627638915518,,,
group questions,/data/e4,1627638915539,1627638933706,,,
group questions,/data/k2,1627638933724,1627638937001,,,
group questions,/data/e4,1627638937027,1627638939805,,,
group questions,/data/k2,1627638939822,1627638955647,,,
question,/data/k2/k2_3,1627638939822,1627638955647,5,4,
group questions,/data/g5,1627638955672,1627638959463,,,
group questions,/data/k2,1627638959493,1627638966234,,,
question,/data/k2/k2_3,1627638959493,1627638966234,4,5,
group questions,/data/g5,1627638966258,1627638975461,,,
group questions,/data/h4,1627638975489,1627638986415,,,
group questions,/data/j4,1627638986442,1627638988600,,,
group questions,/data/h4,1627638988625,1627639006961,,,
group questions,/data/j4,1627639006992,1627639013356,,,
group questions,/data/l3,1627639013388,1627639015711,,,
group questions,/data/j4,1627639015754,1627639019848,,,
group questions,/data/l3,1627639019875,1627639030934,,,
group questions,/data/b2,1627639031007,1627639040264,,,
end screen,,1627639040337,1627639044682,,,
change reason,,1627639074234,,,,Cross checking
form save,,1627639074907,,,,
form exit,,1627639074907,,,,
form finalize,,1627639074907,,,,
