event,node,start,end,old-value,new-value,change-reason
form start,,1627467967031,,,,
group questions,/data/front_page,1627467967033,1627467973849,,,
group questions,/data/b1,1627467973863,1627467978013,,,
group questions,/data/a1,1627467978038,1627467995627,,,
question,/data/a1/a1_a_4a,1627467978038,1627467995627,,T-F0029-P0035,
group questions,/data/e4,1627467995651,1627468104668,,,
question,/data/e4/e4_1,1627467995651,1627468104668,,1,
group questions,/data/g5,1627468104694,1627468167824,,,
question,/data/g5/g5_1,1627468104694,1627468167824,,1,
question,/data/g5/i4_1,1627468104694,1627468167824,,0,
question,/data/g5/h4_1,1627468104695,1627468167824,,1,
group questions,/data/h4,1627468167853,1627468201645,,,
question,/data/h4/h4_2,1627468167853,1627468201645,,2,
question,/data/h4/h4_3,1627468167853,1627468201645,,1,
question,/data/h4/h4_4,1627468167853,1627468201645,,5,
group questions,/data/j4,1627468201671,1627468286095,,,
question,/data/j4/j4_2,1627468201671,1627468286095,,1,
question,/data/j4/j4_1,1627468201671,1627468286095,,1,
question,/data/j4/h4_6,1627468201671,1627468286095,,"2, 3",
group questions,/data/l3,1627468286126,1627468340534,,,
question,/data/l3/l3_1,1627468286126,1627468340534,,5,
question,/data/l3/l3_2,1627468286126,1627468340534,,5,
question,/data/l3/l3_3,1627468286126,1627468340534,,5,
question,/data/l3/l3_4,1627468286126,1627468340534,,5,
question,/data/l3/l3_5,1627468286126,1627468340534,,5,
question,/data/l3/l3_6,1627468286126,1627468340534,,4,
question,/data/l3/l3_7,1627468286126,1627468340534,,5,
group questions,/data/b2,1627468340576,1627468540491,,,
question,/data/b2/b1_7,1627468340576,1627468540491,,1,
question,/data/b2/b2_10,1627468340576,1627468540491,,1,
question,/data/b2/b2_9a,1627468340576,1627468540491,,0,
question,/data/b2/b2_8,1627468340576,1627468540491,,1,
end screen,,1627468540524,1627468559338,,,
form save,,1627468559524,,,,
form exit,,1627468559524,,,,
form resume,,1627469934539,,,,
jump,,1627469934539,1627469936180,,,
group questions,/data/front_page,1627469936201,1627469937759,,,
group questions,/data/b1,1627469937777,1627469941230,,,
group questions,/data/a1,1627469941255,1627469942990,,,
group questions,/data/e4,1627469943015,1627469950145,,,
group questions,/data/g5,1627469950175,1627469952313,,,
group questions,/data/h4,1627469952346,1627469956281,,,
group questions,/data/j4,1627469956309,1627469977623,,,
question,/data/j4/j4_2a,1627469956309,1627469977623,Halifax ya mtoto ikibadilika,Hali ya mtoto ikibadilika,
group questions,/data/l3,1627469977655,1627469980848,,,
group questions,/data/b2,1627469980891,1627469984633,,,
end screen,,1627469984669,1627469986493,,,
change reason,,1627470024043,,,,interaction occurred during interview 
form save,,1627470024291,,,,
form exit,,1627470024291,,,,
form finalize,,1627470024291,,,,
