event,node,start,end,old-value,new-value,change-reason
form start,,1627471869468,,,,
group questions,/data/front_page,1627471869469,1627471870415,,,
group questions,/data/b1,1627471870429,1627471872930,,,
group questions,/data/a1,1627471872960,1627471892050,,,
question,/data/a1/a1_a_4,1627471872960,1627471892050,,T-F0022-P0026,
form save,,1627471892195,,,,
form exit,,1627471892195,,,,
form resume,,1627474618403,,,,
jump,,1627474618403,1627474619667,,,
group questions,/data/front_page,1627474619685,1627474620648,,,
group questions,/data/b1,1627474620663,1627474621393,,,
group questions,/data/a1,1627474621423,1627474624237,,,
group questions,/data/e4,1627474624257,1627474628121,,,
question,/data/e4/e4_1,1627474624257,1627474628121,,0,
group questions,/data/g5,1627474628141,1627474637053,,,
question,/data/g5/g5_1,1627474628142,1627474637053,,1,
question,/data/g5/i4_1,1627474628142,1627474637053,,0,
question,/data/g5/h4_1,1627474628142,1627474637053,,1,
group questions,/data/h4,1627474637087,1627474647827,,,
question,/data/h4/h4_2,1627474637087,1627474647827,,1,
question,/data/h4/h4_3,1627474637087,1627474647827,,1,
question,/data/h4/h4_4,1627474637087,1627474647827,,5,
group questions,/data/j4,1627474647856,1627474685508,,,
question,/data/j4/j4_2,1627474647856,1627474685508,,1,
question,/data/j4/j4_1,1627474647856,1627474685508,,1,
question,/data/j4/h4_6,1627474647856,1627474685508,,96,
group questions,/data/l3,1627474685542,1627474724086,,,
question,/data/l3/l3_1,1627474685542,1627474724086,,5,
question,/data/l3/l3_2,1627474685542,1627474724086,,5,
question,/data/l3/l3_3,1627474685542,1627474724086,,5,
question,/data/l3/l3_4,1627474685542,1627474724086,,5,
question,/data/l3/l3_5,1627474685542,1627474724086,,5,
question,/data/l3/l3_6,1627474685542,1627474724086,,1,
question,/data/l3/l3_7,1627474685542,1627474724086,,5,
group questions,/data/b2,1627474724135,1627474755306,,,
question,/data/b2/b1_7,1627474724136,1627474755306,,1,
question,/data/b2/b2_10,1627474724136,1627474755306,,1,
question,/data/b2/b2_9a,1627474724136,1627474755306,,1,
question,/data/b2/b2_8,1627474724136,1627474755306,,3,
end screen,,1627474755345,1627474757218,,,
change reason,,1627474762474,,,,data recheck 
form save,,1627474762724,,,,
form exit,,1627474762724,,,,
form finalize,,1627474762724,,,,
