event,node,start,end,old-value,new-value,change-reason
form start,,1626947256064,,,,
group questions,/data/front_page,1626947256065,1626947257350,,,
group questions,/data/b1,1626947257363,1626947269507,,,
question,/data/b1/fcode,1626947257367,1626947269507,F0015,F0022,
group questions,/data/a1,1626947269536,1626947287694,,,
question,/data/a1/a1_a_4,1626947269536,1626947287694,,T-F0022-P0020,
group questions,/data/e4,1626947287718,1626947295708,,,
question,/data/e4/e4_1,1626947287718,1626947295708,,0,
group questions,/data/g5,1626947295726,1626947352385,,,
question,/data/g5/g5_1,1626947295726,1626947352385,,1,
question,/data/g5/i4_1,1626947295726,1626947352385,,0,
question,/data/g5/h4_1,1626947295726,1626947352385,,1,
group questions,/data/h4,1626947352417,1626947385061,,,
question,/data/h4/h4_2,1626947352417,1626947385061,,1,
question,/data/h4/h4_3,1626947352417,1626947385061,,1,
question,/data/h4/h4_4,1626947352417,1626947385061,,4,
group questions,/data/j4,1626947385088,1626947534623,,,
question,/data/j4/j4_2,1626947385088,1626947534623,,1,
question,/data/j4/j4_1,1626947385088,1626947534623,,2,
question,/data/j4/h4_6,1626947385088,1626947534623,,1,
group questions,/data/l3,1626947534660,1626947684303,,,
question,/data/l3/l3_1,1626947534661,1626947684303,,5,
question,/data/l3/l3_2,1626947534661,1626947684303,,5,
question,/data/l3/l3_3,1626947534661,1626947684303,,5,
question,/data/l3/l3_4,1626947534661,1626947684303,,5,
question,/data/l3/l3_5,1626947534661,1626947684303,,5,
question,/data/l3/l3_6,1626947534661,1626947684303,,1,
question,/data/l3/l3_7,1626947534661,1626947684303,,4,
group questions,/data/b2,1626947684350,1626947870051,,,
question,/data/b2/b1_7,1626947684350,1626947870051,,1,
question,/data/b2/b2_10,1626947684350,1626947870051,,1,
question,/data/b2/b2_9a,1626947684350,1626947870051,,1,
question,/data/b2/b2_8,1626947684350,1626947870051,,3,
end screen,,1626947870093,1626947948599,,,
form save,,1626947948774,,,,
form exit,,1626947948774,,,,
form resume,,1626948525061,,,,
jump,,1626948525061,1626948527890,,,
group questions,/data/front_page,1626948527909,1626948531297,,,
group questions,/data/b1,1626948531312,1626948535438,,,
group questions,/data/a1,1626948535465,1626948537346,,,
group questions,/data/e4,1626948537367,1626948538778,,,
group questions,/data/g5,1626948538797,1626948540424,,,
group questions,/data/h4,1626948540453,1626948541974,,,
group questions,/data/j4,1626948542002,1626948543433,,,
group questions,/data/l3,1626948543469,1626948546659,,,
group questions,/data/b2,1626948546705,1626948548304,,,
end screen,,1626948548349,1626948550596,,,
form save,,1626948550842,,,,
form exit,,1626948550843,,,,
form finalize,,1626948550843,,,,
