event,node,start,end,old-value,new-value,change-reason
form start,,1627631540156,,,,
group questions,/data/front_page,1627631540158,1627631547273,,,
group questions,/data/b1,1627631547287,1627631549153,,,
group questions,/data/a1,1627631549176,1627631665073,,,
question,/data/a1/a1_a_4a,1627631549176,1627631665073,,T-F0101-P0087,
group questions,/data/e4,1627631665095,1627631700163,,,
question,/data/e4/e4_1,1627631665095,1627631700163,,1,
group questions,/data/k2,1627631700187,1627631721981,,,
question,/data/k2/k2_1,1627631700188,1627631721981,,1,
group questions,/data/g5,1627631722008,1627631733911,,,
question,/data/g5/g5_1,1627631722009,1627631733911,,1,
question,/data/g5/i4_1,1627631722009,1627631733911,,0,
question,/data/g5/h4_1,1627631722009,1627631733911,,1,
group questions,/data/h4,1627631733940,1627631747553,,,
question,/data/h4/h4_2,1627631733940,1627631747553,,2,
question,/data/h4/h4_3,1627631733940,1627631747553,,2,
question,/data/h4/h4_4,1627631733940,1627631747553,,5,
group questions,/data/j4,1627631747578,1627631778012,,,
question,/data/j4/j4_2,1627631747579,1627631778012,,1,
question,/data/j4/j4_1,1627631747579,1627631778012,,1,
question,/data/j4/h4_6,1627631747579,1627631778012,,3,
group questions,/data/l3,1627631778040,1627631817272,,,
question,/data/l3/l3_1,1627631778040,1627631817272,,5,
question,/data/l3/l3_2,1627631778040,1627631817272,,5,
question,/data/l3/l3_3,1627631778040,1627631817272,,5,
question,/data/l3/l3_4,1627631778040,1627631817272,,5,
question,/data/l3/l3_5,1627631778040,1627631817272,,5,
question,/data/l3/l3_6,1627631778040,1627631817272,,1,
question,/data/l3/l3_7,1627631778040,1627631817272,,5,
group questions,/data/b2,1627631817313,1627631837616,,,
question,/data/b2/b1_7,1627631817313,1627631837616,,1,
question,/data/b2/b2_10,1627631817313,1627631837616,,1,
question,/data/b2/b2_9a,1627631817313,1627631837616,,0,
question,/data/b2/b2_8,1627631817314,1627631837616,,1,
end screen,,1627631837654,1627631840501,,,
form save,,1627631840677,,,,
form exit,,1627631840677,,,,
form resume,,1627640254179,,,,
jump,,1627640254179,1627640255948,,,
group questions,/data/front_page,1627640255967,1627640263222,,,
group questions,/data/b1,1627640263237,1627640264656,,,
group questions,/data/a1,1627640264683,1627640273515,,,
question,/data/a1/a1_a_4a,1627640264684,1627640273515,T-F0101-P0087,T-F0101-P0053,
group questions,/data/e4,1627640273540,1627640285765,,,
group questions,/data/k2,1627640285794,1627640290604,,,
group questions,/data/g5,1627640290633,1627640293779,,,
group questions,/data/h4,1627640293809,1627640300936,,,
group questions,/data/j4,1627640300967,1627640328445,,,
question,/data/j4/j4_2a,1627640300967,1627640328445,Mafua yakiemdelea,Mafua yakiendelea,
group questions,/data/l3,1627640328485,1627640332783,,,
group questions,/data/b2,1627640332829,1627640340852,,,
end screen,,1627640340892,1627640342715,,,
change reason,,1627640363316,,,,Cross checking
form save,,1627640363579,,,,
form exit,,1627640363580,,,,
form finalize,,1627640363580,,,,
