event,node,start,end,old-value,new-value,change-reason
form start,,1630048197632,,,,
group questions,/data/front_page,1630048197634,1630048198828,,,
group questions,/data/b1,1630048198842,1630048203596,,,
group questions,/data/a1,1630048203621,1630048227081,,,
question,/data/a1/a1_a_4a,1630048203621,1630048227081,,T-F0039-P0068,
group questions,/data/e4,1630048227105,1630048369485,,,
question,/data/e4/e4_1,1630048227105,1630048369485,,0,
group questions,/data/g5,1630048369505,1630048386509,,,
question,/data/g5/g5_1,1630048369505,1630048386509,,1,
question,/data/g5/i4_1,1630048369505,1630048386509,,0,
question,/data/g5/h4_1,1630048369505,1630048386509,,1,
group questions,/data/h4,1630048386540,1630048393192,,,
question,/data/h4/h4_2,1630048386540,1630048393192,,1,
question,/data/h4/h4_3,1630048386540,1630048393192,,1,
question,/data/h4/h4_4,1630048386540,1630048393192,,5,
group questions,/data/j4,1630048393222,1630048414850,,,
question,/data/j4/j4_2,1630048393223,1630048414850,,0,
question,/data/j4/j4_1,1630048393223,1630048414850,,1,
question,/data/j4/h4_6,1630048393223,1630048414850,,96,
group questions,/data/l3,1630048414878,1630048445856,,,
question,/data/l3/l3_1,1630048414879,1630048445856,,5,
question,/data/l3/l3_2,1630048414879,1630048445856,,5,
question,/data/l3/l3_3,1630048414879,1630048445856,,5,
question,/data/l3/l3_4,1630048414879,1630048445856,,5,
question,/data/l3/l3_5,1630048414879,1630048445856,,5,
question,/data/l3/l3_6,1630048414879,1630048445856,,1,
question,/data/l3/l3_7,1630048414879,1630048445856,,5,
group questions,/data/b2,1630048445908,1630048475709,,,
question,/data/b2/b1_7,1630048445908,1630048475709,,1,
question,/data/b2/b2_10,1630048445908,1630048475709,,0,
question,/data/b2/b2_9a,1630048445908,1630048475709,,0,
question,/data/b2/b2_8,1630048445908,1630048475709,,3,
end screen,,1630048475740,1630048482633,,,
form save,,1630048482799,,,,
form exit,,1630048482799,,,,
form resume,,1630051346237,,,,
jump,,1630051346237,1630051347417,,,
group questions,/data/front_page,1630051347436,1630051351015,,,
group questions,/data/b1,1630051351031,1630051352953,,,
group questions,/data/a1,1630051352979,1630051363307,,,
group questions,/data/e4,1630051363331,1630051365032,,,
group questions,/data/g5,1630051365051,1630051366654,,,
group questions,/data/h4,1630051366686,1630051369778,,,
group questions,/data/j4,1630051369805,1630051377725,,,
group questions,/data/l3,1630051377754,1630051387260,,,
group questions,/data/b2,1630051387306,1630051416602,,,
end screen,,1630051416637,1630051417564,,,
form save,,1630051417807,,,,
form exit,,1630051417807,,,,
form finalize,,1630051417807,,,,
