event,node,start,end,old-value,new-value,change-reason
form start,,1628678562777,,,,
group questions,/data/front_page,1628678562778,1628678563756,,,
group questions,/data/b1,1628678563769,1628678565170,,,
group questions,/data/a1,1628678565194,1628678575382,,,
question,/data/a1/a1_a_4,1628678565195,1628678575382,,T-F0022-P0041,
group questions,/data/e4,1628678575404,1628678578214,,,
question,/data/e4/e4_1,1628678575404,1628678578214,,0,
group questions,/data/g5,1628678578233,1628678610125,,,
question,/data/g5/g5_1,1628678578234,1628678610125,,0,
question,/data/g5/i4_1,1628678578234,1628678610125,,0,
question,/data/g5/h4_1,1628678578234,1628678610125,,1,
group questions,/data/h4,1628678610156,1628678619842,,,
question,/data/h4/h4_2,1628678610156,1628678619842,,1,
question,/data/h4/h4_3,1628678610156,1628678619842,,1,
question,/data/h4/h4_4,1628678610156,1628678619842,,4,
group questions,/data/j4,1628678619871,1628678654422,,,
question,/data/j4/j4_2,1628678619871,1628678654422,,0,
question,/data/j4/j4_1,1628678619871,1628678654422,,1,
question,/data/j4/h4_6,1628678619871,1628678654422,,96,
group questions,/data/l3,1628678654450,1628678714886,,,
question,/data/l3/l3_1,1628678654450,1628678714886,,4,
question,/data/l3/l3_2,1628678654450,1628678714886,,5,
question,/data/l3/l3_3,1628678654450,1628678714886,,4,
question,/data/l3/l3_4,1628678654450,1628678714886,,3,
question,/data/l3/l3_5,1628678654450,1628678714886,,5,
question,/data/l3/l3_6,1628678654450,1628678714886,,5,
question,/data/l3/l3_7,1628678654450,1628678714886,,5,
group questions,/data/b2,1628678714927,1628678748654,,,
question,/data/b2/b1_7,1628678714928,1628678748654,,1,
question,/data/b2/b2_10,1628678714928,1628678748654,,0,
question,/data/b2/b2_9a,1628678714928,1628678748654,,1,
question,/data/b2/b2_8,1628678714928,1628678748654,,3,
end screen,,1628678748692,1628678752972,,,
form save,,1628678753131,,,,
form exit,,1628678753131,,,,
form resume,,1628680858531,,,,
jump,,1628680858531,1628680860163,,,
group questions,/data/front_page,1628680860183,1628680861236,,,
group questions,/data/b1,1628680861251,1628680863564,,,
group questions,/data/a1,1628680863591,1628680866903,,,
group questions,/data/e4,1628680866920,1628680868000,,,
group questions,/data/g5,1628680868017,1628680869141,,,
group questions,/data/h4,1628680869169,1628680871284,,,
group questions,/data/j4,1628680871309,1628680873312,,,
group questions,/data/l3,1628680873336,1628680880420,,,
group questions,/data/b2,1628680880464,1628680882617,,,
group questions,/data/l3,1628680882656,1628680901445,,,
question,/data/l3/l3_7,1628680882656,1628680901445,5,4,
group questions,/data/b2,1628680901489,1628680906834,,,
end screen,,1628680906877,1628680908050,,,
change reason,,1628680913742,,,,data recheck 
form save,,1628680913995,,,,
form exit,,1628680913995,,,,
form finalize,,1628680913995,,,,
