event,node,start,end,old-value,new-value,change-reason
form start,,1626950292111,,,,
group questions,/data/front_page,1626950292112,1626950293263,,,
group questions,/data/b1,1626950293276,1626950295255,,,
group questions,/data/a1,1626950295281,1626950340513,,,
question,/data/a1/a1_a_4a,1626950295281,1626950340513,,T-F0101-P0046,
group questions,/data/e4,1626950340537,1626950352014,,,
question,/data/e4/e4_1,1626950340537,1626950352014,,1,
group questions,/data/k2,1626950352045,1626950367279,,,
question,/data/k2/k2_1,1626950352046,1626950367279,,1,
group questions,/data/g5,1626950367311,1626950379657,,,
question,/data/g5/g5_1,1626950367311,1626950379657,,1,
question,/data/g5/i4_1,1626950367311,1626950379657,,0,
question,/data/g5/h4_1,1626950367311,1626950379657,,1,
group questions,/data/k2,1626950379688,1626950380275,,,
group questions,/data/g5,1626950380308,1626950382252,,,
group questions,/data/h4,1626950382283,1626950422354,,,
question,/data/h4/h4_2,1626950382283,1626950422354,,2,
question,/data/h4/h4_3,1626950382283,1626950422354,,1,
question,/data/h4/h4_4,1626950382283,1626950422354,,5,
group questions,/data/j4,1626950422382,1626950475888,,,
question,/data/j4/j4_2,1626950422383,1626950475888,,0,
question,/data/j4/j4_1,1626950422383,1626950475888,,1,
question,/data/j4/h4_6,1626950422383,1626950475888,,96,
group questions,/data/l3,1626950475917,1626950523232,,,
question,/data/l3/l3_1,1626950475918,1626950523232,,5,
question,/data/l3/l3_2,1626950475918,1626950523232,,5,
question,/data/l3/l3_3,1626950475918,1626950523232,,5,
question,/data/l3/l3_4,1626950475918,1626950523232,,5,
question,/data/l3/l3_5,1626950475918,1626950523232,,5,
question,/data/l3/l3_6,1626950475918,1626950523232,,4,
question,/data/l3/l3_7,1626950475918,1626950523232,,5,
group questions,/data/b2,1626950523277,1626950594475,,,
question,/data/b2/b1_7,1626950523277,1626950594475,,1,
question,/data/b2/b2_10,1626950523277,1626950594475,,0,
question,/data/b2/b2_9a,1626950523277,1626950594475,,0,
question,/data/b2/b2_8,1626950523277,1626950594475,,1,
end screen,,1626950594504,1626950596445,,,
form save,,1626950596743,,,,
form exit,,1626950596743,,,,
form finalize,,1626950596743,,,,
