event,node,start,end,old-value,new-value,change-reason
form start,,1628593581182,,,,
group questions,/data/front_page,1628593581184,1628593584304,,,
group questions,/data/b1,1628593584319,1628593588803,,,
group questions,/data/a1,1628593588828,1628593601121,,,
question,/data/a1/a1_a_4,1628593588828,1628593601121,,T-F0022-P0036,
group questions,/data/e4,1628593601144,1628593619283,,,
question,/data/e4/e4_1,1628593601145,1628593619283,,0,
group questions,/data/g5,1628593619303,1628593633347,,,
question,/data/g5/g5_1,1628593619304,1628593633347,,1,
question,/data/g5/i4_1,1628593619304,1628593633347,,0,
question,/data/g5/h4_1,1628593619304,1628593633347,,1,
group questions,/data/h4,1628593633377,1628593643383,,,
question,/data/h4/h4_2,1628593633377,1628593643383,,1,
question,/data/h4/h4_3,1628593633377,1628593643383,,1,
question,/data/h4/h4_4,1628593633377,1628593643383,,4,
group questions,/data/j4,1628593643412,1628593680702,,,
question,/data/j4/j4_2,1628593643413,1628593680702,,0,
question,/data/j4/j4_1,1628593643413,1628593680702,,1,
question,/data/j4/h4_6,1628593643413,1628593680702,,"1, 2, 3",
group questions,/data/l3,1628593680732,1628593734723,,,
question,/data/l3/l3_1,1628593680733,1628593734723,,5,
question,/data/l3/l3_2,1628593680733,1628593734723,,5,
question,/data/l3/l3_3,1628593680733,1628593734723,,5,
question,/data/l3/l3_4,1628593680733,1628593734723,,5,
question,/data/l3/l3_5,1628593680733,1628593734723,,5,
question,/data/l3/l3_6,1628593680733,1628593734723,,1,
question,/data/l3/l3_7,1628593680733,1628593734723,,5,
group questions,/data/b2,1628593734765,1628593800574,,,
question,/data/b2/b1_7,1628593734765,1628593800574,,1,
question,/data/b2/b2_10,1628593734765,1628593800574,,0,
question,/data/b2/b2_9a,1628593734765,1628593800574,,1,
question,/data/b2/b2_8,1628593734765,1628593800574,,1,
end screen,,1628593800612,1628593803040,,,
form save,,1628593803216,,,,
form exit,,1628593803216,,,,
form resume,,1628597888399,,,,
jump,,1628597888399,1628597889484,,,
group questions,/data/front_page,1628597889503,1628597890544,,,
group questions,/data/b1,1628597890560,1628597895269,,,
group questions,/data/a1,1628597895295,1628597896993,,,
group questions,/data/e4,1628597897012,1628597899121,,,
group questions,/data/g5,1628597899140,1628597901009,,,
group questions,/data/h4,1628597901041,1628597903525,,,
group questions,/data/j4,1628597903554,1628597905963,,,
group questions,/data/l3,1628597905990,1628597908944,,,
group questions,/data/b2,1628597908995,1628597912216,,,
end screen,,1628597912260,1628597913589,,,
form save,,1628597914076,,,,
form exit,,1628597914076,,,,
form finalize,,1628597914076,,,,
