event,node,start,end,old-value,new-value,change-reason
form start,,1629700803582,,,,
group questions,/data/front_page,1629700803584,1629700804590,,,
group questions,/data/b1,1629700804606,1629700816127,,,
question,/data/b1/fcode,1629700804610,1629700816127,F0029,F0038,
group questions,/data/a1,1629700816162,1629700826216,,,
question,/data/a1/a1_a_4,1629700816162,1629700826216,,T-F0038-P0069,
group questions,/data/e4,1629700826283,1629700830766,,,
question,/data/e4/e4_1,1629700826283,1629700830766,,0,
group questions,/data/g5,1629700830788,1629700871433,,,
question,/data/g5/g5_1,1629700830789,1629700871433,,1,
question,/data/g5/i4_1,1629700830789,1629700871433,,0,
question,/data/g5/h4_1,1629700830789,1629700871433,,1,
group questions,/data/h4,1629700871470,1629700882751,,,
question,/data/h4/h4_2,1629700871470,1629700882751,,2,
question,/data/h4/h4_3,1629700871471,1629700882751,,1,
question,/data/h4/h4_4,1629700871471,1629700882751,,5,
group questions,/data/j4,1629700882783,1629700934356,,,
question,/data/j4/j4_2,1629700882784,1629700934356,,0,
question,/data/j4/j4_1,1629700882784,1629700934356,,1,
question,/data/j4/h4_6,1629700882784,1629700934356,,96,
group questions,/data/l3,1629700934388,1629700972880,,,
question,/data/l3/l3_1,1629700934389,1629700972880,,5,
question,/data/l3/l3_2,1629700934389,1629700972880,,5,
question,/data/l3/l3_3,1629700934389,1629700972880,,5,
question,/data/l3/l3_4,1629700934389,1629700972880,,5,
question,/data/l3/l3_5,1629700934389,1629700972880,,4,
question,/data/l3/l3_6,1629700934389,1629700972880,,4,
question,/data/l3/l3_7,1629700934390,1629700972880,,4,
group questions,/data/b2,1629700972925,1629701022067,,,
question,/data/b2/b1_7,1629700972926,1629701022067,,1,
question,/data/b2/b2_10,1629700972926,1629701022067,,1,
question,/data/b2/b2_9a,1629700972926,1629701022067,,0,
question,/data/b2/b2_8,1629700972926,1629701022067,,3,
end screen,,1629701022105,1629701065133,,,
form save,,1629701065311,,,,
form exit,,1629701065311,,,,
form resume,,1629701567501,,,,
jump,,1629701567502,1629701569234,,,
group questions,/data/front_page,1629701569252,1629701571209,,,
group questions,/data/b1,1629701571228,1629701572809,,,
group questions,/data/a1,1629701572839,1629701576693,,,
group questions,/data/e4,1629701576716,1629701579376,,,
group questions,/data/g5,1629701579402,1629701586281,,,
group questions,/data/h4,1629701586320,1629701598388,,,
group questions,/data/j4,1629701598422,1629701604115,,,
group questions,/data/l3,1629701604148,1629701617016,,,
question,/data/l3/l3_7,1629701604149,1629701617016,4,5,
group questions,/data/b2,1629701617064,1629701629642,,,
end screen,,1629701629686,1629701630887,,,
change reason,,1629701649332,,,,the form was not finalised 
form save,,1629701649580,,,,
form exit,,1629701649580,,,,
form finalize,,1629701649580,,,,
