event,node,start,end,old-value,new-value,change-reason
form start,,1627036116138,,,,
group questions,/data/front_page,1627036116139,1627036117304,,,
group questions,/data/b1,1627036117317,1627036118859,,,
group questions,/data/a1,1627036118884,1627036133083,,,
question,/data/a1/a1_a_4,1627036118885,1627036133083,,T-F0022-P0021,
group questions,/data/e4,1627036133111,1627036214667,,,
question,/data/e4/e4_1,1627036133111,1627036214667,,1,
group questions,/data/g5,1627036214694,1627036247748,,,
question,/data/g5/g5_1,1627036214694,1627036247748,,1,
question,/data/g5/i4_1,1627036214695,1627036247748,,0,
question,/data/g5/h4_1,1627036214695,1627036247748,,1,
group questions,/data/h4,1627036247779,1627036270151,,,
question,/data/h4/h4_2,1627036247779,1627036270151,,1,
question,/data/h4/h4_3,1627036247779,1627036270151,,1,
question,/data/h4/h4_4,1627036247779,1627036270151,,4,
group questions,/data/j4,1627036270179,1627036379305,,,
question,/data/j4/j4_2,1627036270179,1627036379305,,0,
question,/data/j4/j4_1,1627036270179,1627036379305,,2,
question,/data/j4/h4_6,1627036270179,1627036379305,,1,
group questions,/data/l3,1627036379333,1627036494751,,,
question,/data/l3/l3_1,1627036379333,1627036494751,,5,
question,/data/l3/l3_2,1627036379333,1627036494751,,5,
question,/data/l3/l3_3,1627036379333,1627036494751,,4,
question,/data/l3/l3_4,1627036379333,1627036494751,,1,
question,/data/l3/l3_5,1627036379333,1627036494751,,5,
question,/data/l3/l3_6,1627036379333,1627036494751,,1,
question,/data/l3/l3_7,1627036379333,1627036494751,,5,
group questions,/data/b2,1627036494789,1627036538685,,,
question,/data/b2/b1_7,1627036494790,1627036538685,,1,
question,/data/b2/b2_10,1627036494790,1627036538685,,0,
question,/data/b2/b2_9a,1627036494790,1627036538685,,1,
question,/data/b2/b2_8,1627036494790,1627036538685,,3,
end screen,,1627036538722,1627036545755,,,
form save,,1627036545917,,,,
form exit,,1627036545917,,,,
form resume,,1627036559459,,,,
jump,,1627036559459,1627036560920,,,
group questions,/data/front_page,1627036560937,1627036561930,,,
group questions,/data/b1,1627036561944,1627036563339,,,
group questions,/data/a1,1627036563365,1627036564533,,,
group questions,/data/e4,1627036564551,1627036568797,,,
group questions,/data/g5,1627036568824,1627036571373,,,
form exit,,1627036571373,,,,
form resume,,1627037506403,,,,
jump,,1627037506403,1627037507884,,,
group questions,/data/front_page,1627037507901,1627037508867,,,
group questions,/data/b1,1627037508882,1627037510034,,,
group questions,/data/a1,1627037510062,1627037520018,,,
group questions,/data/e4,1627037520040,1627037548479,,,
form exit,,1627037548479,,,,
form resume,,1627037955176,,,,
jump,,1627037955177,1627037956590,,,
group questions,/data/front_page,1627037956607,1627037957797,,,
group questions,/data/b1,1627037957811,1627037959075,,,
group questions,/data/a1,1627037959102,1627037960596,,,
group questions,/data/e4,1627037960615,1627037962175,,,
group questions,/data/g5,1627037962202,1627037966340,,,
group questions,/data/h4,1627037966373,1627037969393,,,
group questions,/data/j4,1627037969422,1627037974624,,,
group questions,/data/l3,1627037974656,1627037979168,,,
group questions,/data/b2,1627037979214,1627037985439,,,
end screen,,1627037985478,1627037987387,,,
group questions,/data/b2,1627037987387,1627037996452,,,
end screen,,1627037996493,1627038005580,,,
form save,,1627038005731,,,,
form exit,,1627038005731,,,,
form resume,,1627038708225,,,,
jump,,1627038708225,1627038709506,,,
group questions,/data/front_page,1627038709526,1627038710512,,,
group questions,/data/b1,1627038710527,1627038711669,,,
group questions,/data/a1,1627038711697,1627038712384,,,
group questions,/data/e4,1627038712406,1627038713366,,,
group questions,/data/g5,1627038713394,1627038714216,,,
group questions,/data/h4,1627038714248,1627038715223,,,
group questions,/data/j4,1627038715252,1627038716391,,,
group questions,/data/l3,1627038716424,1627038717918,,,
group questions,/data/b2,1627038717964,1627038719723,,,
end screen,,1627038719763,1627038723375,,,
form save,,1627038723620,,,,
form exit,,1627038723620,,,,
form finalize,,1627038723620,,,,
