event,node,start,end,old-value,new-value,change-reason
form start,,1627459222626,,,,
group questions,/data/front_page,1627459222628,1627459225561,,,
group questions,/data/b1,1627459225579,1627459227719,,,
group questions,/data/a1,1627459227747,1627459267257,,,
question,/data/a1/a1_a_4a,1627459227747,1627459267257,,T-F0101-P0060,
group questions,/data/e4,1627459267284,1627459367499,,,
question,/data/e4/e4_1,1627459267284,1627459367499,,1,
group questions,/data/k2,1627459367530,1627459374861,,,
question,/data/k2/k2_1,1627459367530,1627459374861,,0,
group questions,/data/g5,1627459374882,1627459391441,,,
question,/data/g5/g5_1,1627459374883,1627459391441,,1,
question,/data/g5/i4_1,1627459374883,1627459391441,,0,
question,/data/g5/h4_1,1627459374883,1627459391441,,1,
group questions,/data/h4,1627459391476,1627459427449,,,
question,/data/h4/h4_2,1627459391476,1627459427449,,1,
question,/data/h4/h4_3,1627459391476,1627459427449,,1,
question,/data/h4/h4_4,1627459391476,1627459427449,,5,
group questions,/data/j4,1627459427479,1627459481513,,,
question,/data/j4/j4_2,1627459427479,1627459481513,,1,
question,/data/j4/j4_1,1627459427479,1627459481513,,1,
question,/data/j4/h4_6,1627459427480,1627459481513,,96,
group questions,/data/l3,1627459481547,1627459523018,,,
question,/data/l3/l3_1,1627459481547,1627459523018,,5,
question,/data/l3/l3_2,1627459481547,1627459523018,,5,
question,/data/l3/l3_3,1627459481547,1627459523018,,5,
question,/data/l3/l3_4,1627459481548,1627459523018,,5,
question,/data/l3/l3_5,1627459481548,1627459523018,,5,
question,/data/l3/l3_6,1627459481548,1627459523018,,1,
question,/data/l3/l3_7,1627459481548,1627459523018,,5,
group questions,/data/b2,1627459523068,1627459552241,,,
question,/data/b2/b1_7,1627459523068,1627459552241,,1,
question,/data/b2/b2_10,1627459523068,1627459552241,,0,
question,/data/b2/b2_9a,1627459523068,1627459552241,,0,
question,/data/b2/b2_8,1627459523068,1627459552241,,3,
end screen,,1627459552278,1627459556929,,,
group questions,/data/b2,1627459556930,1627459558590,,,
group questions,/data/l3,1627459558626,1627459559749,,,
group questions,/data/j4,1627459559796,1627459600312,,,
group questions,/data/h4,1627459600349,1627459601722,,,
group questions,/data/g5,1627459601754,1627459604132,,,
group questions,/data/k2,1627459604167,1627459605790,,,
group questions,/data/e4,1627459605812,1627459616779,,,
group questions,/data/k2,1627459616811,1627459619904,,,
group questions,/data/g5,1627459619929,1627459624367,,,
group questions,/data/h4,1627459624400,1627459627471,,,
group questions,/data/j4,1627459627502,1627459631295,,,
group questions,/data/l3,1627459631330,1627459634959,,,
group questions,/data/b2,1627459635009,1627459636673,,,
end screen,,1627459636707,1627459638954,,,
form save,,1627459639132,,,,
form exit,,1627459639132,,,,
form resume,,1627460752519,,,,
jump,,1627460752519,1627460754366,,,
group questions,/data/front_page,1627460754426,1627460755952,,,
group questions,/data/b1,1627460755969,1627460757546,,,
group questions,/data/a1,1627460757598,1627460759843,,,
group questions,/data/e4,1627460759869,1627460780111,,,
group questions,/data/k2,1627460780166,1627460786074,,,
group questions,/data/g5,1627460786095,1627460791605,,,
group questions,/data/h4,1627460791646,1627460795158,,,
group questions,/data/j4,1627460795190,1627460864566,,,
question,/data/j4/j4_2a,1627460795190,1627460864566,Mtoto asipopona,Macho yakiendelea kutoa uchafu zaidi,
group questions,/data/l3,1627460864604,1627460875826,,,
group questions,/data/b2,1627460875869,1627460877569,,,
group questions,/data/l3,1627460877601,1627460880534,,,
group questions,/data/b2,1627460880577,1627460891197,,,
end screen,,1627460891225,1627460892723,,,
change reason,,1627460915877,,,,Completing  Interview
form save,,1627460916483,,,,
form exit,,1627460916483,,,,
form finalize,,1627460916483,,,,
