event,node,start,end,old-value,new-value,change-reason
form start,,1628676606492,,,,
group questions,/data/front_page,1628676606493,1628676607687,,,
group questions,/data/b1,1628676607701,1628676609608,,,
group questions,/data/a1,1628676609636,1628676627886,,,
question,/data/a1/a1_a_4,1628676609636,1628676627886,,T-F0022-P0040,
group questions,/data/e4,1628676627910,1628676650453,,,
question,/data/e4/e4_1,1628676627910,1628676650453,,0,
group questions,/data/g5,1628676650471,1628676658348,,,
question,/data/g5/g5_1,1628676650471,1628676658348,,1,
question,/data/g5/i4_1,1628676650471,1628676658348,,0,
group questions,/data/e4,1628676658385,1628676659362,,,
group questions,/data/g5,1628676659380,1628676663268,,,
question,/data/g5/h4_1,1628676659380,1628676663268,,1,
group questions,/data/h4,1628676663296,1628676672321,,,
question,/data/h4/h4_2,1628676663297,1628676672321,,1,
question,/data/h4/h4_3,1628676663297,1628676672321,,1,
question,/data/h4/h4_4,1628676663297,1628676672321,,4,
group questions,/data/j4,1628676672346,1628676743900,,,
question,/data/j4/j4_2,1628676672346,1628676743900,,1,
question,/data/j4/j4_1,1628676672346,1628676743900,,2,
question,/data/j4/h4_6,1628676672346,1628676743900,,"1, 2, 3",
group questions,/data/l3,1628676743935,1628676820094,,,
question,/data/l3/l3_1,1628676743935,1628676820094,,5,
question,/data/l3/l3_2,1628676743935,1628676820094,,5,
question,/data/l3/l3_3,1628676743935,1628676820094,,5,
question,/data/l3/l3_4,1628676743935,1628676820094,,5,
question,/data/l3/l3_5,1628676743935,1628676820094,,5,
question,/data/l3/l3_6,1628676743935,1628676820094,,2,
question,/data/l3/l3_7,1628676743935,1628676820094,,5,
group questions,/data/b2,1628676820139,1628676857071,,,
question,/data/b2/b1_7,1628676820139,1628676857071,,1,
question,/data/b2/b2_10,1628676820139,1628676857071,,1,
question,/data/b2/b2_9a,1628676820139,1628676857071,,1,
question,/data/b2/b2_8,1628676820139,1628676857071,,3,
end screen,,1628676857109,1628676859228,,,
form save,,1628676859394,,,,
form exit,,1628676859394,,,,
form resume,,1628680769076,,,,
jump,,1628680769076,1628680770028,,,
group questions,/data/front_page,1628680770046,1628680770994,,,
group questions,/data/b1,1628680771006,1628680771866,,,
group questions,/data/a1,1628680771889,1628680773297,,,
group questions,/data/b1,1628680773314,1628680774592,,,
group questions,/data/a1,1628680774620,1628680775389,,,
group questions,/data/e4,1628680775408,1628680779332,,,
group questions,/data/g5,1628680779350,1628680781078,,,
group questions,/data/h4,1628680781108,1628680783566,,,
group questions,/data/j4,1628680783594,1628680786942,,,
group questions,/data/l3,1628680786976,1628680794490,,,
group questions,/data/b2,1628680794534,1628680798185,,,
end screen,,1628680798229,1628680799478,,,
form save,,1628680799735,,,,
form exit,,1628680799735,,,,
form finalize,,1628680799735,,,,
