event,node,start,end,old-value,new-value,change-reason
form start,,1629714505725,,,,
group questions,/data/front_page,1629714505726,1629714508125,,,
group questions,/data/b1,1629714508141,1629714510570,,,
group questions,/data/a1,1629714510597,1629714537226,,,
question,/data/a1/a1_a_4a,1629714510597,1629714537226,,T-F0093-P0057,
group questions,/data/e4,1629714537252,1629714550408,,,
question,/data/e4/e4_1,1629714537253,1629714550408,,0,
group questions,/data/k2,1629714550429,1629714566847,,,
group questions,/data/e4,1629714566868,1629714568819,,,
group questions,/data/k2,1629714568840,1629714572659,,,
question,/data/k2/k2_1,1629714568840,1629714572659,,0,
group questions,/data/g5,1629714572680,1629714665074,,,
question,/data/g5/g5_1,1629714572680,1629714665074,,1,
question,/data/g5/i4_1,1629714572680,1629714665074,,0,
question,/data/g5/h4_1,1629714572680,1629714665074,,1,
group questions,/data/h4,1629714665110,1629714710259,,,
question,/data/h4/h4_2,1629714665110,1629714710259,,2,
question,/data/h4/h4_3,1629714665110,1629714710259,,2,
question,/data/h4/h4_4,1629714665110,1629714710259,,5,
group questions,/data/j4,1629714710290,1629714733615,,,
question,/data/j4/j4_2,1629714710291,1629714733615,,0,
question,/data/j4/j4_1,1629714710291,1629714733615,,1,
question,/data/j4/h4_6,1629714710291,1629714733615,,96,
group questions,/data/l3,1629714733647,1629714789002,,,
question,/data/l3/l3_1,1629714733647,1629714789002,,4,
question,/data/l3/l3_2,1629714733647,1629714789002,,5,
question,/data/l3/l3_3,1629714733647,1629714789002,,5,
question,/data/l3/l3_4,1629714733647,1629714789002,,5,
question,/data/l3/l3_5,1629714733647,1629714789002,,5,
question,/data/l3/l3_6,1629714733647,1629714789002,,3,
question,/data/l3/l3_7,1629714733647,1629714789002,,5,
group questions,/data/b2,1629714789054,1629714816019,,,
question,/data/b2/b1_7,1629714789055,1629714816019,,1,
question,/data/b2/b2_10,1629714789055,1629714816019,,1,
question,/data/b2/b2_9a,1629714789055,1629714816019,,0,
question,/data/b2/b2_8,1629714789055,1629714816019,,2,
end screen,,1629714816065,1629714833324,,,
form save,,1629714833602,,,,
form exit,,1629714833602,,,,
form finalize,,1629714833602,,,,
