event,node,start,end,old-value,new-value,change-reason
form start,,1629794680060,,,,
group questions,/data/front_page,1629794680061,1629794681148,,,
group questions,/data/b1,1629794681161,1629794682849,,,
group questions,/data/a1,1629794682874,1629794701383,,,
question,/data/a1/a1_a_4a,1629794682874,1629794701383,,T-F0039-P0059,
group questions,/data/e4,1629794701410,1629794758258,,,
question,/data/e4/e4_1,1629794701410,1629794758258,,0,
group questions,/data/g5,1629794758276,1629794767467,,,
question,/data/g5/g5_1,1629794758276,1629794767467,,1,
question,/data/g5/i4_1,1629794758276,1629794767467,,0,
question,/data/g5/h4_1,1629794758276,1629794767467,,1,
group questions,/data/h4,1629794767499,1629794773871,,,
question,/data/h4/h4_2,1629794767499,1629794773871,,1,
question,/data/h4/h4_3,1629794767499,1629794773871,,1,
question,/data/h4/h4_4,1629794767499,1629794773871,,5,
group questions,/data/j4,1629794773900,1629794811552,,,
question,/data/j4/j4_2,1629794773900,1629794811552,,0,
question,/data/j4/j4_1,1629794773900,1629794811552,,1,
question,/data/j4/h4_6,1629794773900,1629794811552,,96,
group questions,/data/l3,1629794811579,1629794902700,,,
question,/data/l3/l3_1,1629794811580,1629794902700,,5,
question,/data/l3/l3_2,1629794811580,1629794902700,,5,
question,/data/l3/l3_3,1629794811580,1629794902700,,5,
question,/data/l3/l3_4,1629794811580,1629794902700,,5,
question,/data/l3/l3_5,1629794811580,1629794902700,,5,
question,/data/l3/l3_6,1629794811580,1629794902700,,1,
question,/data/l3/l3_7,1629794811580,1629794902700,,5,
group questions,/data/b2,1629794902744,1629795012578,,,
question,/data/b2/b1_7,1629794902745,1629795012578,,1,
question,/data/b2/b2_10,1629794902745,1629795012578,,0,
question,/data/b2/b2_9a,1629794902745,1629795012578,,0,
question,/data/b2/b2_8,1629794902745,1629795012578,,3,
end screen,,1629795012608,1629795029612,,,
form save,,1629795029791,,,,
form exit,,1629795029791,,,,
form resume,,1629806394959,,,,
jump,,1629806394959,1629806396631,,,
group questions,/data/front_page,1629806396650,1629806397740,,,
group questions,/data/b1,1629806397755,1629806397922,,,
group questions,/data/a1,1629806397951,1629806400380,,,
group questions,/data/e4,1629806400404,1629806402820,,,
group questions,/data/g5,1629806402842,1629806412176,,,
group questions,/data/h4,1629806412208,1629806416043,,,
group questions,/data/j4,1629806416079,1629806421684,,,
group questions,/data/l3,1629806421714,1629806427933,,,
group questions,/data/b2,1629806427976,1629806435875,,,
end screen,,1629806435908,1629806436819,,,
form save,,1629806437072,,,,
form exit,,1629806437073,,,,
form finalize,,1629806437073,,,,
