event,node,start,end,old-value,new-value,change-reason
form start,,1627031339915,,,,
group questions,/data/front_page,1627031339916,1627031344773,,,
group questions,/data/b1,1627031344786,1627031346432,,,
group questions,/data/a1,1627031346455,1627031369429,,,
question,/data/a1/a1_a_4a,1627031346455,1627031369429,,T-F0101-P0052,
group questions,/data/e4,1627031369450,1627031401319,,,
question,/data/e4/e4_1,1627031369451,1627031401319,,1,
group questions,/data/k2,1627031401350,1627031427330,,,
question,/data/k2/k2_1,1627031401351,1627031427330,,1,
group questions,/data/g5,1627031427363,1627031436024,,,
question,/data/g5/g5_1,1627031427363,1627031436024,,1,
question,/data/g5/i4_1,1627031427363,1627031436024,,0,
question,/data/g5/h4_1,1627031427363,1627031436024,,1,
group questions,/data/h4,1627031436055,1627031444192,,,
question,/data/h4/h4_2,1627031436056,1627031444192,,2,
question,/data/h4/h4_3,1627031436056,1627031444192,,2,
question,/data/h4/h4_4,1627031436056,1627031444192,,5,
group questions,/data/j4,1627031444223,1627031478019,,,
question,/data/j4/j4_2,1627031444223,1627031478019,,1,
form save,,1627031478188,,,,
form exit,,1627031478189,,,,
form resume,,1627031814743,,,,
jump,,1627031814743,1627031819738,,,
group questions,/data/front_page,1627031819758,1627031823202,,,
form exit,,1627031823202,,,,
form resume,,1627036942219,,,,
jump,,1627036942219,1627036944239,,,
group questions,/data/front_page,1627036944263,1627036972276,,,
form save,,1627036972416,,,,
form exit,,1627036972416,,,,
form resume,,1627037021015,,,,
jump,,1627037021016,1627037022636,,,
group questions,/data/front_page,1627037022658,1627037023796,,,
group questions,/data/b1,1627037023810,1627037026182,,,
group questions,/data/a1,1627037026206,1627037034884,,,
question,/data/a1/a1_a_4a,1627037026206,1627037034884,T-F0101-P0052,T-F0101-P0051,
group questions,/data/e4,1627037034908,1627037048043,,,
question,/data/e4/e4_2,1627037034908,1627037048043,1,3,
group questions,/data/k2,1627037048070,1627037054863,,,
group questions,/data/g5,1627037054893,1627037056419,,,
group questions,/data/k2,1627037056449,1627037059833,,,
group questions,/data/g5,1627037059859,1627037066397,,,
group questions,/data/h4,1627037066429,1627037110967,,,
group questions,/data/j4,1627037110995,1627037148719,,,
question,/data/j4/j4_2,1627037110995,1627037148719,1,98,
question,/data/j4/j4_1,1627037110995,1627037148719,,1,
question,/data/j4/h4_6,1627037110995,1627037148719,,3,
group questions,/data/l3,1627037148752,1627037169750,,,
question,/data/l3/l3_1,1627037148753,1627037169750,,5,
question,/data/l3/l3_2,1627037148753,1627037169750,,5,
question,/data/l3/l3_3,1627037148753,1627037169750,,5,
question,/data/l3/l3_4,1627037148753,1627037169750,,5,
question,/data/l3/l3_5,1627037148753,1627037169750,,5,
question,/data/l3/l3_6,1627037148753,1627037169750,,3,
question,/data/l3/l3_7,1627037148753,1627037169750,,5,
group questions,/data/b2,1627037169794,1627037193417,,,
question,/data/b2/b1_7,1627037169795,1627037193417,,1,
question,/data/b2/b2_10,1627037169795,1627037193417,,0,
question,/data/b2/b2_9a,1627037169795,1627037193417,,0,
question,/data/b2/b2_8,1627037169795,1627037193417,,1,
end screen,,1627037193447,1627037198022,,,
change reason,,1627037260597,,,,The child was crying so much
form save,,1627037260833,,,,
form exit,,1627037260833,,,,
form finalize,,1627037260833,,,,
