event,node,start,end,old-value,new-value,change-reason
form start,,1627376472928,,,,
group questions,/data/front_page,1627376472929,1627376474125,,,
group questions,/data/b1,1627376474146,1627376476121,,,
form resume,,1627376538060,,,,
jump,,1627376538060,1627376566360,,,
group questions,/data/front_page,1627376566434,1627376567839,,,
group questions,/data/b1,1627376567908,1627376577049,,,
group questions,/data/a1,1627376577117,1627376619905,,,
question,/data/a1/a1_a_4a,1627376577117,1627376619905,,T-F0010-P0107,
group questions,/data/e4,1627376619932,1627376630824,,,
question,/data/e4/e4_1,1627376619932,1627376630824,,1,
group questions,/data/g5,1627376630848,1627376637748,,,
question,/data/g5/g5_1,1627376630848,1627376637748,,1,
group questions,/data/e4,1627376637779,1627376648428,,,
question,/data/e4/e4_1,1627376637780,1627376648428,1,0,
group questions,/data/g5,1627376648455,1627376689492,,,
question,/data/g5/i4_1,1627376648455,1627376689492,,0,
question,/data/g5/h4_1,1627376648455,1627376689492,,1,
group questions,/data/h4,1627376689523,1627376695243,,,
question,/data/h4/h4_2,1627376689523,1627376695243,,1,
question,/data/h4/h4_3,1627376689523,1627376695243,,1,
question,/data/h4/h4_4,1627376689523,1627376695243,,5,
group questions,/data/j4,1627376695273,1627376725869,,,
question,/data/j4/j4_2,1627376695274,1627376725869,,1,
question,/data/j4/j4_1,1627376695274,1627376725869,,1,
question,/data/j4/h4_6,1627376695274,1627376725869,,1,
group questions,/data/l3,1627376725900,1627376744056,,,
question,/data/l3/l3_1,1627376725901,1627376744056,,5,
question,/data/l3/l3_2,1627376725901,1627376744056,,5,
question,/data/l3/l3_3,1627376725901,1627376744056,,4,
question,/data/l3/l3_4,1627376725901,1627376744056,,4,
question,/data/l3/l3_5,1627376725901,1627376744056,,4,
question,/data/l3/l3_6,1627376725901,1627376744056,,3,
question,/data/l3/l3_7,1627376725901,1627376744056,,4,
group questions,/data/b2,1627376744100,1627376764807,,,
question,/data/b2/b1_7,1627376744100,1627376764807,,1,
question,/data/b2/b2_10,1627376744100,1627376764807,,0,
question,/data/b2/b2_9a,1627376744100,1627376764807,,0,
question,/data/b2/b2_8,1627376744100,1627376764807,,3,
end screen,,1627376764842,1627376875097,,,
change reason,,1627376896685,,,,. 
form save,,1627376896952,,,,
form exit,,1627376896952,,,,
form finalize,,1627376896952,,,,
