event,node,start,end,old-value,new-value,change-reason
form start,,1629796379966,,,,
group questions,/data/front_page,1629796379967,1629796381274,,,
group questions,/data/b1,1629796381289,1629796383639,,,
group questions,/data/a1,1629796383668,1629796444451,,,
question,/data/a1/a1_a_4a,1629796383668,1629796444451,,T-F0093-P0058,
group questions,/data/e4,1629796444476,1629796447350,,,
question,/data/e4/e4_1,1629796444476,1629796447350,,0,
group questions,/data/k2,1629796447372,1629796450171,,,
question,/data/k2/k2_1,1629796447373,1629796450171,,0,
group questions,/data/g5,1629796450194,1629796466288,,,
question,/data/g5/g5_1,1629796450194,1629796466288,,1,
question,/data/g5/i4_1,1629796450194,1629796466288,,0,
question,/data/g5/h4_1,1629796450194,1629796466288,,1,
group questions,/data/h4,1629796466325,1629796484963,,,
question,/data/h4/h4_2,1629796466325,1629796484963,,1,
question,/data/h4/h4_3,1629796466325,1629796484963,,1,
question,/data/h4/h4_4,1629796466325,1629796484963,,5,
group questions,/data/j4,1629796484994,1629796547957,,,
question,/data/j4/j4_2,1629796484995,1629796547957,,0,
question,/data/j4/j4_1,1629796484995,1629796547957,,2,
question,/data/j4/h4_6,1629796484995,1629796547957,,96,
group questions,/data/l3,1629796547987,1629796551990,,,
group questions,/data/j4,1629796552030,1629796553465,,,
group questions,/data/h4,1629796553501,1629796554739,,,
group questions,/data/j4,1629796554765,1629796556208,,,
group questions,/data/l3,1629796556237,1629796585385,,,
question,/data/l3/l3_1,1629796556237,1629796585385,,5,
question,/data/l3/l3_2,1629796556237,1629796585385,,5,
question,/data/l3/l3_3,1629796556238,1629796585385,,5,
question,/data/l3/l3_4,1629796556238,1629796585385,,5,
question,/data/l3/l3_5,1629796556238,1629796585385,,5,
question,/data/l3/l3_6,1629796556238,1629796585385,,2,
question,/data/l3/l3_7,1629796556238,1629796585385,,5,
group questions,/data/b2,1629796585431,1629796639034,,,
question,/data/b2/b1_7,1629796585431,1629796639034,,1,
question,/data/b2/b2_10,1629796585431,1629796639034,,0,
question,/data/b2/b2_9a,1629796585431,1629796639034,,0,
question,/data/b2/b2_8,1629796585431,1629796639034,,3,
end screen,,1629796639064,1629796642656,,,
form save,,1629796643069,,,,
form exit,,1629796643069,,,,
form finalize,,1629796643069,,,,
