event,node,start,end,old-value,new-value,change-reason
form start,,1627031866042,,,,
group questions,/data/front_page,1627031866043,1627031869765,,,
group questions,/data/b1,1627031869780,1627031873634,,,
group questions,/data/a1,1627031873661,1627031897640,,,
question,/data/a1/a1_a_4a,1627031873662,1627031897640,,T-F0010-P0093,
group questions,/data/e4,1627031897666,1627031908366,,,
question,/data/e4/e4_1,1627031897666,1627031908366,,1,
group questions,/data/g5,1627031908399,1627031921066,,,
question,/data/g5/g5_1,1627031908399,1627031921066,,1,
group questions,/data/e4,1627031921099,1627031928183,,,
group questions,/data/g5,1627031928211,1627031936306,,,
question,/data/g5/i4_1,1627031928212,1627031936306,,0,
question,/data/g5/h4_1,1627031928212,1627031936306,,1,
group questions,/data/h4,1627031936339,1627031947379,,,
question,/data/h4/h4_2,1627031936340,1627031947379,,1,
question,/data/h4/h4_3,1627031936340,1627031947379,,1,
question,/data/h4/h4_4,1627031936340,1627031947379,,4,
group questions,/data/j4,1627031947411,1627031971498,,,
question,/data/j4/j4_2,1627031947411,1627031971498,,0,
question,/data/j4/j4_1,1627031947411,1627031971498,,3,
question,/data/j4/h4_6,1627031947411,1627031971498,,96,
group questions,/data/l3,1627031971531,1627031989720,,,
question,/data/l3/l3_1,1627031971532,1627031989720,,4,
question,/data/l3/l3_2,1627031971532,1627031989720,,4,
question,/data/l3/l3_3,1627031971532,1627031989720,,4,
question,/data/l3/l3_4,1627031971532,1627031989720,,4,
question,/data/l3/l3_5,1627031971532,1627031989720,,4,
question,/data/l3/l3_6,1627031971532,1627031989720,,3,
question,/data/l3/l3_7,1627031971532,1627031989720,,4,
group questions,/data/b2,1627031989768,1627032003200,,,
question,/data/b2/b1_7,1627031989768,1627032003200,,1,
question,/data/b2/b2_10,1627031989768,1627032003200,,0,
question,/data/b2/b2_9a,1627031989768,1627032003200,,0,
question,/data/b2/b2_8,1627031989768,1627032003200,,1,
end screen,,1627032003233,1627032005693,,,
form save,,1627032005938,,,,
form exit,,1627032005938,,,,
form finalize,,1627032005938,,,,
