event,node,start,end,old-value,new-value,change-reason
form start,,1629787981334,,,,
group questions,/data/front_page,1629787981337,1629787984908,,,
group questions,/data/b1,1629787984923,1629787986275,,,
group questions,/data/a1,1629787986301,1629788029149,,,
question,/data/a1/a1_a_4a,1629787986302,1629788029149,,T-F0039-P0057,
group questions,/data/e4,1629788029173,1629788036027,,,
question,/data/e4/e4_1,1629788029173,1629788036027,,0,
group questions,/data/g5,1629788036047,1629788042943,,,
question,/data/g5/g5_1,1629788036047,1629788042943,,1,
question,/data/g5/i4_1,1629788036047,1629788042943,,0,
question,/data/g5/h4_1,1629788036048,1629788042943,,1,
group questions,/data/h4,1629788042978,1629788079773,,,
question,/data/h4/h4_2,1629788042978,1629788079773,,1,
question,/data/h4/h4_3,1629788042978,1629788079773,,1,
question,/data/h4/h4_4,1629788042978,1629788079773,,5,
group questions,/data/j4,1629788079804,1629788146070,,,
question,/data/j4/j4_2,1629788079804,1629788146070,,0,
question,/data/j4/j4_1,1629788079804,1629788146070,,1,
question,/data/j4/h4_6,1629788079804,1629788146070,,96,
group questions,/data/l3,1629788146099,1629788164222,,,
question,/data/l3/l3_1,1629788146100,1629788164222,,5,
question,/data/l3/l3_2,1629788146100,1629788164222,,5,
question,/data/l3/l3_3,1629788146100,1629788164222,,5,
question,/data/l3/l3_4,1629788146100,1629788164222,,5,
question,/data/l3/l3_5,1629788146100,1629788164222,,5,
question,/data/l3/l3_6,1629788146100,1629788164222,,1,
question,/data/l3/l3_7,1629788146100,1629788164222,,5,
group questions,/data/b2,1629788164271,1629788173248,,,
question,/data/b2/b1_7,1629788164271,1629788173248,,1,
question,/data/b2/b2_10,1629788164271,1629788173248,,0,
question,/data/b2/b2_9a,1629788164271,1629788173248,,0,
question,/data/b2/b2_8,1629788164271,1629788173248,,3,
end screen,,1629788173282,1629788174538,,,
group questions,/data/b2,1629788174539,1629788175830,,,
group questions,/data/l3,1629788175864,1629788177423,,,
group questions,/data/j4,1629788177470,1629788253000,,,
group questions,/data/l3,1629788253027,1629788260085,,,
group questions,/data/j4,1629788260129,1629788267858,,,
question,/data/j4/h4_6,1629788260129,1629788267858,96,1,
group questions,/data/l3,1629788267892,1629788316461,,,
group questions,/data/b2,1629788316509,1629788348843,,,
end screen,,1629788348875,1629788356824,,,
form save,,1629788356993,,,,
form exit,,1629788356993,,,,
form resume,,1629805076565,,,,
jump,,1629805076565,1629805078112,,,
group questions,/data/front_page,1629805078132,1629805081500,,,
group questions,/data/b1,1629805081516,1629805082895,,,
group questions,/data/a1,1629805082923,1629805084137,,,
group questions,/data/e4,1629805084164,1629805086641,,,
group questions,/data/g5,1629805086664,1629805088461,,,
group questions,/data/h4,1629805088500,1629805091560,,,
group questions,/data/j4,1629805091589,1629805105788,,,
group questions,/data/l3,1629805105814,1629805110812,,,
group questions,/data/b2,1629805110853,1629805116129,,,
end screen,,1629805116158,1629805117469,,,
form save,,1629805117710,,,,
form exit,,1629805117710,,,,
form finalize,,1629805117710,,,,
