event,node,start,end,old-value,new-value,change-reason
form start,,1628669536908,,,,
group questions,/data/front_page,1628669536909,1628669538264,,,
group questions,/data/b1,1628669538278,1628669540488,,,
group questions,/data/a1,1628669540514,1628669548655,,,
question,/data/a1/a1_a_4,1628669540515,1628669548655,,T-F0022-P0038,
group questions,/data/e4,1628669548680,1628669583518,,,
question,/data/e4/e4_1,1628669548681,1628669583518,,1,
group questions,/data/g5,1628669583545,1628669594652,,,
question,/data/g5/g5_1,1628669583546,1628669594652,,1,
question,/data/g5/i4_1,1628669583546,1628669594652,,0,
question,/data/g5/h4_1,1628669583546,1628669594652,,1,
group questions,/data/h4,1628669594685,1628669605456,,,
question,/data/h4/h4_2,1628669594685,1628669605456,,1,
question,/data/h4/h4_3,1628669594685,1628669605456,,1,
question,/data/h4/h4_4,1628669594685,1628669605456,,5,
group questions,/data/j4,1628669605487,1628669658192,,,
question,/data/j4/j4_2,1628669605487,1628669658192,,1,
question,/data/j4/j4_1,1628669605487,1628669658192,,1,
question,/data/j4/h4_6,1628669605487,1628669658192,,96,
group questions,/data/l3,1628669658228,1628669725379,,,
question,/data/l3/l3_1,1628669658229,1628669725379,,5,
question,/data/l3/l3_2,1628669658229,1628669725379,,5,
question,/data/l3/l3_3,1628669658229,1628669725379,,5,
question,/data/l3/l3_4,1628669658229,1628669725379,,5,
question,/data/l3/l3_5,1628669658229,1628669725379,,5,
question,/data/l3/l3_6,1628669658229,1628669725379,,3,
question,/data/l3/l3_7,1628669658229,1628669725379,,5,
group questions,/data/b2,1628669725423,1628669778468,,,
question,/data/b2/b1_7,1628669725423,1628669778468,,1,
question,/data/b2/b2_10,1628669725423,1628669778468,,1,
question,/data/b2/b2_9a,1628669725423,1628669778468,,0,
question,/data/b2/b2_8,1628669725423,1628669778468,,3,
end screen,,1628669778507,1628669781797,,,
form save,,1628669781965,,,,
form exit,,1628669781965,,,,
form resume,,1628680528649,,,,
jump,,1628680528649,1628680534466,,,
group questions,/data/front_page,1628680534491,1628680535600,,,
group questions,/data/b1,1628680535617,1628680536392,,,
group questions,/data/a1,1628680536416,1628680538656,,,
group questions,/data/e4,1628680538675,1628680541209,,,
group questions,/data/g5,1628680541240,1628680543022,,,
group questions,/data/h4,1628680543059,1628680544977,,,
group questions,/data/j4,1628680545013,1628680547861,,,
group questions,/data/l3,1628680547893,1628680550955,,,
group questions,/data/b2,1628680551005,1628680557106,,,
end screen,,1628680557145,1628680558423,,,
form save,,1628680558689,,,,
form exit,,1628680558689,,,,
form finalize,,1628680558689,,,,
