event,node,start,end,old-value,new-value,change-reason
form start,,1629879566453,,,,
group questions,/data/front_page,1629879566454,1629879567804,,,
group questions,/data/b1,1629879567817,1629879570225,,,
group questions,/data/a1,1629879570251,1629879596809,,,
question,/data/a1/a1_a_4a,1629879570251,1629879596809,,T-F0039-P0065,
group questions,/data/e4,1629879596834,1629879741619,,,
question,/data/e4/e4_1,1629879596834,1629879741619,,0,
group questions,/data/g5,1629879741639,1629879745688,,,
question,/data/g5/g5_1,1629879741640,1629879745688,,1,
question,/data/g5/i4_1,1629879741640,1629879745688,,0,
question,/data/g5/h4_1,1629879741640,1629879745688,,1,
group questions,/data/h4,1629879745722,1629879764162,,,
question,/data/h4/h4_2,1629879745723,1629879764162,,1,
question,/data/h4/h4_3,1629879745723,1629879764162,,1,
question,/data/h4/h4_4,1629879745723,1629879764162,,5,
group questions,/data/j4,1629879764190,1629879770459,,,
question,/data/j4/j4_2,1629879764191,1629879770459,,0,
question,/data/j4/j4_1,1629879764191,1629879770459,,1,
question,/data/j4/h4_6,1629879764191,1629879770459,,96,
group questions,/data/l3,1629879770487,1629879784373,,,
question,/data/l3/l3_1,1629879770487,1629879784373,,5,
question,/data/l3/l3_2,1629879770487,1629879784373,,5,
question,/data/l3/l3_3,1629879770487,1629879784373,,5,
question,/data/l3/l3_4,1629879770487,1629879784373,,5,
question,/data/l3/l3_5,1629879770487,1629879784373,,5,
question,/data/l3/l3_6,1629879770487,1629879784373,,5,
question,/data/l3/l3_7,1629879770488,1629879784373,,1,
group questions,/data/b2,1629879784415,1629879813009,,,
question,/data/b2/b1_7,1629879784415,1629879813009,,1,
question,/data/b2/b2_10,1629879784416,1629879813009,,0,
question,/data/b2/b2_9a,1629879784416,1629879813009,,0,
question,/data/b2/b2_8,1629879784416,1629879813009,,3,
end screen,,1629879813040,1629879848511,,,
group questions,/data/b2,1629879848511,1629880174301,,,
end screen,,1629880174332,1629880176489,,,
form save,,1629880176682,,,,
form exit,,1629880176682,,,,
form resume,,1629884986038,,,,
jump,,1629884986038,1629884987540,,,
group questions,/data/front_page,1629884987558,1629885000500,,,
group questions,/data/b1,1629885000518,1629885004119,,,
group questions,/data/a1,1629885004151,1629885006307,,,
group questions,/data/e4,1629885006332,1629885008732,,,
group questions,/data/a1,1629885008751,1629885009813,,,
group questions,/data/b1,1629885009839,1629885011723,,,
group questions,/data/a1,1629885011759,1629885014072,,,
group questions,/data/b1,1629885014098,1629885015388,,,
group questions,/data/a1,1629885015416,1629885016985,,,
group questions,/data/e4,1629885017009,1629885018540,,,
group questions,/data/g5,1629885018560,1629885020125,,,
group questions,/data/h4,1629885020159,1629885108436,,,
question,/data/h4/h4_2,1629885020159,1629885108436,1,2,
question,/data/h4/h4_3,1629885020159,1629885108436,1,2,
form exit,,1629885108436,,,,
form resume,,1629885734725,,,,
jump,,1629885734725,1629885736346,,,
group questions,/data/front_page,1629885736364,1629885737429,,,
group questions,/data/b1,1629885737445,1629885739081,,,
group questions,/data/a1,1629885739114,1629885740700,,,
group questions,/data/e4,1629885740724,1629885743681,,,
group questions,/data/g5,1629885743703,1629885750801,,,
group questions,/data/h4,1629885750832,1629885753717,,,
group questions,/data/j4,1629885753749,1629885756978,,,
group questions,/data/l3,1629885757008,1629885760876,,,
group questions,/data/b2,1629885760926,1629885768763,,,
end screen,,1629885768794,1629885769986,,,
form save,,1629885770227,,,,
form exit,,1629885770227,,,,
form finalize,,1629885770227,,,,
