event,node,start,end,old-value,new-value,change-reason
form start,,1629360642907,,,,
group questions,/data/front_page,1629360642908,1629360644295,,,
group questions,/data/b1,1629360644308,1629360675663,,,
group questions,/data/a1,1629360675689,1629360837327,,,
question,/data/a1/a1_a_4a,1629360675689,1629360837327,,T-F0039-P0051,
group questions,/data/e4,1629360837350,1629361515404,,,
question,/data/e4/e4_1,1629360837351,1629361515404,,0,
group questions,/data/g5,1629361515423,1629361524203,,,
question,/data/g5/g5_1,1629361515423,1629361524203,,1,
question,/data/g5/i4_1,1629361515423,1629361524203,,0,
question,/data/g5/h4_1,1629361515423,1629361524203,,1,
group questions,/data/h4,1629361524235,1629361533120,,,
question,/data/h4/h4_2,1629361524236,1629361533120,,2,
question,/data/h4/h4_3,1629361524236,1629361533120,,2,
question,/data/h4/h4_4,1629361524236,1629361533120,,5,
group questions,/data/j4,1629361533147,1629361551272,,,
question,/data/j4/j4_2,1629361533147,1629361551272,,0,
question,/data/j4/j4_1,1629361533147,1629361551272,,1,
question,/data/j4/h4_6,1629361533147,1629361551272,,96,
group questions,/data/l3,1629361551299,1629361574401,,,
question,/data/l3/l3_1,1629361551299,1629361574401,,5,
question,/data/l3/l3_2,1629361551299,1629361574401,,5,
question,/data/l3/l3_3,1629361551299,1629361574401,,5,
question,/data/l3/l3_4,1629361551299,1629361574401,,5,
question,/data/l3/l3_5,1629361551299,1629361574401,,5,
question,/data/l3/l3_6,1629361551299,1629361574401,,4,
question,/data/l3/l3_7,1629361551299,1629361574401,,5,
group questions,/data/b2,1629361574444,1629361621617,,,
question,/data/b2/b1_7,1629361574445,1629361621617,,1,
question,/data/b2/b2_10,1629361574445,1629361621617,,1,
question,/data/b2/b2_9a,1629361574445,1629361621617,,1,
question,/data/b2/b2_8,1629361574445,1629361621617,,1,
end screen,,1629361621663,1629361848919,,,
group questions,/data/b2,1629361848919,1629361850250,,,
group questions,/data/l3,1629361850287,1629361850807,,,
group questions,/data/j4,1629361850848,1629361851513,,,
group questions,/data/h4,1629361851538,1629361852330,,,
group questions,/data/g5,1629361852356,1629361853043,,,
group questions,/data/e4,1629361853071,1629361854029,,,
group questions,/data/a1,1629361854048,1629361857123,,,
group questions,/data/b1,1629361857146,1629361858821,,,
group questions,/data/a1,1629361858844,1629361866679,,,
group questions,/data/e4,1629361866703,1629361870485,,,
group questions,/data/g5,1629361870504,1629361872190,,,
group questions,/data/e4,1629361872228,1629361872659,,,
group questions,/data/a1,1629361872682,1629361873727,,,
group questions,/data/e4,1629361873751,1629361875469,,,
group questions,/data/g5,1629361875493,1629361891406,,,
group questions,/data/h4,1629361891436,1629361897362,,,
group questions,/data/j4,1629361897391,1629361903268,,,
group questions,/data/l3,1629361903299,1629361917194,,,
group questions,/data/b2,1629361917243,1629361950785,,,
question,/data/b2/b2_9a,1629361917243,1629361950785,1,0,
end screen,,1629361950830,1629361956519,,,
form save,,1629361956692,,,,
form exit,,1629361956692,,,,
form resume,,1629363376192,,,,
jump,,1629363376192,1629363377170,,,
end screen,,1629363377188,1629363378232,,,
form save,,1629363378513,,,,
form exit,,1629363378513,,,,
form finalize,,1629363378513,,,,
