event,node,start,end,old-value,new-value,change-reason
form start,,1629790642546,,,,
group questions,/data/front_page,1629790642548,1629790645621,,,
group questions,/data/b1,1629790645641,1629790648065,,,
group questions,/data/a1,1629790648093,1629790672153,,,
question,/data/a1/a1_a_4,1629790648093,1629790672153,,T-F0038-P0072,
group questions,/data/e4,1629790672178,1629790677793,,,
question,/data/e4/e4_1,1629790672179,1629790677793,,0,
group questions,/data/g5,1629790677814,1629790691866,,,
question,/data/g5/g5_1,1629790677815,1629790691866,,1,
question,/data/g5/i4_1,1629790677815,1629790691866,,0,
question,/data/g5/h4_1,1629790677815,1629790691866,,1,
group questions,/data/h4,1629790691899,1629790760848,,,
question,/data/h4/h4_2,1629790691899,1629790760848,,1,
question,/data/h4/h4_3,1629790691900,1629790760848,,1,
question,/data/h4/h4_4,1629790691900,1629790760848,,5,
group questions,/data/j4,1629790760881,1629791096409,,,
question,/data/j4/j4_2,1629790760881,1629791096409,,0,
question,/data/j4/j4_1,1629790760881,1629791096409,,1,
question,/data/j4/h4_6,1629790760881,1629791096409,,96,
group questions,/data/l3,1629791096440,1629791167775,,,
question,/data/l3/l3_1,1629791096441,1629791167775,,5,
question,/data/l3/l3_2,1629791096441,1629791167775,,4,
question,/data/l3/l3_3,1629791096441,1629791167775,,5,
question,/data/l3/l3_4,1629791096441,1629791167775,,5,
question,/data/l3/l3_5,1629791096441,1629791167775,,5,
question,/data/l3/l3_6,1629791096441,1629791167775,,5,
question,/data/l3/l3_7,1629791096441,1629791167775,,5,
group questions,/data/b2,1629791167815,1629791193812,,,
question,/data/b2/b1_7,1629791167816,1629791193812,,1,
question,/data/b2/b2_10,1629791167816,1629791193812,,1,
question,/data/b2/b2_9a,1629791167816,1629791193812,,0,
question,/data/b2/b2_8,1629791167816,1629791193812,,3,
end screen,,1629791193844,1629791195428,,,
group questions,/data/b2,1629791195429,1629791198206,,,
group questions,/data/l3,1629791198240,1629791240942,,,
question,/data/l3/l3_1,1629791198240,1629791240942,5,4,
question,/data/l3/l3_2,1629791198240,1629791240942,4,5,
group questions,/data/j4,1629791240983,1629791246453,,,
group questions,/data/h4,1629791246478,1629791256277,,,
group questions,/data/g5,1629791256304,1629791258186,,,
group questions,/data/h4,1629791258215,1629791258490,,,
group questions,/data/j4,1629791258519,1629791258903,,,
group questions,/data/l3,1629791258931,1629791259989,,,
group questions,/data/b2,1629791260030,1629791261044,,,
end screen,,1629791261078,1629791262453,,,
form save,,1629791262736,,,,
form exit,,1629791262736,,,,
form finalize,,1629791262736,,,,
