event,node,start,end,old-value,new-value,change-reason
form start,,1629277608351,,,,
group questions,/data/front_page,1629277608353,1629277610041,,,
group questions,/data/b1,1629277610058,1629277613952,,,
group questions,/data/a1,1629277613978,1629277646909,,,
question,/data/a1/a1_a_4a,1629277613978,1629277646909,,T-F0039-P0050,
group questions,/data/e4,1629277646934,1629277844152,,,
question,/data/e4/e4_1,1629277646934,1629277844152,,0,
group questions,/data/g5,1629277844172,1629277846193,,,
group questions,/data/e4,1629277846225,1629277848973,,,
group questions,/data/g5,1629277848994,1629277864536,,,
question,/data/g5/g5_1,1629277848995,1629277864536,,1,
question,/data/g5/i4_1,1629277848995,1629277864536,,0,
question,/data/g5/h4_1,1629277848995,1629277864536,,1,
group questions,/data/h4,1629277864569,1629277889678,,,
question,/data/h4/h4_2,1629277864570,1629277889678,,2,
question,/data/h4/h4_3,1629277864570,1629277889678,,2,
question,/data/h4/h4_4,1629277864570,1629277889678,,5,
group questions,/data/j4,1629277889706,1629277922657,,,
question,/data/j4/j4_2,1629277889706,1629277922657,,0,
question,/data/j4/j4_1,1629277889706,1629277922657,,1,
question,/data/j4/h4_6,1629277889706,1629277922657,,96,
group questions,/data/l3,1629277922686,1629277960998,,,
question,/data/l3/l3_1,1629277922686,1629277960998,,5,
question,/data/l3/l3_2,1629277922686,1629277960998,,5,
question,/data/l3/l3_3,1629277922686,1629277960998,,5,
question,/data/l3/l3_4,1629277922686,1629277960998,,5,
question,/data/l3/l3_5,1629277922687,1629277960998,,5,
question,/data/l3/l3_6,1629277922687,1629277960998,,1,
question,/data/l3/l3_7,1629277922687,1629277960998,,5,
group questions,/data/b2,1629277961044,1629277985935,,,
question,/data/b2/b1_7,1629277961044,1629277985935,,1,
question,/data/b2/b2_10,1629277961045,1629277985935,,1,
question,/data/b2/b2_9a,1629277961045,1629277985935,,0,
question,/data/b2/b2_8,1629277961045,1629277985935,,1,
end screen,,1629277985974,1629278117749,,,
form save,,1629278117922,,,,
form exit,,1629278117922,,,,
form resume,,1629278392786,,,,
jump,,1629278392787,1629278394352,,,
group questions,/data/front_page,1629278394395,1629278396382,,,
group questions,/data/b1,1629278396407,1629278398581,,,
group questions,/data/a1,1629278398650,1629278401528,,,
group questions,/data/e4,1629278401579,1629278406576,,,
group questions,/data/g5,1629278406602,1629278419445,,,
group questions,/data/h4,1629278419507,1629278424469,,,
group questions,/data/j4,1629278424509,1629278432494,,,
group questions,/data/l3,1629278432531,1629278444528,,,
group questions,/data/b2,1629278444600,1629278456828,,,
end screen,,1629278456873,1629278458266,,,
form save,,1629278458736,,,,
form exit,,1629278458736,,,,
form finalize,,1629278458736,,,,
