event,node,start,end,old-value,new-value,change-reason
form start,,1628597024607,,,,
group questions,/data/front_page,1628597024608,1628597025876,,,
group questions,/data/b1,1628597025890,1628597028575,,,
group questions,/data/a1,1628597028602,1628597048558,,,
question,/data/a1/a1_a_4,1628597028602,1628597048558,,T-F0022-P0037,
group questions,/data/e4,1628597048582,1628597080675,,,
question,/data/e4/e4_1,1628597048582,1628597080675,,1,
group questions,/data/g5,1628597080703,1628597543686,,,
question,/data/g5/g5_1,1628597080704,1628597543686,,1,
question,/data/g5/i4_1,1628597080704,1628597543686,,0,
question,/data/g5/h4_1,1628597080704,1628597543686,,1,
group questions,/data/h4,1628597543715,1628597558552,,,
question,/data/h4/h4_2,1628597543716,1628597558552,,1,
question,/data/h4/h4_3,1628597543716,1628597558552,,1,
question,/data/h4/h4_4,1628597543716,1628597558552,,5,
group questions,/data/j4,1628597558575,1628597631755,,,
question,/data/j4/j4_2,1628597558575,1628597631755,,1,
question,/data/j4/j4_1,1628597558575,1628597631755,,1,
question,/data/j4/h4_6,1628597558575,1628597631755,,96,
group questions,/data/l3,1628597631787,1628597677242,,,
question,/data/l3/l3_1,1628597631787,1628597677242,,5,
question,/data/l3/l3_2,1628597631787,1628597677242,,5,
question,/data/l3/l3_3,1628597631787,1628597677242,,5,
question,/data/l3/l3_4,1628597631787,1628597677242,,5,
question,/data/l3/l3_5,1628597631787,1628597677242,,5,
question,/data/l3/l3_6,1628597631787,1628597677242,,2,
question,/data/l3/l3_7,1628597631787,1628597677242,,5,
group questions,/data/b2,1628597677285,1628597746438,,,
question,/data/b2/b1_7,1628597677286,1628597746438,,1,
question,/data/b2/b2_10,1628597677286,1628597746438,,0,
question,/data/b2/b2_9a,1628597677286,1628597746438,,1,
question,/data/b2/b2_8,1628597677286,1628597746438,,3,
end screen,,1628597746474,1628597749022,,,
form save,,1628597749200,,,,
form exit,,1628597749200,,,,
form resume,,1628598094332,,,,
jump,,1628598094332,1628598095654,,,
group questions,/data/front_page,1628598095674,1628598097232,,,
group questions,/data/b1,1628598097249,1628598097973,,,
group questions,/data/a1,1628598098002,1628598099697,,,
group questions,/data/b1,1628598099713,1628598101815,,,
group questions,/data/a1,1628598101839,1628598102613,,,
group questions,/data/e4,1628598102630,1628598103804,,,
group questions,/data/g5,1628598103829,1628598104945,,,
group questions,/data/h4,1628598104972,1628598106310,,,
group questions,/data/g5,1628598106333,1628598107451,,,
group questions,/data/e4,1628598107480,1628598115087,,,
group questions,/data/g5,1628598115113,1628598120160,,,
group questions,/data/h4,1628598120190,1628598122556,,,
group questions,/data/j4,1628598122583,1628598125036,,,
group questions,/data/l3,1628598125070,1628598127832,,,
group questions,/data/b2,1628598127875,1628598129729,,,
group questions,/data/l3,1628598129769,1628598133915,,,
group questions,/data/b2,1628598133958,1628598139283,,,
end screen,,1628598139324,1628598140886,,,
form save,,1628598141337,,,,
form exit,,1628598141337,,,,
form finalize,,1628598141337,,,,
