event,node,start,end,old-value,new-value,change-reason
form start,,1629457834991,,,,
group questions,/data/front_page,1629457834993,1629457837342,,,
group questions,/data/b1,1629457837357,1629457839576,,,
group questions,/data/a1,1629457839603,1629457865871,,,
question,/data/a1/a1_a_4,1629457839604,1629457865871,,T-F0092-P0017,
group questions,/data/e4,1629457865896,1629457868927,,,
question,/data/e4/e4_1,1629457865897,1629457868927,,0,
group questions,/data/k2,1629457868951,1629457872170,,,
question,/data/k2/k2_1,1629457868952,1629457872170,,0,
group questions,/data/g5,1629457872193,1629457894493,,,
question,/data/g5/g5_1,1629457872193,1629457894493,,1,
question,/data/g5/i4_1,1629457872193,1629457894493,,0,
question,/data/g5/h4_1,1629457872193,1629457894493,,1,
group questions,/data/h4,1629457894527,1629457909579,,,
question,/data/h4/h4_2,1629457894527,1629457909579,,2,
question,/data/h4/h4_3,1629457894527,1629457909579,,2,
question,/data/h4/h4_4,1629457894527,1629457909579,,5,
group questions,/data/j4,1629457909607,1629458001698,,,
question,/data/j4/j4_2,1629457909608,1629458001698,,1,
question,/data/j4/j4_1,1629457909608,1629458001698,,1,
question,/data/j4/h4_6,1629457909608,1629458001698,,"1, 3, 2",
group questions,/data/l3,1629458001725,1629458057619,,,
question,/data/l3/l3_1,1629458001725,1629458057619,,5,
question,/data/l3/l3_2,1629458001725,1629458057619,,5,
question,/data/l3/l3_3,1629458001725,1629458057619,,5,
question,/data/l3/l3_4,1629458001725,1629458057619,,5,
question,/data/l3/l3_5,1629458001725,1629458057619,,5,
question,/data/l3/l3_6,1629458001725,1629458057619,,1,
question,/data/l3/l3_7,1629458001725,1629458057619,,4,
group questions,/data/b2,1629458057658,1629458086267,,,
question,/data/b2/b1_7,1629458057658,1629458086267,,1,
question,/data/b2/b2_10,1629458057658,1629458086267,,0,
question,/data/b2/b2_9a,1629458057658,1629458086267,,0,
question,/data/b2/b2_8,1629458057658,1629458086267,,1,
end screen,,1629458086295,1629458091827,,,
form save,,1629458092080,,,,
form exit,,1629458092080,,,,
form finalize,,1629458092080,,,,
form resume,,1629458137295,,,,
jump,,1629458137296,1629458139963,,,
end screen,,1629458139987,1629458144692,,,
form save,,1629458144970,,,,
form exit,,1629458144970,,,,
form finalize,,1629458144970,,,,
form resume,,1629458252372,,,,
jump,,1629458252372,1629458253596,,,
group questions,/data/front_page,1629458253614,1629458254682,,,
group questions,/data/b1,1629458254696,1629458255701,,,
group questions,/data/a1,1629458255729,1629458256513,,,
group questions,/data/e4,1629458256534,1629458257360,,,
group questions,/data/k2,1629458257380,1629458258128,,,
group questions,/data/g5,1629458258149,1629458258913,,,
group questions,/data/h4,1629458258946,1629458259775,,,
group questions,/data/j4,1629458259806,1629458260938,,,
group questions,/data/l3,1629458260973,1629458261999,,,
group questions,/data/b2,1629458262046,1629458262967,,,
end screen,,1629458263013,1629458264534,,,
form save,,1629458264771,,,,
form exit,,1629458264771,,,,
form finalize,,1629458264771,,,,
