event,node,start,end,old-value,new-value,change-reason
form start,,1629878520311,,,,
group questions,/data/front_page,1629878520313,1629878521771,,,
group questions,/data/b1,1629878521787,1629878528819,,,
group questions,/data/a1,1629878528851,1629878551953,,,
question,/data/a1/a1_a_4,1629878528852,1629878551953,,T-F0038-P0077,
group questions,/data/e4,1629878551980,1629878555465,,,
question,/data/e4/e4_1,1629878551980,1629878555465,,0,
group questions,/data/g5,1629878555486,1629878971313,,,
question,/data/g5/g5_1,1629878555486,1629878971313,,0,
question,/data/g5/i4_1,1629878555486,1629878971313,,0,
question,/data/g5/h4_1,1629878555486,1629878971313,,1,
group questions,/data/h4,1629878971344,1629879000677,,,
question,/data/h4/h4_2,1629878971344,1629879000677,,2,
question,/data/h4/h4_3,1629878971344,1629879000677,,3,
question,/data/h4/h4_4,1629878971344,1629879000677,,5,
group questions,/data/j4,1629879000704,1629879041014,,,
question,/data/j4/j4_2,1629879000704,1629879041014,,0,
question,/data/j4/j4_1,1629879000704,1629879041014,,1,
question,/data/j4/h4_6,1629879000704,1629879041014,,96,
group questions,/data/l3,1629879041041,1629879123469,,,
question,/data/l3/l3_1,1629879041041,1629879123469,,5,
question,/data/l3/l3_2,1629879041041,1629879123469,,5,
question,/data/l3/l3_3,1629879041041,1629879123469,,5,
question,/data/l3/l3_4,1629879041041,1629879123469,,5,
question,/data/l3/l3_5,1629879041042,1629879123469,,5,
question,/data/l3/l3_6,1629879041042,1629879123469,,4,
question,/data/l3/l3_7,1629879041042,1629879123469,,5,
group questions,/data/b2,1629879123519,1629879165351,,,
question,/data/b2/b1_7,1629879123520,1629879165351,,1,
question,/data/b2/b2_10,1629879123520,1629879165351,,1,
question,/data/b2/b2_9a,1629879123520,1629879165351,,0,
question,/data/b2/b2_8,1629879123520,1629879165351,,1,
end screen,,1629879165387,1629879166771,,,
group questions,/data/b2,1629879166772,1629879212743,,,
group questions,/data/l3,1629879212779,1629879214438,,,
group questions,/data/j4,1629879214484,1629879219482,,,
group questions,/data/h4,1629879219512,1629879222427,,,
group questions,/data/g5,1629879222457,1629879224585,,,
group questions,/data/h4,1629879224616,1629879228639,,,
group questions,/data/j4,1629879228667,1629879245920,,,
group questions,/data/h4,1629879245948,1629879254115,,,
group questions,/data/g5,1629879254144,1629879263444,,,
group questions,/data/h4,1629879263477,1629879304933,,,
group questions,/data/j4,1629879304964,1629879306039,,,
group questions,/data/l3,1629879306068,1629879309195,,,
group questions,/data/b2,1629879309241,1629879311014,,,
end screen,,1629879311051,1629879312572,,,
form save,,1629879312836,,,,
form exit,,1629879312837,,,,
form finalize,,1629879312837,,,,
