event,node,start,end,old-value,new-value,change-reason
form start,,1629877143505,,,,
group questions,/data/front_page,1629877143507,1629877145745,,,
group questions,/data/b1,1629877145759,1629877148452,,,
group questions,/data/a1,1629877148478,1629877176162,,,
question,/data/a1/a1_a_4a,1629877148478,1629877176162,,T-F0039-P0063,
group questions,/data/e4,1629877176184,1629877179187,,,
group questions,/data/a1,1629877179205,1629877211986,,,
group questions,/data/e4,1629877212008,1629877255263,,,
question,/data/e4/e4_1,1629877212008,1629877255263,,0,
group questions,/data/g5,1629877255282,1629877273997,,,
question,/data/g5/g5_1,1629877255282,1629877273997,,1,
question,/data/g5/i4_1,1629877255282,1629877273997,,0,
question,/data/g5/h4_1,1629877255282,1629877273997,,1,
group questions,/data/h4,1629877274028,1629877282970,,,
question,/data/h4/h4_2,1629877274028,1629877282970,,1,
question,/data/h4/h4_3,1629877274028,1629877282970,,1,
question,/data/h4/h4_4,1629877274028,1629877282970,,5,
group questions,/data/j4,1629877282995,1629877293096,,,
question,/data/j4/j4_2,1629877282995,1629877293096,,0,
question,/data/j4/j4_1,1629877282995,1629877293096,,1,
question,/data/j4/h4_6,1629877282995,1629877293096,,1,
group questions,/data/l3,1629877293127,1629877309633,,,
question,/data/l3/l3_1,1629877293127,1629877309633,,5,
question,/data/l3/l3_2,1629877293127,1629877309633,,5,
question,/data/l3/l3_3,1629877293127,1629877309633,,5,
question,/data/l3/l3_4,1629877293127,1629877309633,,5,
question,/data/l3/l3_5,1629877293127,1629877309633,,5,
question,/data/l3/l3_6,1629877293127,1629877309633,,1,
question,/data/l3/l3_7,1629877293128,1629877309633,,5,
group questions,/data/b2,1629877309676,1629877359624,,,
question,/data/b2/b1_7,1629877309676,1629877359624,,1,
question,/data/b2/b2_10,1629877309676,1629877359624,,0,
question,/data/b2/b2_9a,1629877309676,1629877359624,,0,
question,/data/b2/b2_8,1629877309676,1629877359624,,3,
end screen,,1629877359654,1629877361912,,,
group questions,/data/b2,1629877361912,1629877473245,,,
end screen,,1629877473275,1629877474838,,,
form save,,1629877474997,,,,
form exit,,1629877474997,,,,
form resume,,1629883606779,,,,
jump,,1629883606780,1629883608176,,,
group questions,/data/front_page,1629883608193,1629883609735,,,
group questions,/data/b1,1629883609751,1629883611119,,,
group questions,/data/a1,1629883611146,1629883612929,,,
group questions,/data/e4,1629883612954,1629883626497,,,
group questions,/data/g5,1629883626519,1629883628570,,,
group questions,/data/h4,1629883628602,1629883634746,,,
group questions,/data/j4,1629883634776,1629883640700,,,
group questions,/data/l3,1629883640731,1629883644914,,,
group questions,/data/b2,1629883644959,1629883655590,,,
end screen,,1629883655625,1629883656674,,,
form save,,1629883656910,,,,
form exit,,1629883656910,,,,
form finalize,,1629883656911,,,,
