event,node,start,end,old-value,new-value,change-reason
form start,,1630052172553,,,,
group questions,/data/front_page,1630052172555,1630052173570,,,
group questions,/data/b1,1630052173582,1630052174982,,,
group questions,/data/a1,1630052175009,1630052179617,,,
question,/data/a1/a1_a_4,1630052175010,1630052179617,,T-F0038-P0084,
group questions,/data/e4,1630052179642,1630052183036,,,
question,/data/e4/e4_1,1630052179642,1630052183036,,0,
group questions,/data/g5,1630052183057,1630052198588,,,
question,/data/g5/g5_1,1630052183057,1630052198588,,1,
question,/data/g5/i4_1,1630052183057,1630052198588,,0,
question,/data/g5/h4_1,1630052183057,1630052198588,,1,
group questions,/data/h4,1630052198624,1630052209613,,,
question,/data/h4/h4_2,1630052198624,1630052209613,,1,
question,/data/h4/h4_3,1630052198624,1630052209613,,1,
question,/data/h4/h4_4,1630052198624,1630052209613,,5,
group questions,/data/j4,1630052209642,1630052607988,,,
question,/data/j4/j4_2,1630052209642,1630052607988,,0,
question,/data/j4/j4_1,1630052209642,1630052607988,,1,
question,/data/j4/h4_6,1630052209642,1630052607988,,96,
group questions,/data/l3,1630052608017,1630052642621,,,
question,/data/l3/l3_1,1630052608017,1630052642621,,4,
question,/data/l3/l3_2,1630052608017,1630052642621,,5,
question,/data/l3/l3_3,1630052608017,1630052642621,,5,
question,/data/l3/l3_4,1630052608017,1630052642621,,5,
question,/data/l3/l3_5,1630052608017,1630052642621,,5,
question,/data/l3/l3_6,1630052608017,1630052642621,,3,
question,/data/l3/l3_7,1630052608017,1630052642621,,5,
group questions,/data/b2,1630052642668,1630052672966,,,
question,/data/b2/b1_7,1630052642668,1630052672966,,1,
question,/data/b2/b2_10,1630052642668,1630052672966,,1,
question,/data/b2/b2_9a,1630052642668,1630052672966,,0,
question,/data/b2/b2_8,1630052642668,1630052672966,,2,
end screen,,1630052673008,1630052674597,,,
group questions,/data/b2,1630052674598,1630052675667,,,
group questions,/data/l3,1630052675708,1630052677459,,,
group questions,/data/j4,1630052677507,1630052679673,,,
group questions,/data/h4,1630052679696,1630052691591,,,
question,/data/h4/h4_2,1630052679696,1630052691591,1,2,
question,/data/h4/h4_3,1630052679696,1630052691591,1,2,
group questions,/data/g5,1630052691616,1630052693017,,,
group questions,/data/h4,1630052693045,1630052693727,,,
group questions,/data/j4,1630052693753,1630052694479,,,
group questions,/data/l3,1630052694503,1630052699804,,,
group questions,/data/b2,1630052699844,1630052703086,,,
end screen,,1630052703118,1630052704460,,,
form save,,1630052704728,,,,
form exit,,1630052704728,,,,
form finalize,,1630052704728,,,,
form resume,,1630053218139,,,,
jump,,1630053218139,1630053220866,,,
group questions,/data/front_page,1630053220887,1630053222821,,,
group questions,/data/b1,1630053222838,1630053225349,,,
group questions,/data/a1,1630053225374,1630053227370,,,
group questions,/data/e4,1630053227390,1630053229349,,,
group questions,/data/g5,1630053229369,1630053231616,,,
group questions,/data/h4,1630053231651,1630053237991,,,
question,/data/h4/h4_2,1630053231651,1630053237991,2,1,
question,/data/h4/h4_3,1630053231651,1630053237991,2,1,
group questions,/data/j4,1630053238022,1630053243059,,,
group questions,/data/l3,1630053243091,1630053245920,,,
group questions,/data/b2,1630053245970,1630053254712,,,
end screen,,1630053254748,1630053255982,,,
change reason,,1630053297980,,,,all medicines were received so I changed 
form save,,1630053298219,,,,
form exit,,1630053298219,,,,
form finalize,,1630053298219,,,,
