event,node,start,end,old-value,new-value,change-reason
form start,,1629449487019,,,,
group questions,/data/front_page,1629449487020,1629449500456,,,
form save,,1629449500574,,,,
form exit,,1629449500574,,,,
form resume,,1629458837143,,,,
jump,,1629458837143,1629458842992,,,
group questions,/data/front_page,1629458843021,1629458848891,,,
form exit,,1629458848891,,,,
form resume,,1629716840971,,,,
jump,,1629716840972,1629716842192,,,
end screen,,1629716842211,1629716843850,,,
constraint error,,1629716843947,,,,
group questions,/data/a1,1629716843962,1629716852792,,,
group questions,/data/b1,1629716852825,1629716855266,,,
group questions,/data/front_page,1629716855289,1629716867093,,,
group questions,/data/b1,1629716867109,1629716870251,,,
form exit,,1629716870251,,,,
form resume,,1629716880357,,,,
jump,,1629716880357,1629716885553,,,
end screen,,1629716885574,1629716891215,,,
constraint error,,1629716891311,,,,
group questions,/data/a1,1629716891322,1629716897303,,,
group questions,/data/b1,1629716897324,1629716899724,,,
group questions,/data/a1,1629716899751,1629716947882,,,
question,/data/a1/a1_a_4a,1629716899751,1629716947882,,T-F0085-P0059,
group questions,/data/e4,1629716947908,1629716950403,,,
question,/data/e4/e4_1,1629716947908,1629716950403,,0,
group questions,/data/k2,1629716950423,1629716952995,,,
question,/data/k2/k2_1,1629716950423,1629716952995,,0,
group questions,/data/g5,1629716953024,1629716957048,,,
question,/data/g5/g5_1,1629716953025,1629716957048,,1,
question,/data/g5/i4_1,1629716953025,1629716957048,,0,
question,/data/g5/h4_1,1629716953025,1629716957048,,1,
group questions,/data/h4,1629716957081,1629716963128,,,
question,/data/h4/h4_2,1629716957081,1629716963128,,1,
question,/data/h4/h4_3,1629716957081,1629716963128,,1,
question,/data/h4/h4_4,1629716957081,1629716963128,,5,
group questions,/data/j4,1629716963160,1629716968684,,,
question,/data/j4/j4_2,1629716963160,1629716968684,,0,
question,/data/j4/j4_1,1629716963160,1629716968684,,1,
question,/data/j4/h4_6,1629716963160,1629716968684,,96,
group questions,/data/l3,1629716968715,1629716977934,,,
question,/data/l3/l3_1,1629716968715,1629716977934,,5,
question,/data/l3/l3_2,1629716968715,1629716977934,,5,
question,/data/l3/l3_3,1629716968715,1629716977934,,4,
question,/data/l3/l3_4,1629716968715,1629716977934,,4,
question,/data/l3/l3_5,1629716968715,1629716977934,,5,
question,/data/l3/l3_6,1629716968715,1629716977934,,3,
question,/data/l3/l3_7,1629716968715,1629716977934,,4,
group questions,/data/b2,1629716977994,1629717025273,,,
question,/data/b2/b1_7,1629716977995,1629717025273,,1,
question,/data/b2/b2_10,1629716977995,1629717025273,,0,
question,/data/b2/b2_9a,1629716977995,1629717025273,,0,
question,/data/b2/b2_8,1629716977995,1629717025273,,3,
end screen,,1629717025301,1629717038570,,,
change reason,,1629717049543,,,,errors
form save,,1629717049779,,,,
form exit,,1629717049779,,,,
form finalize,,1629717049779,,,,
