event,node,start,end,old-value,new-value,change-reason
form start,,1630309948677,,,,
group questions,/data/front_page,1630309948678,1630310167127,,,
group questions,/data/b1,1630310167142,1630310169949,,,
group questions,/data/a1,1630310169978,1630310175311,,,
question,/data/a1/a1_a_4,1630310169979,1630310175311,,T-F0092-P0023,
group questions,/data/e4,1630310175336,1630310982167,,,
form save,,1630310982472,,,,
form exit,,1630310982472,,,,
form resume,,1630311758054,,,,
jump,,1630311758054,1630311759736,,,
group questions,/data/front_page,1630311759756,1630311761085,,,
group questions,/data/b1,1630311761099,1630311763289,,,
group questions,/data/a1,1630311763313,1630311765207,,,
group questions,/data/e4,1630311765225,1630311767981,,,
question,/data/e4/e4_1,1630311765226,1630311767981,,0,
group questions,/data/k2,1630311767999,1630311770954,,,
question,/data/k2/k2_1,1630311767999,1630311770954,,0,
group questions,/data/g5,1630311770972,1630311808984,,,
question,/data/g5/g5_1,1630311770972,1630311808984,,0,
question,/data/g5/i4_1,1630311770972,1630311808984,,0,
question,/data/g5/h4_1,1630311770972,1630311808984,,1,
group questions,/data/h4,1630311809014,1630311827917,,,
question,/data/h4/h4_2,1630311809014,1630311827917,,2,
question,/data/h4/h4_3,1630311809014,1630311827917,,3,
question,/data/h4/h4_4,1630311809014,1630311827917,,2,
group questions,/data/j4,1630311827945,1630311912003,,,
question,/data/j4/j4_2,1630311827946,1630311912003,,0,
question,/data/j4/j4_1,1630311827946,1630311912003,,1,
question,/data/j4/h4_6,1630311827946,1630311912003,,96,
group questions,/data/l3,1630311912035,1630312005070,,,
question,/data/l3/l3_1,1630311912035,1630312005070,,5,
question,/data/l3/l3_2,1630311912035,1630312005070,,5,
question,/data/l3/l3_3,1630311912035,1630312005070,,5,
question,/data/l3/l3_4,1630311912035,1630312005070,,5,
question,/data/l3/l3_5,1630311912035,1630312005070,,5,
question,/data/l3/l3_6,1630311912035,1630312005070,,2,
question,/data/l3/l3_7,1630311912035,1630312005070,,5,
group questions,/data/b2,1630312005112,1630312022234,,,
question,/data/b2/b1_7,1630312005112,1630312022234,,1,
question,/data/b2/b2_10,1630312005112,1630312022234,,0,
question,/data/b2/b2_9a,1630312005112,1630312022234,,0,
question,/data/b2/b2_8,1630312005112,1630312022234,,1,
end screen,,1630312022263,1630312029284,,,
change reason,,1630312044409,,,,data recheck 
form save,,1630312044584,,,,
form exit,,1630312044584,,,,
form resume,,1630318004903,,,,
jump,,1630318004903,1630318006189,,,
group questions,/data/front_page,1630318006209,1630318007144,,,
group questions,/data/b1,1630318007159,1630318009112,,,
group questions,/data/a1,1630318009145,1630318011189,,,
group questions,/data/e4,1630318011209,1630318013397,,,
group questions,/data/k2,1630318013419,1630318015276,,,
group questions,/data/g5,1630318015296,1630318022413,,,
group questions,/data/h4,1630318022447,1630318026958,,,
group questions,/data/j4,1630318026986,1630318033162,,,
group questions,/data/l3,1630318033191,1630318046610,,,
group questions,/data/b2,1630318046660,1630318065181,,,
end screen,,1630318065215,1630318068216,,,
form save,,1630318068365,,,,
form exit,,1630318068365,,,,
form resume,,1630341421888,,,,
jump,,1630341421888,1630341423344,,,
group questions,/data/front_page,1630341423368,1630341424310,,,
group questions,/data/b1,1630341424324,1630341426384,,,
group questions,/data/a1,1630341426410,1630341428912,,,
group questions,/data/e4,1630341428931,1630341432903,,,
group questions,/data/k2,1630341432923,1630341440401,,,
group questions,/data/g5,1630341440423,1630341448746,,,
group questions,/data/h4,1630341448783,1630341470370,,,
question,/data/h4/h4_2,1630341448783,1630341470370,2,3,
group questions,/data/j4,1630341470400,1630341473188,,,
group questions,/data/l3,1630341473211,1630341474563,,,
group questions,/data/b2,1630341474602,1630341475913,,,
end screen,,1630341475942,1630341477277,,,
change reason,,1630341482707,,,,data recheck 
form save,,1630341482984,,,,
form exit,,1630341482984,,,,
form finalize,,1630341482984,,,,
