event,node,start,end,old-value,new-value,change-reason
form start,,1627035263805,,,,
group questions,/data/front_page,1627035263806,1627035271397,,,
group questions,/data/b1,1627035271412,1627035274408,,,
group questions,/data/a1,1627035274435,1627035289836,,,
question,/data/a1/a1_a_4,1627035274435,1627035289836,,T-F0022-P0022,
group questions,/data/e4,1627035289861,1627035294562,,,
question,/data/e4/e4_1,1627035289862,1627035294562,,0,
group questions,/data/g5,1627035294583,1627035330440,,,
question,/data/g5/g5_1,1627035294584,1627035330440,,1,
question,/data/g5/i4_1,1627035294584,1627035330440,,0,
question,/data/g5/h4_1,1627035294584,1627035330440,,1,
group questions,/data/h4,1627035330475,1627035375262,,,
question,/data/h4/h4_2,1627035330475,1627035375262,,1,
question,/data/h4/h4_3,1627035330475,1627035375262,,1,
question,/data/h4/h4_4,1627035330475,1627035375262,,4,
group questions,/data/j4,1627035375290,1627035500250,,,
question,/data/j4/j4_2,1627035375290,1627035500250,,1,
question,/data/j4/j4_1,1627035375290,1627035500250,,1,
question,/data/j4/h4_6,1627035375290,1627035500250,,1,
group questions,/data/l3,1627035500281,1627035639136,,,
question,/data/l3/l3_1,1627035500282,1627035639136,,4,
question,/data/l3/l3_2,1627035500282,1627035639136,,5,
question,/data/l3/l3_3,1627035500282,1627035639136,,5,
question,/data/l3/l3_4,1627035500282,1627035639136,,4,
question,/data/l3/l3_5,1627035500282,1627035639136,,5,
question,/data/l3/l3_6,1627035500282,1627035639136,,3,
question,/data/l3/l3_7,1627035500282,1627035639136,,5,
group questions,/data/b2,1627035639175,1627035714842,,,
question,/data/b2/b1_7,1627035639175,1627035714842,,1,
question,/data/b2/b2_10,1627035639175,1627035714842,,1,
question,/data/b2/b2_9a,1627035639175,1627035714842,,1,
question,/data/b2/b2_8,1627035639175,1627035714842,,3,
end screen,,1627035714883,1627035724790,,,
form save,,1627035724954,,,,
form exit,,1627035724954,,,,
form resume,,1627035776137,,,,
jump,,1627035776137,1627035779067,,,
group questions,/data/front_page,1627035779088,1627035780288,,,
group questions,/data/b1,1627035780302,1627035781432,,,
group questions,/data/a1,1627035781459,1627035782864,,,
group questions,/data/e4,1627035782882,1627035784191,,,
group questions,/data/g5,1627035784209,1627035788863,,,
group questions,/data/h4,1627035788893,1627035792167,,,
group questions,/data/j4,1627035792194,1627035798050,,,
group questions,/data/l3,1627035798080,1627035800891,,,
group questions,/data/b2,1627035800936,1627035804187,,,
end screen,,1627035804228,1627035810036,,,
form save,,1627035810189,,,,
form exit,,1627035810189,,,,
form resume,,1627038018244,,,,
jump,,1627038018244,1627038019625,,,
group questions,/data/front_page,1627038019642,1627038020714,,,
group questions,/data/b1,1627038020730,1627038021856,,,
group questions,/data/a1,1627038021883,1627038022916,,,
group questions,/data/e4,1627038022936,1627038025079,,,
group questions,/data/g5,1627038025100,1627038029642,,,
group questions,/data/h4,1627038029674,1627038032244,,,
group questions,/data/j4,1627038032272,1627038036575,,,
group questions,/data/l3,1627038036610,1627038040422,,,
group questions,/data/b2,1627038040469,1627038044421,,,
end screen,,1627038044471,1627038048248,,,
form save,,1627038048403,,,,
form exit,,1627038048403,,,,
form resume,,1627038765048,,,,
jump,,1627038765048,1627038766253,,,
group questions,/data/front_page,1627038766273,1627038767303,,,
group questions,/data/b1,1627038767318,1627038768037,,,
group questions,/data/a1,1627038768065,1627038768896,,,
group questions,/data/e4,1627038768916,1627038769811,,,
group questions,/data/g5,1627038769833,1627038771021,,,
group questions,/data/h4,1627038771056,1627038772292,,,
group questions,/data/j4,1627038772323,1627038773515,,,
group questions,/data/l3,1627038773549,1627038775107,,,
group questions,/data/b2,1627038775153,1627038778172,,,
end screen,,1627038778220,1627038780887,,,
form save,,1627038781124,,,,
form exit,,1627038781125,,,,
form finalize,,1627038781125,,,,
