event,node,start,end,old-value,new-value,change-reason
form start,,1627977666394,,,,
group questions,/data/front_page,1627977666395,1627978228678,,,
group questions,/data/b1,1627978228693,1627978231216,,,
group questions,/data/a1,1627978231244,1627978248354,,,
question,/data/a1/a1_a_4,1627978231244,1627978248354,,T-F0022-P0030,
group questions,/data/e4,1627978248375,1627978281726,,,
question,/data/e4/e4_1,1627978248375,1627978281726,,0,
group questions,/data/g5,1627978281745,1627978293054,,,
question,/data/g5/g5_1,1627978281745,1627978293054,,1,
question,/data/g5/i4_1,1627978281745,1627978293054,,0,
question,/data/g5/h4_1,1627978281745,1627978293054,,1,
group questions,/data/h4,1627978293083,1627978312333,,,
question,/data/h4/h4_2,1627978293083,1627978312333,,1,
question,/data/h4/h4_3,1627978293083,1627978312333,,1,
question,/data/h4/h4_4,1627978293083,1627978312333,,4,
group questions,/data/j4,1627978312358,1627978399335,,,
question,/data/j4/j4_2,1627978312359,1627978399335,,1,
question,/data/j4/j4_1,1627978312359,1627978399335,,1,
question,/data/j4/h4_6,1627978312359,1627978399335,,"1, 2, 3",
group questions,/data/l3,1627978399370,1627978509948,,,
question,/data/l3/l3_1,1627978399370,1627978509948,,5,
question,/data/l3/l3_2,1627978399370,1627978509948,,5,
question,/data/l3/l3_3,1627978399370,1627978509948,,4,
question,/data/l3/l3_4,1627978399370,1627978509948,,5,
question,/data/l3/l3_5,1627978399370,1627978509948,,5,
question,/data/l3/l3_6,1627978399370,1627978509948,,2,
question,/data/l3/l3_7,1627978399370,1627978509948,,4,
group questions,/data/b2,1627978509991,1627978571101,,,
question,/data/b2/b1_7,1627978509992,1627978571101,,1,
question,/data/b2/b2_10,1627978509992,1627978571101,,0,
question,/data/b2/b2_9a,1627978509992,1627978571101,,1,
question,/data/b2/b2_8,1627978509992,1627978571101,,3,
end screen,,1627978571140,1627978573629,,,
form save,,1627978573788,,,,
form exit,,1627978573788,,,,
form resume,,1627988701968,,,,
jump,,1627988701968,1627988703465,,,
group questions,/data/front_page,1627988703483,1627988704498,,,
group questions,/data/b1,1627988704513,1627988704843,,,
group questions,/data/a1,1627988704873,1627988705046,,,
group questions,/data/e4,1627988705064,1627988705230,,,
group questions,/data/g5,1627988705251,1627988705617,,,
group questions,/data/h4,1627988705648,1627988706657,,,
group questions,/data/j4,1627988706683,1627988707123,,,
group questions,/data/l3,1627988707159,1627988710758,,,
group questions,/data/j4,1627988710802,1627988711145,,,
group questions,/data/h4,1627988711182,1627988711491,,,
group questions,/data/g5,1627988711520,1627988711696,,,
group questions,/data/e4,1627988711730,1627988711810,,,
group questions,/data/a1,1627988711829,1627988711997,,,
group questions,/data/b1,1627988712015,1627988712194,,,
group questions,/data/front_page,1627988712221,1627988713672,,,
group questions,/data/b1,1627988713687,1627988715129,,,
group questions,/data/a1,1627988715156,1627988720818,,,
group questions,/data/e4,1627988720837,1627988721241,,,
group questions,/data/g5,1627988721261,1627988721656,,,
group questions,/data/h4,1627988721689,1627988722124,,,
group questions,/data/j4,1627988722155,1627988722623,,,
group questions,/data/l3,1627988722657,1627988723152,,,
group questions,/data/b2,1627988723198,1627988723701,,,
end screen,,1627988723746,1627988725429,,,
form save,,1627988725683,,,,
form exit,,1627988725683,,,,
form finalize,,1627988725683,,,,
