event,node,start,end,old-value,new-value,change-reason
form start,,1629698750974,,,,
group questions,/data/front_page,1629698750975,1629698754496,,,
group questions,/data/b1,1629698754509,1629698756864,,,
group questions,/data/a1,1629698756887,1629698781064,,,
question,/data/a1/a1_a_4a,1629698756888,1629698781064,,T-F0039-P0054,
group questions,/data/e4,1629698781086,1629698857484,,,
question,/data/e4/e4_1,1629698781086,1629698857484,,0,
group questions,/data/g5,1629698857502,1629698864108,,,
question,/data/g5/g5_1,1629698857502,1629698864108,,1,
question,/data/g5/i4_1,1629698857502,1629698864108,,0,
question,/data/g5/h4_1,1629698857502,1629698864108,,1,
group questions,/data/h4,1629698864137,1629698926159,,,
question,/data/h4/h4_2,1629698864137,1629698926159,,1,
question,/data/h4/h4_3,1629698864137,1629698926159,,1,
question,/data/h4/h4_4,1629698864137,1629698926159,,5,
group questions,/data/j4,1629698926186,1629698979370,,,
question,/data/j4/j4_2,1629698926186,1629698979370,,0,
question,/data/j4/j4_1,1629698926186,1629698979370,,1,
question,/data/j4/h4_6,1629698926186,1629698979370,,96,
group questions,/data/l3,1629698979397,1629698998954,,,
question,/data/l3/l3_1,1629698979398,1629698998954,,4,
question,/data/l3/l3_2,1629698979398,1629698998954,,5,
question,/data/l3/l3_3,1629698979398,1629698998954,,5,
question,/data/l3/l3_4,1629698979398,1629698998954,,5,
question,/data/l3/l3_5,1629698979398,1629698998954,,5,
question,/data/l3/l3_6,1629698979398,1629698998954,,1,
question,/data/l3/l3_7,1629698979398,1629698998954,,5,
group questions,/data/b2,1629698999001,1629699033757,,,
question,/data/b2/b1_7,1629698999001,1629699033757,,1,
question,/data/b2/b2_10,1629698999001,1629699033757,,0,
question,/data/b2/b2_9a,1629698999001,1629699033757,,0,
question,/data/b2/b2_8,1629698999001,1629699033757,,3,
end screen,,1629699033789,1629699056546,,,
group questions,/data/b2,1629699056547,1629699058193,,,
group questions,/data/l3,1629699058222,1629699059310,,,
group questions,/data/j4,1629699059351,1629699066786,,,
group questions,/data/h4,1629699066811,1629699067826,,,
group questions,/data/g5,1629699067853,1629699068854,,,
group questions,/data/e4,1629699068886,1629699070405,,,
group questions,/data/a1,1629699070424,1629699124366,,,
group questions,/data/e4,1629699124390,1629699129038,,,
group questions,/data/g5,1629699129056,1629699130737,,,
group questions,/data/e4,1629699130769,1629699147117,,,
group questions,/data/g5,1629699147138,1629699170863,,,
group questions,/data/h4,1629699170894,1629699174880,,,
group questions,/data/j4,1629699174906,1629699180069,,,
group questions,/data/l3,1629699180097,1629699210696,,,
group questions,/data/b2,1629699210741,1629699225796,,,
end screen,,1629699225828,1629699228547,,,
form save,,1629699228713,,,,
form exit,,1629699228713,,,,
form resume,,1629702248478,,,,
jump,,1629702248479,1629702250316,,,
group questions,/data/front_page,1629702250379,1629702251713,,,
group questions,/data/b1,1629702251754,1629702254009,,,
group questions,/data/a1,1629702254088,1629702256355,,,
group questions,/data/e4,1629702256380,1629702264606,,,
group questions,/data/g5,1629702264657,1629702268735,,,
group questions,/data/h4,1629702268764,1629702273644,,,
group questions,/data/j4,1629702273694,1629702278222,,,
group questions,/data/l3,1629702278248,1629702284553,,,
group questions,/data/b2,1629702284596,1629702297093,,,
end screen,,1629702297122,1629702298240,,,
form save,,1629702298486,,,,
form exit,,1629702298487,,,,
form finalize,,1629702298487,,,,
