event,node,start,end,old-value,new-value,change-reason
form start,,1627372145014,,,,
group questions,/data/front_page,1627372145015,1627372147779,,,
group questions,/data/b1,1627372147793,1627372150020,,,
group questions,/data/a1,1627372150046,1627372179944,,,
question,/data/a1/a1_a_4a,1627372150046,1627372179944,,T-F0087-P0036,
group questions,/data/e4,1627372179968,1627372198728,,,
question,/data/e4/e4_1,1627372179968,1627372198728,,1,
group questions,/data/k2,1627372198758,1627372214753,,,
question,/data/k2/k2_1,1627372198758,1627372214753,,1,
group questions,/data/g5,1627372214780,1627372231675,,,
question,/data/g5/g5_1,1627372214781,1627372231675,,1,
question,/data/g5/i4_1,1627372214781,1627372231675,,0,
question,/data/g5/h4_1,1627372214781,1627372231675,,1,
group questions,/data/h4,1627372231711,1627372246114,,,
question,/data/h4/h4_2,1627372231711,1627372246114,,1,
question,/data/h4/h4_3,1627372231711,1627372246114,,1,
question,/data/h4/h4_4,1627372231711,1627372246114,,5,
group questions,/data/j4,1627372246143,1627372302780,,,
question,/data/j4/j4_2,1627372246143,1627372302780,,0,
question,/data/j4/j4_1,1627372246143,1627372302780,,1,
question,/data/j4/h4_6,1627372246143,1627372302780,,96,
form save,,1627372302946,,,,
form exit,,1627372302946,,,,
form resume,,1627373061934,,,,
jump,,1627373061934,1627373070129,,,
group questions,/data/a1,1627373068695,1627373070129,,,
group questions,/data/e4,1627373070151,1627373071203,,,
group questions,/data/k2,1627373071245,1627373072339,,,
group questions,/data/g5,1627373072365,1627373073779,,,
group questions,/data/h4,1627373073813,1627373078053,,,
group questions,/data/j4,1627373078082,1627373091043,,,
group questions,/data/l3,1627373091072,1627373128937,,,
question,/data/l3/l3_1,1627373091072,1627373128937,,5,
question,/data/l3/l3_2,1627373091072,1627373128937,,5,
question,/data/l3/l3_3,1627373091072,1627373128937,,5,
question,/data/l3/l3_4,1627373091072,1627373128937,,5,
question,/data/l3/l3_5,1627373091072,1627373128937,,5,
question,/data/l3/l3_6,1627373091072,1627373128937,,4,
question,/data/l3/l3_7,1627373091073,1627373128937,,4,
group questions,/data/b2,1627373128983,1627373180950,,,
question,/data/b2/b1_7,1627373128984,1627373180950,,1,
question,/data/b2/b2_10,1627373128984,1627373180950,,0,
question,/data/b2/b2_9a,1627373128984,1627373180950,,0,
question,/data/b2/b2_8,1627373128984,1627373180950,,3,
end screen,,1627373180982,1627373185203,,,
group questions,/data/b2,1627373185203,1627373207699,,,
group questions,/data/l3,1627373207731,1627373217517,,,
group questions,/data/j4,1627373217564,1627373225672,,,
group questions,/data/l3,1627373225701,1627373228066,,,
group questions,/data/b2,1627373228112,1627373229744,,,
end screen,,1627373229776,1627373231620,,,
change reason,,1627373421444,,,,she changed answer
form save,,1627373421622,,,,
form exit,,1627373421622,,,,
form resume,,1627378951612,,,,
jump,,1627378951612,1627378952777,,,
end screen,,1627378952797,1627378957139,,,
form save,,1627378957375,,,,
form exit,,1627378957376,,,,
form finalize,,1627378957376,,,,
