event,node,start,end,old-value,new-value,change-reason
form start,,1630316795736,,,,
group questions,/data/front_page,1630316795737,1630316797122,,,
group questions,/data/b1,1630316797136,1630316799120,,,
group questions,/data/a1,1630316799147,1630316820877,,,
question,/data/a1/a1_a_4,1630316799148,1630316820877,,T-F0092-P0027,
group questions,/data/e4,1630316820900,1630316824135,,,
question,/data/e4/e4_1,1630316820901,1630316824135,,0,
group questions,/data/k2,1630316824155,1630316827422,,,
question,/data/k2/k2_1,1630316824155,1630316827422,,0,
group questions,/data/g5,1630316827443,1630316836082,,,
question,/data/g5/g5_1,1630316827444,1630316836082,,1,
question,/data/g5/i4_1,1630316827444,1630316836082,,0,
question,/data/g5/h4_1,1630316827444,1630316836082,,1,
group questions,/data/h4,1630316836119,1630316884596,,,
question,/data/h4/h4_2,1630316836120,1630316884596,,2,
question,/data/h4/h4_3,1630316836120,1630316884596,,2,
question,/data/h4/h4_4,1630316836120,1630316884596,,5,
group questions,/data/j4,1630316884624,1630316892090,,,
question,/data/j4/j4_2,1630316884625,1630316892090,,0,
question,/data/j4/j4_1,1630316884625,1630316892090,,1,
question,/data/j4/h4_6,1630316884625,1630316892090,,96,
group questions,/data/l3,1630316892121,1630316909007,,,
question,/data/l3/l3_1,1630316892121,1630316909007,,5,
question,/data/l3/l3_2,1630316892121,1630316909007,,5,
question,/data/l3/l3_3,1630316892121,1630316909007,,4,
question,/data/l3/l3_4,1630316892121,1630316909007,,5,
question,/data/l3/l3_5,1630316892121,1630316909007,,5,
question,/data/l3/l3_6,1630316892121,1630316909007,,1,
question,/data/l3/l3_7,1630316892121,1630316909007,,5,
group questions,/data/b2,1630316909053,1630316928724,,,
question,/data/b2/b1_7,1630316909053,1630316928724,,1,
question,/data/b2/b2_10,1630316909053,1630316928724,,1,
question,/data/b2/b2_9a,1630316909053,1630316928724,,0,
question,/data/b2/b2_8,1630316909053,1630316928724,,1,
end screen,,1630316928759,1630316930846,,,
form save,,1630316931015,,,,
form exit,,1630316931015,,,,
form resume,,1630319374893,,,,
jump,,1630319374893,1630319376301,,,
group questions,/data/front_page,1630319376319,1630319377773,,,
group questions,/data/b1,1630319377787,1630319380044,,,
group questions,/data/a1,1630319380067,1630319384082,,,
group questions,/data/e4,1630319384099,1630319386053,,,
group questions,/data/a1,1630319386071,1630319389931,,,
group questions,/data/e4,1630319389951,1630319393057,,,
group questions,/data/k2,1630319393076,1630319395583,,,
group questions,/data/g5,1630319395601,1630319410609,,,
group questions,/data/h4,1630319410639,1630319437393,,,
group questions,/data/j4,1630319437420,1630319449449,,,
group questions,/data/l3,1630319449479,1630319456637,,,
group questions,/data/b2,1630319456680,1630319462941,,,
end screen,,1630319462974,1630319465368,,,
form save,,1630319465522,,,,
form exit,,1630319465522,,,,
form resume,,1630341745018,,,,
jump,,1630341745018,1630341746625,,,
group questions,/data/front_page,1630341746643,1630341747607,,,
group questions,/data/b1,1630341747621,1630341748268,,,
group questions,/data/a1,1630341748296,1630341748906,,,
group questions,/data/e4,1630341748926,1630341749515,,,
group questions,/data/k2,1630341749534,1630341750111,,,
group questions,/data/g5,1630341750132,1630341750859,,,
group questions,/data/h4,1630341750894,1630341751504,,,
group questions,/data/j4,1630341751535,1630341752127,,,
group questions,/data/l3,1630341752157,1630341752881,,,
group questions,/data/b2,1630341752932,1630341753782,,,
end screen,,1630341753819,1630341755138,,,
form save,,1630341755387,,,,
form exit,,1630341755387,,,,
form finalize,,1630341755387,,,,
