event,node,start,end,old-value,new-value,change-reason
form start,,1628238553949,,,,
group questions,/data/front_page,1628238553951,1628238561762,,,
group questions,/data/b1,1628238561777,1628238564153,,,
group questions,/data/a1,1628238564178,1628238587094,,,
question,/data/a1/a1_a_4a,1628238564179,1628238587094,,T-F0029-P0041,
group questions,/data/e4,1628238587116,1628238696003,,,
question,/data/e4/e4_1,1628238587117,1628238696003,,1,
group questions,/data/g5,1628238696032,1628238718923,,,
question,/data/g5/g5_1,1628238696032,1628238718923,,1,
question,/data/g5/i4_1,1628238696032,1628238718923,,0,
question,/data/g5/h4_1,1628238696032,1628238718923,,1,
group questions,/data/h4,1628238718959,1628238740147,,,
question,/data/h4/h4_2,1628238718960,1628238740147,,1,
question,/data/h4/h4_3,1628238718960,1628238740147,,1,
question,/data/h4/h4_4,1628238718960,1628238740147,,5,
group questions,/data/j4,1628238740174,1628238790958,,,
question,/data/j4/j4_2,1628238740175,1628238790958,,0,
question,/data/j4/j4_1,1628238740175,1628238790958,,1,
question,/data/j4/h4_6,1628238740175,1628238790958,,"2, 3",
group questions,/data/l3,1628238790986,1628238818281,,,
question,/data/l3/l3_1,1628238790987,1628238818281,,5,
question,/data/l3/l3_2,1628238790987,1628238818281,,5,
question,/data/l3/l3_3,1628238790987,1628238818281,,5,
question,/data/l3/l3_4,1628238790987,1628238818281,,5,
question,/data/l3/l3_5,1628238790987,1628238818281,,4,
question,/data/l3/l3_6,1628238790987,1628238818281,,4,
question,/data/l3/l3_7,1628238790987,1628238818281,,5,
group questions,/data/b2,1628238818324,1628238927654,,,
question,/data/b2/b1_7,1628238818325,1628238927654,,2,
question,/data/b2/b2_10,1628238818325,1628238927654,,1,
question,/data/b2/b2_9a,1628238818325,1628238927654,,0,
question,/data/b2/b2_8,1628238818325,1628238927654,,3,
end screen,,1628238927706,1628238940552,,,
form save,,1628238940738,,,,
form exit,,1628238940738,,,,
form resume,,1628242405019,,,,
jump,,1628242405019,1628242406476,,,
group questions,/data/front_page,1628242406495,1628242408534,,,
group questions,/data/b1,1628242408550,1628242410600,,,
group questions,/data/a1,1628242410628,1628242412036,,,
group questions,/data/e4,1628242412061,1628242415803,,,
group questions,/data/g5,1628242415833,1628242416715,,,
group questions,/data/h4,1628242416750,1628242418122,,,
group questions,/data/j4,1628242418147,1628242419334,,,
group questions,/data/l3,1628242419358,1628242420545,,,
group questions,/data/b2,1628242420583,1628242424404,,,
end screen,,1628242424442,1628242426285,,,
form save,,1628242426523,,,,
form exit,,1628242426523,,,,
form finalize,,1628242426523,,,,
