event,node,start,end,old-value,new-value,change-reason
form start,,1628581794746,,,,
group questions,/data/front_page,1628581794747,1628581796084,,,
group questions,/data/b1,1628581796097,1628581802110,,,
group questions,/data/a1,1628581802135,1628581825288,,,
question,/data/a1/a1_a_4,1628581802135,1628581825288,,T-F0022-P0035,
group questions,/data/e4,1628581825312,1628582240249,,,
question,/data/e4/e4_1,1628581825312,1628582240249,,0,
group questions,/data/g5,1628582240269,1628582253585,,,
question,/data/g5/g5_1,1628582240270,1628582253585,,1,
question,/data/g5/i4_1,1628582240270,1628582253585,,0,
question,/data/g5/h4_1,1628582240270,1628582253585,,1,
group questions,/data/h4,1628582253618,1628582264292,,,
question,/data/h4/h4_2,1628582253618,1628582264292,,1,
question,/data/h4/h4_3,1628582253618,1628582264292,,1,
question,/data/h4/h4_4,1628582253618,1628582264292,,5,
group questions,/data/j4,1628582264324,1628582343349,,,
question,/data/j4/j4_2,1628582264325,1628582343349,,0,
question,/data/j4/j4_1,1628582264325,1628582343349,,2,
question,/data/j4/h4_6,1628582264325,1628582343349,,96,
group questions,/data/l3,1628582343382,1628582439290,,,
question,/data/l3/l3_1,1628582343383,1628582439290,,5,
question,/data/l3/l3_2,1628582343383,1628582439290,,5,
question,/data/l3/l3_3,1628582343383,1628582439290,,5,
question,/data/l3/l3_4,1628582343383,1628582439290,,5,
question,/data/l3/l3_5,1628582343383,1628582439290,,5,
question,/data/l3/l3_6,1628582343383,1628582439290,,1,
question,/data/l3/l3_7,1628582343383,1628582439290,,5,
group questions,/data/b2,1628582439337,1628582450133,,,
question,/data/b2/b1_7,1628582439337,1628582450133,,1,
group questions,/data/l3,1628582450165,1628582451459,,,
question,/data/l3/l3_1,1628582450165,1628582451459,5,3,
group questions,/data/b2,1628582451503,1628582454170,,,
group questions,/data/l3,1628582454206,1628582457941,,,
question,/data/l3/l3_1,1628582454206,1628582457941,3,5,
group questions,/data/b2,1628582457989,1628582485597,,,
question,/data/b2/b2_10,1628582457990,1628582485597,,1,
question,/data/b2/b2_9a,1628582457990,1628582485597,,0,
question,/data/b2/b2_8,1628582457990,1628582485597,,3,
end screen,,1628582485638,1628582725376,,,
form save,,1628582725535,,,,
form exit,,1628582725535,,,,
form resume,,1628584566669,,,,
jump,,1628584566670,1628584567708,,,
group questions,/data/front_page,1628584567726,1628584569312,,,
group questions,/data/b1,1628584569327,1628584570373,,,
group questions,/data/a1,1628584570401,1628584571657,,,
group questions,/data/e4,1628584571678,1628584573921,,,
group questions,/data/g5,1628584573941,1628584575552,,,
group questions,/data/h4,1628584575586,1628584578174,,,
group questions,/data/j4,1628584578202,1628584589386,,,
group questions,/data/l3,1628584589419,1628584595041,,,
group questions,/data/b2,1628584595086,1628584600513,,,
end screen,,1628584600550,1628584601703,,,
form save,,1628584601945,,,,
form exit,,1628584601945,,,,
form finalize,,1628584601945,,,,
