event,node,start,end,old-value,new-value,change-reason
form start,,1628580306308,,,,
group questions,/data/front_page,1628580306309,1628580307650,,,
group questions,/data/b1,1628580307664,1628580311845,,,
group questions,/data/front_page,1628580311882,1628580312956,,,
group questions,/data/b1,1628580312971,1628580313642,,,
group questions,/data/a1,1628580313671,1628580327336,,,
question,/data/a1/a1_a_4,1628580313671,1628580327336,,T-F0022-P0034,
group questions,/data/e4,1628580327361,1628580882079,,,
question,/data/e4/e4_1,1628580327361,1628580882079,,1,
group questions,/data/g5,1628580882104,1628580987707,,,
question,/data/g5/g5_1,1628580882105,1628580987707,,0,
group questions,/data/e4,1628580987738,1628580989160,,,
group questions,/data/g5,1628580989186,1628580999338,,,
question,/data/g5/i4_1,1628580989187,1628580999338,,0,
question,/data/g5/h4_1,1628580989187,1628580999338,,1,
group questions,/data/h4,1628580999372,1628581028177,,,
question,/data/h4/h4_2,1628580999372,1628581028177,,1,
question,/data/h4/h4_3,1628580999372,1628581028177,,1,
question,/data/h4/h4_4,1628580999372,1628581028177,,4,
group questions,/data/j4,1628581028207,1628581069846,,,
question,/data/j4/j4_2,1628581028207,1628581069846,,0,
question,/data/j4/j4_1,1628581028207,1628581069846,,1,
question,/data/j4/h4_6,1628581028207,1628581069846,,96,
group questions,/data/l3,1628581069875,1628581181730,,,
question,/data/l3/l3_1,1628581069876,1628581181730,,5,
question,/data/l3/l3_2,1628581069876,1628581181730,,5,
question,/data/l3/l3_3,1628581069876,1628581181730,,5,
question,/data/l3/l3_4,1628581069876,1628581181730,,4,
question,/data/l3/l3_5,1628581069876,1628581181730,,5,
question,/data/l3/l3_6,1628581069876,1628581181730,,1,
question,/data/l3/l3_7,1628581069876,1628581181730,,5,
group questions,/data/b2,1628581181778,1628581258126,,,
question,/data/b2/b1_7,1628581181778,1628581258126,,1,
question,/data/b2/b2_10,1628581181778,1628581258126,,0,
question,/data/b2/b2_9a,1628581181778,1628581258126,,0,
question,/data/b2/b2_8,1628581181778,1628581258126,,3,
end screen,,1628581258157,1628581264726,,,
form save,,1628581264906,,,,
form exit,,1628581264906,,,,
form resume,,1628584268933,,,,
jump,,1628584268933,1628584270227,,,
group questions,/data/front_page,1628584270246,1628584271168,,,
group questions,/data/b1,1628584271184,1628584272402,,,
group questions,/data/a1,1628584272430,1628584273539,,,
group questions,/data/e4,1628584273560,1628584280735,,,
group questions,/data/g5,1628584280764,1628584288227,,,
group questions,/data/h4,1628584288260,1628584294765,,,
group questions,/data/j4,1628584294794,1628584324842,,,
group questions,/data/l3,1628584324870,1628584329419,,,
group questions,/data/j4,1628584329466,1628584342457,,,
question,/data/j4/j4_1,1628584329466,1628584342457,1,98,
group questions,/data/l3,1628584342485,1628584350603,,,
group questions,/data/b2,1628584350651,1628584365472,,,
end screen,,1628584365506,1628584366792,,,
change reason,,1628584374985,,,,data recheck 
form save,,1628584375234,,,,
form exit,,1628584375234,,,,
form finalize,,1628584375234,,,,
