event,node,start,end,old-value,new-value,change-reason
form start,,1628671081597,,,,
group questions,/data/front_page,1628671081598,1628671085484,,,
group questions,/data/b1,1628671085499,1628671087278,,,
group questions,/data/a1,1628671087309,1628671105174,,,
question,/data/a1/a1_a_4a,1628671087310,1628671105174,,T-F0029-P0050,
group questions,/data/e4,1628671105205,1628671254136,,,
question,/data/e4/e4_1,1628671105205,1628671254136,,1,
group questions,/data/g5,1628671254165,1628671351106,,,
question,/data/g5/g5_1,1628671254166,1628671351106,,1,
question,/data/g5/i4_1,1628671254166,1628671351106,,1,
question,/data/g5/h4_1,1628671254166,1628671351106,,1,
group questions,/data/i4,1628671351138,1628671479826,,,
question,/data/i4/i4_2,1628671351139,1628671479826,,4,
question,/data/i4/i4_3,1628671351139,1628671479826,,0,
question,/data/i4/i4_5,1628671351139,1628671479826,,1,
group questions,/data/g5,1628671479864,1628671480762,,,
group questions,/data/e4,1628671480794,1628671564990,,,
group questions,/data/a1,1628671565019,1628671567813,,,
group questions,/data/e4,1628671567837,1628671793468,,,
group questions,/data/g5,1628671793495,1628671795717,,,
group questions,/data/i4,1628671795745,1628671836858,,,
question,/data/i4/i4_4,1628671795745,1628671836858,,1,
group questions,/data/g5,1628671836891,1628671839028,,,
group questions,/data/e4,1628671839058,1628671927124,,,
group questions,/data/g5,1628671927152,1628671967258,,,
group questions,/data/i4,1628671967288,1628672106888,,,
question,/data/i4/i4_6,1628671967289,1628672106888,,4,
group questions,/data/h4,1628672106927,1628672178790,,,
question,/data/h4/h4_2,1628672106927,1628672178790,,2,
question,/data/h4/h4_3,1628672106927,1628672178790,,2,
question,/data/h4/h4_4,1628672106927,1628672178790,,5,
group questions,/data/l3,1628672178817,1628672211042,,,
question,/data/l3/l3_1,1628672178818,1628672211042,,5,
question,/data/l3/l3_2,1628672178818,1628672211042,,5,
question,/data/l3/l3_3,1628672178818,1628672211042,,5,
question,/data/l3/l3_4,1628672178818,1628672211042,,5,
question,/data/l3/l3_5,1628672178818,1628672211042,,4,
question,/data/l3/l3_6,1628672178818,1628672211042,,5,
question,/data/l3/l3_7,1628672178818,1628672211042,,5,
group questions,/data/b2,1628672211087,1628672311296,,,
question,/data/b2/b1_7,1628672211087,1628672311296,,1,
question,/data/b2/b2_10,1628672211087,1628672311296,,1,
question,/data/b2/b2_9a,1628672211087,1628672311296,,0,
question,/data/b2/b2_8,1628672211087,1628672311296,,1,
end screen,,1628672311330,1628672424078,,,
form save,,1628672424340,,,,
form exit,,1628672424340,,,,
form finalize,,1628672424340,,,,
