event,node,start,end,old-value,new-value,change-reason
form start,,1623752654609,,,,
group questions,/data/front_page,1623752654610,1623752655580,,,
group questions,/data/b1,1623752655594,1623752675229,,,
question,/data/b1/b1_4,1623752655594,1623752675229,,Sengerema,
group questions,/data/a1,1623752675260,1623752760698,,,
question,/data/a1/a1_a_4,1623752675260,1623752760698,,T-F0004-P0003,
question,/data/a1/a1_a_4a,1623752675260,1623752760698,,T-F0002-H22R,
group questions,/data/e4,1623752760728,1623752788494,,,
question,/data/e4/e4_1,1623752760728,1623752788494,,0,
group questions,/data/g5,1623752788514,1623752814995,,,
question,/data/g5/g5_1,1623752788514,1623752814995,,1,
question,/data/g5/i4_1,1623752788514,1623752814995,,0,
question,/data/g5/h4_1,1623752788514,1623752814995,,1,
group questions,/data/h4,1623752815027,1623752881386,,,
question,/data/h4/h4_2,1623752815027,1623752881386,,1,
question,/data/h4/h4_3,1623752815028,1623752881386,,1,
question,/data/h4/h4_4,1623752815028,1623752881386,,5,
group questions,/data/j4,1623752881415,1623752935544,,,
question,/data/j4/j4_2,1623752881415,1623752935544,,0,
question,/data/j4/j4_1,1623752881415,1623752935544,,1,
question,/data/j4/h4_6,1623752881415,1623752935544,,96,
group questions,/data/l3,1623752935573,1623753065139,,,
question,/data/l3/l3_1,1623752935573,1623753065139,,4,
question,/data/l3/l3_2,1623752935573,1623753065139,,5,
question,/data/l3/l3_3,1623752935573,1623753065139,,4,
question,/data/l3/l3_4,1623752935573,1623753065139,,4,
question,/data/l3/l3_5,1623752935573,1623753065139,,4,
question,/data/l3/l3_6,1623752935573,1623753065139,,4,
question,/data/l3/l3_7,1623752935573,1623753065139,,4,
group questions,/data/b2,1623753065179,1623753181233,,,
question,/data/b2/b1_7,1623753065180,1623753181233,,1,
question,/data/b2/b2_10,1623753065180,1623753181233,,1,
question,/data/b2/b2_9a,1623753065180,1623753181233,,0,
question,/data/b2/b2_8,1623753065180,1623753181233,,3,
end screen,,1623753181262,1623753192279,,,
form save,,1623753192440,,,,
form exit,,1623753192440,,,,
form resume,,1623764635119,,,,
jump,,1623764635119,1623764637308,,,
group questions,/data/front_page,1623764637325,1623764638349,,,
group questions,/data/b1,1623764638363,1623764640320,,,
group questions,/data/a1,1623764640343,1623764642266,,,
group questions,/data/e4,1623764642286,1623764643669,,,
group questions,/data/g5,1623764643688,1623764645430,,,
group questions,/data/h4,1623764645463,1623764652848,,,
group questions,/data/j4,1623764652876,1623764654039,,,
group questions,/data/l3,1623764654068,1623764656101,,,
group questions,/data/b2,1623764656147,1623764657147,,,
end screen,,1623764657184,1623764659109,,,
form save,,1623764659353,,,,
form exit,,1623764659353,,,,
form finalize,,1623764659353,,,,
