event,node,start,end,old-value,new-value,change-reason
form start,,1630047675794,,,,
group questions,/data/front_page,1630047675796,1630047676749,,,
group questions,/data/b1,1630047676762,1630047679609,,,
group questions,/data/a1,1630047679634,1630047728408,,,
question,/data/a1/a1_a_4a,1630047679635,1630047728408,,T-F0039-P0069,
group questions,/data/e4,1630047728431,1630048000179,,,
group questions,/data/a1,1630048000198,1630048003485,,,
group questions,/data/e4,1630048003508,1630048091794,,,
question,/data/e4/e4_1,1630048003508,1630048091794,,0,
group questions,/data/g5,1630048091812,1630048098793,,,
question,/data/g5/g5_1,1630048091812,1630048098793,,1,
question,/data/g5/i4_1,1630048091812,1630048098793,,0,
question,/data/g5/h4_1,1630048091812,1630048098793,,0,
group questions,/data/j4,1630048098822,1630048108906,,,
question,/data/j4/j4_2,1630048098822,1630048108906,,0,
question,/data/j4/j4_1,1630048098822,1630048108906,,1,
question,/data/j4/h4_6,1630048098822,1630048108906,,"2, 3",
group questions,/data/l3,1630048108934,1630048133034,,,
question,/data/l3/l3_1,1630048108934,1630048133034,,5,
question,/data/l3/l3_2,1630048108934,1630048133034,,5,
question,/data/l3/l3_3,1630048108934,1630048133034,,5,
question,/data/l3/l3_4,1630048108934,1630048133034,,5,
question,/data/l3/l3_5,1630048108934,1630048133034,,5,
question,/data/l3/l3_6,1630048108934,1630048133034,,1,
question,/data/l3/l3_7,1630048108934,1630048133034,,5,
group questions,/data/b2,1630048133079,1630048144863,,,
question,/data/b2/b1_7,1630048133080,1630048144863,,1,
question,/data/b2/b2_10,1630048133080,1630048144863,,0,
question,/data/b2/b2_9a,1630048133080,1630048144863,,0,
question,/data/b2/b2_8,1630048133080,1630048144863,,3,
end screen,,1630048144897,1630048190469,,,
form save,,1630048190679,,,,
form exit,,1630048190679,,,,
form resume,,1630052299965,,,,
jump,,1630052299966,1630052301272,,,
group questions,/data/front_page,1630052301291,1630052302394,,,
group questions,/data/b1,1630052302409,1630052303751,,,
group questions,/data/a1,1630052303777,1630052304979,,,
group questions,/data/e4,1630052305005,1630052306245,,,
group questions,/data/g5,1630052306265,1630052316421,,,
group questions,/data/j4,1630052316468,1630052317790,,,
group questions,/data/g5,1630052317819,1630052319806,,,
group questions,/data/j4,1630052319837,1630052350810,,,
group questions,/data/l3,1630052350839,1630052358700,,,
group questions,/data/b2,1630052358745,1630052361403,,,
group questions,/data/l3,1630052361434,1630052365941,,,
group questions,/data/b2,1630052365986,1630052373435,,,
end screen,,1630052373468,1630052374334,,,
form save,,1630052374577,,,,
form exit,,1630052374577,,,,
form finalize,,1630052374577,,,,
