event,node,start,end,old-value,new-value,change-reason
form start,,1629450440927,,,,
group questions,/data/front_page,1629450440928,1629450444426,,,
group questions,/data/b1,1629450444441,1629450451590,,,
group questions,/data/a1,1629450451618,1629450482631,,,
question,/data/a1/a1_a_4a,1629450451618,1629450482631,,T-F0093-P0049,
group questions,/data/e4,1629450482656,1629450485487,,,
question,/data/e4/e4_1,1629450482656,1629450485487,,0,
group questions,/data/k2,1629450485507,1629450488437,,,
question,/data/k2/k2_1,1629450485508,1629450488437,,0,
group questions,/data/g5,1629450488459,1629450507797,,,
question,/data/g5/g5_1,1629450488459,1629450507797,,1,
question,/data/g5/i4_1,1629450488459,1629450507797,,0,
question,/data/g5/h4_1,1629450488459,1629450507797,,1,
group questions,/data/h4,1629450507830,1629450529211,,,
question,/data/h4/h4_2,1629450507830,1629450529211,,1,
question,/data/h4/h4_3,1629450507830,1629450529211,,1,
question,/data/h4/h4_4,1629450507830,1629450529211,,5,
group questions,/data/j4,1629450529241,1629450677407,,,
question,/data/j4/j4_2,1629450529242,1629450677407,,1,
question,/data/j4/j4_1,1629450529242,1629450677407,,1,
question,/data/j4/h4_6,1629450529242,1629450677407,,96,
group questions,/data/l3,1629450677446,1629450715938,,,
question,/data/l3/l3_1,1629450677447,1629450715938,,5,
question,/data/l3/l3_2,1629450677447,1629450715938,,5,
question,/data/l3/l3_3,1629450677447,1629450715938,,5,
question,/data/l3/l3_4,1629450677447,1629450715938,,5,
question,/data/l3/l3_5,1629450677447,1629450715938,,5,
question,/data/l3/l3_6,1629450677447,1629450715938,,2,
question,/data/l3/l3_7,1629450677447,1629450715938,,5,
group questions,/data/b2,1629450715981,1629450740026,,,
question,/data/b2/b1_7,1629450715981,1629450740026,,1,
question,/data/b2/b2_10,1629450715981,1629450740026,,0,
question,/data/b2/b2_9a,1629450715981,1629450740026,,0,
question,/data/b2/b2_8,1629450715981,1629450740026,,3,
end screen,,1629450740057,1629450747376,,,
group questions,/data/b2,1629450747377,1629450748965,,,
group questions,/data/l3,1629450748995,1629450750791,,,
group questions,/data/j4,1629450750834,1629450753767,,,
group questions,/data/h4,1629450753797,1629450763823,,,
group questions,/data/g5,1629450763858,1629450765531,,,
group questions,/data/h4,1629450765563,1629450776931,,,
group questions,/data/j4,1629450776962,1629450778255,,,
group questions,/data/l3,1629450778289,1629450780447,,,
group questions,/data/j4,1629450780494,1629450786352,,,
group questions,/data/l3,1629450786390,1629450791646,,,
group questions,/data/b2,1629450791695,1629450809286,,,
end screen,,1629450809320,1629450813270,,,
form save,,1629450813542,,,,
form exit,,1629450813543,,,,
form finalize,,1629450813543,,,,
