event,node,start,end,old-value,new-value,change-reason
form start,,1630322041939,,,,
group questions,/data/front_page,1630322041940,1630322043237,,,
group questions,/data/b1,1630322043253,1630322044710,,,
group questions,/data/a1,1630322044737,1630322068585,,,
question,/data/a1/a1_a_4a,1630322044737,1630322068585,,T-F0093-P0072,
group questions,/data/e4,1630322068609,1630322071635,,,
question,/data/e4/e4_1,1630322068610,1630322071635,,0,
group questions,/data/k2,1630322071655,1630322074813,,,
question,/data/k2/k2_1,1630322071655,1630322074813,,0,
group questions,/data/g5,1630322074834,1630322085793,,,
question,/data/g5/g5_1,1630322074835,1630322085793,,1,
question,/data/g5/i4_1,1630322074835,1630322085793,,0,
question,/data/g5/h4_1,1630322074835,1630322085793,,1,
group questions,/data/h4,1630322085828,1630322113266,,,
question,/data/h4/h4_2,1630322085828,1630322113266,,2,
question,/data/h4/h4_3,1630322085828,1630322113266,,1,
question,/data/h4/h4_4,1630322085828,1630322113266,,5,
group questions,/data/j4,1630322113296,1630322121308,,,
question,/data/j4/j4_2,1630322113296,1630322121308,,0,
question,/data/j4/j4_1,1630322113296,1630322121308,,1,
question,/data/j4/h4_6,1630322113296,1630322121308,,96,
group questions,/data/l3,1630322121338,1630322152569,,,
question,/data/l3/l3_1,1630322121338,1630322152569,,5,
question,/data/l3/l3_2,1630322121338,1630322152569,,5,
question,/data/l3/l3_3,1630322121338,1630322152569,,5,
question,/data/l3/l3_4,1630322121338,1630322152569,,5,
question,/data/l3/l3_5,1630322121338,1630322152569,,5,
question,/data/l3/l3_6,1630322121338,1630322152569,,4,
question,/data/l3/l3_7,1630322121338,1630322152569,,5,
group questions,/data/b2,1630322152617,1630322167780,,,
question,/data/b2/b1_7,1630322152618,1630322167780,,1,
group questions,/data/l3,1630322167812,1630322173741,,,
group questions,/data/j4,1630322173788,1630322174948,,,
group questions,/data/l3,1630322174981,1630322183966,,,
group questions,/data/b2,1630322184008,1630322187249,,,
group questions,/data/l3,1630322187278,1630322196548,,,
group questions,/data/b2,1630322196587,1630322213404,,,
question,/data/b2/b2_10,1630322196587,1630322213404,,0,
question,/data/b2/b2_9a,1630322196587,1630322213404,,0,
question,/data/b2/b2_8,1630322196587,1630322213404,,1,
end screen,,1630322213432,1630322217009,,,
form save,,1630322217176,,,,
form exit,,1630322217176,,,,
form resume,,1630339984102,,,,
jump,,1630339984102,1630339990484,,,
group questions,/data/b1,1630339988892,1630339990484,,,
group questions,/data/a1,1630339990515,1630339991943,,,
group questions,/data/e4,1630339991965,1630339993341,,,
group questions,/data/k2,1630339993359,1630339994845,,,
group questions,/data/g5,1630339994863,1630339999083,,,
group questions,/data/h4,1630339999112,1630340098360,,,
question,/data/h4/h4_2,1630339999113,1630340098360,2,3,
question,/data/h4/h4_3,1630339999113,1630340098360,1,3,
question,/data/h4/h4_4,1630339999113,1630340098360,5,3,
group questions,/data/j4,1630340098387,1630340108660,,,
group questions,/data/l3,1630340108687,1630340176017,,,
question,/data/l3/l3_6,1630340108687,1630340176017,4,3,
question,/data/l3/l3_7,1630340108687,1630340176017,5,4,
group questions,/data/b2,1630340176061,1630340212007,,,
end screen,,1630340212039,1630340216227,,,
change reason,,1630340406536,,,,missed medicine
form save,,1630340406796,,,,
form exit,,1630340406796,,,,
form finalize,,1630340406796,,,,
