event,node,start,end,old-value,new-value,change-reason
form start,,1628505994905,,,,
group questions,/data/front_page,1628505994905,1628505996957,,,
group questions,/data/b1,1628505996973,1628506007058,,,
question,/data/b1/fcode,1628505996977,1628506007058,F0039,F0029,
group questions,/data/a1,1628506007088,1628506029320,,,
question,/data/a1/a1_a_4a,1628506007088,1628506029320,,T-F0029-P0042,
group questions,/data/e4,1628506029345,1628506080898,,,
question,/data/e4/e4_1,1628506029346,1628506080898,,1,
group questions,/data/g5,1628506080925,1628506092181,,,
question,/data/g5/g5_1,1628506080926,1628506092181,,1,
question,/data/g5/i4_1,1628506080926,1628506092181,,0,
question,/data/g5/h4_1,1628506080926,1628506092181,,1,
group questions,/data/h4,1628506092212,1628506113182,,,
question,/data/h4/h4_2,1628506092212,1628506113182,,1,
question,/data/h4/h4_3,1628506092212,1628506113182,,1,
question,/data/h4/h4_4,1628506092212,1628506113182,,5,
group questions,/data/j4,1628506113209,1628506149668,,,
question,/data/j4/j4_2,1628506113209,1628506149668,,0,
question,/data/j4/j4_1,1628506113209,1628506149668,,1,
question,/data/j4/h4_6,1628506113209,1628506149668,,96,
group questions,/data/l3,1628506149694,1628506160230,,,
question,/data/l3/l3_1,1628506149694,1628506160230,,5,
question,/data/l3/l3_2,1628506149694,1628506160230,,4,
question,/data/l3/l3_3,1628506149694,1628506160230,,5,
question,/data/l3/l3_4,1628506149694,1628506160230,,4,
question,/data/l3/l3_5,1628506149694,1628506160230,,5,
question,/data/l3/l3_6,1628506149694,1628506160230,,5,
question,/data/l3/l3_7,1628506149694,1628506160230,,5,
group questions,/data/b2,1628506160272,1628506215652,,,
question,/data/b2/b1_7,1628506160272,1628506215652,,2,
question,/data/b2/b2_10,1628506160272,1628506215652,,1,
question,/data/b2/b2_9a,1628506160272,1628506215652,,0,
question,/data/b2/b2_8,1628506160272,1628506215652,,3,
end screen,,1628506215695,1628506221075,,,
form save,,1628506221266,,,,
form exit,,1628506221266,,,,
form resume,,1628508877393,,,,
jump,,1628508877394,1628508881840,,,
group questions,/data/front_page,1628508881863,1628508883207,,,
group questions,/data/b1,1628508883222,1628508885315,,,
group questions,/data/a1,1628508885343,1628508886500,,,
group questions,/data/e4,1628508886527,1628508890190,,,
group questions,/data/g5,1628508890222,1628508891983,,,
group questions,/data/h4,1628508892019,1628508894892,,,
group questions,/data/j4,1628508894923,1628508898042,,,
group questions,/data/l3,1628508898072,1628508901598,,,
group questions,/data/b2,1628508901646,1628508905114,,,
end screen,,1628508905157,1628508914855,,,
group questions,/data/b2,1628508914856,1628509107371,,,
end screen,,1628509107406,1628509109474,,,
form save,,1628509109716,,,,
form exit,,1628509109716,,,,
form finalize,,1628509109716,,,,
