event,node,start,end,old-value,new-value,change-reason
form start,,1629707555646,,,,
group questions,/data/front_page,1629707555647,1629707563093,,,
group questions,/data/b1,1629707563107,1629707564668,,,
group questions,/data/a1,1629707564689,1629707601716,,,
question,/data/a1/a1_a_4a,1629707564690,1629707601716,,T-F0085-P0063,
group questions,/data/e4,1629707601738,1629707604849,,,
question,/data/e4/e4_1,1629707601738,1629707604849,,0,
group questions,/data/k2,1629707604868,1629707631923,,,
question,/data/k2/k2_1,1629707604869,1629707631923,,0,
group questions,/data/g5,1629707631945,1629707642505,,,
question,/data/g5/g5_1,1629707631945,1629707642505,,1,
question,/data/g5/i4_1,1629707631945,1629707642505,,0,
question,/data/g5/h4_1,1629707631945,1629707642505,,1,
group questions,/data/h4,1629707642535,1629707671215,,,
question,/data/h4/h4_2,1629707642536,1629707671215,,1,
question,/data/h4/h4_3,1629707642536,1629707671215,,1,
question,/data/h4/h4_4,1629707642536,1629707671215,,5,
group questions,/data/j4,1629707671248,1629707956383,,,
question,/data/j4/j4_2,1629707671248,1629707956383,,0,
group questions,/data/h4,1629707956408,1629707957756,,,
group questions,/data/g5,1629707957781,1629707959222,,,
group questions,/data/k2,1629707959250,1629707960515,,,
group questions,/data/e4,1629707960533,1629707961755,,,
group questions,/data/a1,1629707961771,1629707979133,,,
group questions,/data/e4,1629707979153,1629707990764,,,
group questions,/data/k2,1629707990781,1629707993023,,,
group questions,/data/g5,1629707993040,1629708000406,,,
group questions,/data/k2,1629708000435,1629708001411,,,
group questions,/data/e4,1629708001429,1629708002651,,,
group questions,/data/a1,1629708002668,1629708007778,,,
group questions,/data/e4,1629708007800,1629708008677,,,
group questions,/data/k2,1629708008695,1629708009720,,,
group questions,/data/g5,1629708009737,1629708011784,,,
group questions,/data/h4,1629708011813,1629708014371,,,
group questions,/data/j4,1629708014398,1629708023204,,,
question,/data/j4/j4_1,1629708014398,1629708023204,,1,
question,/data/j4/h4_6,1629708014398,1629708023204,,96,
group questions,/data/l3,1629708023233,1629708045276,,,
question,/data/l3/l3_1,1629708023233,1629708045276,,5,
question,/data/l3/l3_2,1629708023233,1629708045276,,5,
question,/data/l3/l3_3,1629708023233,1629708045276,,5,
question,/data/l3/l3_4,1629708023233,1629708045276,,4,
question,/data/l3/l3_5,1629708023233,1629708045276,,5,
question,/data/l3/l3_6,1629708023233,1629708045276,,3,
question,/data/l3/l3_7,1629708023233,1629708045276,,4,
group questions,/data/b2,1629708045320,1629708063561,,,
question,/data/b2/b1_7,1629708045320,1629708063561,,1,
question,/data/b2/b2_10,1629708045320,1629708063561,,1,
question,/data/b2/b2_9a,1629708045320,1629708063561,,0,
question,/data/b2/b2_8,1629708045320,1629708063561,,3,
end screen,,1629708063594,1629708065627,,,
form save,,1629708065770,,,,
form exit,,1629708065770,,,,
form resume,,1629717091291,,,,
jump,,1629717091292,1629717092466,,,
end screen,,1629717092484,1629717093637,,,
form save,,1629717093864,,,,
form exit,,1629717093864,,,,
form finalize,,1629717093864,,,,
