staff_pos,generated_note_name_84,generated_note_name_85,staff_type,staff_oth_type,staff_type_lbl,staff_status,staff_status_lbl,staff_time,staff_time_lbl,staff_childcare,imci_training,path_imci_training,cmpl_imci_training,staff_training,staff_end,generated_note_name_99,staff1,staff2,staff3,staff4,staff5,staff6,staff7,staff8,staff9,staff10,staff11,staff12,staff13,staff14,staff99,staff100,clinical_staff_nb,nonclinical_staff_nb,clinical_volunteer_nb,nonclinical_volunteer_nb,ft_clinical_staff_nb,pt_clinical_staff_nb,u5_staff_nb,u5_md_nb,u5_npc_nb,u5_aide_nb,imci_nb,imci_path_nb,imci_oth_nb,imci_ns_nb,imci_path_cmpl_nb,PARENT_KEY,KEY
1,,,4,,"Tabibu (CO, CA, AMO)",2,Walioajiriwa,1,Muda wote,1,1,0,0,96,1,,0,0,0,1,0,0,0,0,0,0,0,0,0,0,0,0,1,0,0,0,1,0,1,0,1,0,1,0,1,0,0,uuid:fe61cd8c-5304-4375-98f5-3381e90e75a5,uuid:fe61cd8c-5304-4375-98f5-3381e90e75a5/staff[1]
2,,,4,,"Tabibu (CO, CA, AMO)",1,Waliopangiwa,2,Muda mfupi,1,0,,,96,1,,0,0,0,1,0,0,0,0,0,0,0,0,0,0,0,0,1,0,0,0,0,1,1,0,1,0,0,0,0,0,0,uuid:fe61cd8c-5304-4375-98f5-3381e90e75a5,uuid:fe61cd8c-5304-4375-98f5-3381e90e75a5/staff[2]
3,,,6,,Muuguzi/mkunga aliyesajiliwa (RN),2,Walioajiriwa,1,Muda wote,1,0,,,8,1,,0,0,0,0,0,1,0,0,0,0,0,0,0,0,0,0,1,0,0,0,1,0,1,0,1,0,0,0,0,0,0,uuid:fe61cd8c-5304-4375-98f5-3381e90e75a5,uuid:fe61cd8c-5304-4375-98f5-3381e90e75a5/staff[3]
4,,,8,,Shahada inayoendana na ukunga,2,Walioajiriwa,1,Muda wote,1,0,,,8,1,,0,0,0,0,0,0,0,1,0,0,0,0,0,0,0,0,1,0,0,0,1,0,1,0,1,0,0,0,0,0,0,uuid:fe61cd8c-5304-4375-98f5-3381e90e75a5,uuid:fe61cd8c-5304-4375-98f5-3381e90e75a5/staff[4]
5,,,99,Lab technician,Lab technician,2,Walioajiriwa,1,Muda wote,1,0,,,96,0,,0,0,0,0,0,0,0,0,0,0,0,0,0,0,1,0,1,0,0,0,1,0,1,0,0,0,0,0,0,0,0,uuid:fe61cd8c-5304-4375-98f5-3381e90e75a5,uuid:fe61cd8c-5304-4375-98f5-3381e90e75a5/staff[5]
1,,,4,,"Tabibu (CO, CA, AMO)",1,Waliopangiwa,1,Muda wote,1,1,1,1,96,1,,0,0,0,1,0,0,0,0,0,0,0,0,0,0,0,0,1,0,0,0,1,0,1,0,1,0,1,1,0,0,1,uuid:32d52b2b-ceb6-4bd9-b197-23d9a5c5e09d,uuid:32d52b2b-ceb6-4bd9-b197-23d9a5c5e09d/staff[1]
2,,,6,,Muuguzi/mkunga aliyesajiliwa (RN),1,Waliopangiwa,1,Muda wote,1,0,,,96,0,,0,0,0,0,0,1,0,0,0,0,0,0,0,0,0,0,1,0,0,0,1,0,1,0,1,0,0,0,0,0,0,uuid:32d52b2b-ceb6-4bd9-b197-23d9a5c5e09d,uuid:32d52b2b-ceb6-4bd9-b197-23d9a5c5e09d/staff[2]
1,,,4,,"Tabibu (CO, CA, AMO)",2,Walioajiriwa,1,Muda wote,1,1,1,1,8,1,,0,0,0,1,0,0,0,0,0,0,0,0,0,0,0,0,1,0,0,0,1,0,1,0,1,0,1,1,0,0,1,uuid:49a885da-765e-48b4-9fbd-c60b76c0c640,uuid:49a885da-765e-48b4-9fbd-c60b76c0c640/staff[1]
2,,,9,,Muuguzi aliyejiunga kazini (EN) /  Mkunga aliyejiunga kazini,2,Walioajiriwa,1,Muda wote,1,0,,,8,1,,0,0,0,0,0,0,0,0,1,0,0,0,0,0,0,0,1,0,0,0,1,0,1,0,1,0,0,0,0,0,0,uuid:49a885da-765e-48b4-9fbd-c60b76c0c640,uuid:49a885da-765e-48b4-9fbd-c60b76c0c640/staff[2]
3,,,99,Lab Technician,Lab Technician,2,Walioajiriwa,1,Muda wote,1,0,,,96,1,,0,0,0,0,0,0,0,0,0,0,0,0,0,0,1,0,1,0,0,0,1,0,1,0,0,0,0,0,0,0,0,uuid:49a885da-765e-48b4-9fbd-c60b76c0c640,uuid:49a885da-765e-48b4-9fbd-c60b76c0c640/staff[3]
4,,,10,,Muhudumu wa afya,2,Walioajiriwa,1,Muda wote,1,0,,,96,1,,0,0,0,0,0,0,0,0,0,1,0,0,0,0,0,0,1,0,0,0,1,0,1,0,0,1,0,0,0,0,0,uuid:49a885da-765e-48b4-9fbd-c60b76c0c640,uuid:49a885da-765e-48b4-9fbd-c60b76c0c640/staff[4]
5,,,10,,Muhudumu wa afya,2,Walioajiriwa,1,Muda wote,0,,,,,0,,0,0,0,0,0,0,0,0,0,1,0,0,0,0,0,0,1,0,0,0,1,0,0,0,0,0,0,0,0,0,0,uuid:49a885da-765e-48b4-9fbd-c60b76c0c640,uuid:49a885da-765e-48b4-9fbd-c60b76c0c640/staff[5]
1,,,4,,"Tabibu (CO, CA, AMO)",2,Walioajiriwa,1,Muda wote,1,1,1,1,96,1,,0,0,0,1,0,0,0,0,0,0,0,0,0,0,0,0,1,0,0,0,1,0,1,0,1,0,1,1,0,0,1,uuid:289abcb3-d7e7-4f5e-a975-876737aa344a,uuid:289abcb3-d7e7-4f5e-a975-876737aa344a/staff[1]
2,,,6,,Muuguzi/mkunga aliyesajiliwa (RN),2,Walioajiriwa,1,Muda wote,1,1,1,1,96,1,,0,0,0,0,0,1,0,0,0,0,0,0,0,0,0,0,1,0,0,0,1,0,1,0,1,0,1,1,0,0,1,uuid:289abcb3-d7e7-4f5e-a975-876737aa344a,uuid:289abcb3-d7e7-4f5e-a975-876737aa344a/staff[2]
3,,,7,,Mtaalamu wa ukunga,2,Walioajiriwa,1,Muda wote,0,,,,,1,,0,0,0,0,0,0,1,0,0,0,0,0,0,0,0,0,1,0,0,0,1,0,0,0,0,0,0,0,0,0,0,uuid:289abcb3-d7e7-4f5e-a975-876737aa344a,uuid:289abcb3-d7e7-4f5e-a975-876737aa344a/staff[3]
4,,,99,Lab Technician,Lab Technician,2,Walioajiriwa,1,Muda wote,0,,,,,0,,0,0,0,0,0,0,0,0,0,0,0,0,0,0,1,0,1,0,0,0,1,0,0,0,0,0,0,0,0,0,0,uuid:289abcb3-d7e7-4f5e-a975-876737aa344a,uuid:289abcb3-d7e7-4f5e-a975-876737aa344a/staff[4]
1,,,4,,"Tabibu (CO, CA, AMO)",1,Waliopangiwa,1,Muda wote,1,0,,,96,1,,0,0,0,1,0,0,0,0,0,0,0,0,0,0,0,0,1,0,0,0,1,0,1,0,1,0,0,0,0,0,0,uuid:f505d065-163e-42a3-8a85-25988890b584,uuid:f505d065-163e-42a3-8a85-25988890b584/staff[1]
2,,,9,,Muuguzi aliyejiunga kazini (EN) /  Mkunga aliyejiunga kazini,1,Waliopangiwa,1,Muda wote,1,1,0,98,96,1,,0,0,0,0,0,0,0,0,1,0,0,0,0,0,0,0,1,0,0,0,1,0,1,0,1,0,1,0,1,0,0,uuid:f505d065-163e-42a3-8a85-25988890b584,uuid:f505d065-163e-42a3-8a85-25988890b584/staff[2]
3,,,9,,Muuguzi aliyejiunga kazini (EN) /  Mkunga aliyejiunga kazini,1,Waliopangiwa,1,Muda wote,1,0,,,96,1,,0,0,0,0,0,0,0,0,1,0,0,0,0,0,0,0,1,0,0,0,1,0,1,0,1,0,0,0,0,0,0,uuid:f505d065-163e-42a3-8a85-25988890b584,uuid:f505d065-163e-42a3-8a85-25988890b584/staff[3]
4,,,99,Laboratory assistant,Laboratory assistant,1,Waliopangiwa,1,Muda wote,1,0,,,96,1,,0,0,0,0,0,0,0,0,0,0,0,0,0,0,1,0,1,0,0,0,1,0,1,0,0,0,0,0,0,0,0,uuid:f505d065-163e-42a3-8a85-25988890b584,uuid:f505d065-163e-42a3-8a85-25988890b584/staff[4]
5,,,99,Medical attendant,Medical attendant,1,Waliopangiwa,1,Muda wote,1,0,,,96,0,,0,0,0,0,0,0,0,0,0,0,0,0,0,0,1,0,1,0,0,0,1,0,1,0,0,0,0,0,0,0,0,uuid:f505d065-163e-42a3-8a85-25988890b584,uuid:f505d065-163e-42a3-8a85-25988890b584/staff[5]
1,,,7,,Midwifery professional,1,Assigned,1,Full-time,1,1,1,1,4,0,,0,0,0,0,0,0,1,0,0,0,0,0,0,0,0,0,1,0,0,0,1,0,1,0,1,0,1,1,0,0,1,uuid:89f938a4-4c79-4d84-9fb8-0ef69e23ee23,uuid:89f938a4-4c79-4d84-9fb8-0ef69e23ee23/staff[1]
1,,,4,,"Tabibu (CO, CA, AMO)",2,Walioajiriwa,1,Muda wote,1,0,,,2,1,,0,0,0,1,0,0,0,0,0,0,0,0,0,0,0,0,1,0,0,0,1,0,1,0,1,0,0,0,0,0,0,uuid:859fb5e5-c2dc-46d1-ab11-dc02286fb78b,uuid:859fb5e5-c2dc-46d1-ab11-dc02286fb78b/staff[1]
2,,,4,,"Tabibu (CO, CA, AMO)",2,Walioajiriwa,1,Muda wote,1,1,1,1,96,1,,0,0,0,1,0,0,0,0,0,0,0,0,0,0,0,0,1,0,0,0,1,0,1,0,1,0,1,1,0,0,1,uuid:859fb5e5-c2dc-46d1-ab11-dc02286fb78b,uuid:859fb5e5-c2dc-46d1-ab11-dc02286fb78b/staff[2]
3,,,4,,"Tabibu (CO, CA, AMO)",2,Walioajiriwa,1,Muda wote,1,0,,,96,1,,0,0,0,1,0,0,0,0,0,0,0,0,0,0,0,0,1,0,0,0,1,0,1,0,1,0,0,0,0,0,0,uuid:859fb5e5-c2dc-46d1-ab11-dc02286fb78b,uuid:859fb5e5-c2dc-46d1-ab11-dc02286fb78b/staff[3]
4,,,6,,Muuguzi/mkunga aliyesajiliwa (RN),2,Walioajiriwa,1,Muda wote,1,0,,,6 7,1,,0,0,0,0,0,1,0,0,0,0,0,0,0,0,0,0,1,0,0,0,1,0,1,0,1,0,0,0,0,0,0,uuid:859fb5e5-c2dc-46d1-ab11-dc02286fb78b,uuid:859fb5e5-c2dc-46d1-ab11-dc02286fb78b/staff[4]
5,,,99,Mteknolojia maabara,Mteknolojia maabara,2,Walioajiriwa,1,Muda wote,1,0,,,96,1,,0,0,0,0,0,0,0,0,0,0,0,0,0,0,1,0,1,0,0,0,1,0,1,0,0,0,0,0,0,0,0,uuid:859fb5e5-c2dc-46d1-ab11-dc02286fb78b,uuid:859fb5e5-c2dc-46d1-ab11-dc02286fb78b/staff[5]
6,,,99,Mteknolojia maabara,Mteknolojia maabara,2,Walioajiriwa,1,Muda wote,1,0,,,96,1,,0,0,0,0,0,0,0,0,0,0,0,0,0,0,1,0,1,0,0,0,1,0,1,0,0,0,0,0,0,0,0,uuid:859fb5e5-c2dc-46d1-ab11-dc02286fb78b,uuid:859fb5e5-c2dc-46d1-ab11-dc02286fb78b/staff[6]
7,,,10,,Muhudumu wa afya,2,Walioajiriwa,1,Muda wote,1,0,,,96,1,,0,0,0,0,0,0,0,0,0,1,0,0,0,0,0,0,1,0,0,0,1,0,1,0,0,1,0,0,0,0,0,uuid:859fb5e5-c2dc-46d1-ab11-dc02286fb78b,uuid:859fb5e5-c2dc-46d1-ab11-dc02286fb78b/staff[7]
8,,,6,,Muuguzi/mkunga aliyesajiliwa (RN),2,Walioajiriwa,1,Muda wote,1,0,,,96,1,,0,0,0,0,0,1,0,0,0,0,0,0,0,0,0,0,1,0,0,0,1,0,1,0,1,0,0,0,0,0,0,uuid:859fb5e5-c2dc-46d1-ab11-dc02286fb78b,uuid:859fb5e5-c2dc-46d1-ab11-dc02286fb78b/staff[8]
9,,,10,,Muhudumu wa afya,2,Walioajiriwa,1,Muda wote,1,0,,,96,1,,0,0,0,0,0,0,0,0,0,1,0,0,0,0,0,0,1,0,0,0,1,0,1,0,0,1,0,0,0,0,0,uuid:859fb5e5-c2dc-46d1-ab11-dc02286fb78b,uuid:859fb5e5-c2dc-46d1-ab11-dc02286fb78b/staff[9]
10,,,10,,Muhudumu wa afya,2,Walioajiriwa,1,Muda wote,1,0,,,96,1,,0,0,0,0,0,0,0,0,0,1,0,0,0,0,0,0,1,0,0,0,1,0,1,0,0,1,0,0,0,0,0,uuid:859fb5e5-c2dc-46d1-ab11-dc02286fb78b,uuid:859fb5e5-c2dc-46d1-ab11-dc02286fb78b/staff[10]
11,,,4,,"Tabibu (CO, CA, AMO)",4,Wanaojitolea,2,Muda mfupi,0,,,,,0,,0,0,0,1,0,0,0,0,0,0,0,0,0,0,0,0,0,0,1,0,0,0,0,0,0,0,0,0,0,0,0,uuid:859fb5e5-c2dc-46d1-ab11-dc02286fb78b,uuid:859fb5e5-c2dc-46d1-ab11-dc02286fb78b/staff[11]
1,,,9,,Enrolled nurse / enrolled midwife,2,Employed,1,Full-time,1,1,1,1,96,1,,0,0,0,0,0,0,0,0,1,0,0,0,0,0,0,0,1,0,0,0,1,0,1,0,1,0,1,1,0,0,1,uuid:277e3be0-ea5a-44ec-b869-4e0c56b13c8d,uuid:277e3be0-ea5a-44ec-b869-4e0c56b13c8d/staff[1]
2,,,4,,Non-physician clinician,4,Volunteer,1,Full-time,0,,,,,0,,0,0,0,1,0,0,0,0,0,0,0,0,0,0,0,0,0,0,1,0,0,0,0,0,0,0,0,0,0,0,0,uuid:277e3be0-ea5a-44ec-b869-4e0c56b13c8d,uuid:277e3be0-ea5a-44ec-b869-4e0c56b13c8d/staff[2]
1,,,4,,"Tabibu (CO, CA, AMO)",1,Waliopangiwa,1,Muda wote,1,1,1,1,3 1,1,,0,0,0,1,0,0,0,0,0,0,0,0,0,0,0,0,1,0,0,0,1,0,1,0,1,0,1,1,0,0,1,uuid:421e5faf-9109-49da-a8f6-c2059d496391,uuid:421e5faf-9109-49da-a8f6-c2059d496391/staff[1]
2,,,6,,Muuguzi/mkunga aliyesajiliwa (RN),1,Waliopangiwa,1,Muda wote,1,1,1,1,1 3,1,,0,0,0,0,0,1,0,0,0,0,0,0,0,0,0,0,1,0,0,0,1,0,1,0,1,0,1,1,0,0,1,uuid:421e5faf-9109-49da-a8f6-c2059d496391,uuid:421e5faf-9109-49da-a8f6-c2059d496391/staff[2]
3,,,99,Laboratory technician,Laboratory technician,3,Waliohamishwa kutoka vituo vingine,1,Muda wote,1,0,,,3,0,,0,0,0,0,0,0,0,0,0,0,0,0,0,0,1,0,1,0,0,0,1,0,1,0,0,0,0,0,0,0,0,uuid:421e5faf-9109-49da-a8f6-c2059d496391,uuid:421e5faf-9109-49da-a8f6-c2059d496391/staff[3]
4,,,99,Medical attendant,Medical attendant,1,Waliopangiwa,1,Muda wote,1,0,,,96,0,,0,0,0,0,0,0,0,0,0,0,0,0,0,0,1,0,1,0,0,0,1,0,1,0,0,0,0,0,0,0,0,uuid:421e5faf-9109-49da-a8f6-c2059d496391,uuid:421e5faf-9109-49da-a8f6-c2059d496391/staff[4]
1,,,4,,Non-physician clinician,2,Employed,1,Full-time,1,1,1,1,3,1,,0,0,0,1,0,0,0,0,0,0,0,0,0,0,0,0,1,0,0,0,1,0,1,0,1,0,1,1,0,0,1,uuid:b4ff7422-1179-4fa6-aef5-8f3773b70854,uuid:b4ff7422-1179-4fa6-aef5-8f3773b70854/staff[1]
2,,,4,,Non-physician clinician,2,Employed,1,Full-time,1,1,1,1,3,1,,0,0,0,1,0,0,0,0,0,0,0,0,0,0,0,0,1,0,0,0,1,0,1,0,1,0,1,1,0,0,1,uuid:b4ff7422-1179-4fa6-aef5-8f3773b70854,uuid:b4ff7422-1179-4fa6-aef5-8f3773b70854/staff[2]
3,,,6,,Associate degree nurse,2,Employed,1,Full-time,0,,,,,1,,0,0,0,0,0,1,0,0,0,0,0,0,0,0,0,0,1,0,0,0,1,0,0,0,0,0,0,0,0,0,0,uuid:b4ff7422-1179-4fa6-aef5-8f3773b70854,uuid:b4ff7422-1179-4fa6-aef5-8f3773b70854/staff[3]
4,,,9,,Enrolled nurse / enrolled midwife,2,Employed,1,Full-time,0,,,,,1,,0,0,0,0,0,0,0,0,1,0,0,0,0,0,0,0,1,0,0,0,1,0,0,0,0,0,0,0,0,0,0,uuid:b4ff7422-1179-4fa6-aef5-8f3773b70854,uuid:b4ff7422-1179-4fa6-aef5-8f3773b70854/staff[4]
5,,,99,Mteknolojia maabara,Mteknolojia maabara,2,Employed,1,Full-time,0,,,,,1,,0,0,0,0,0,0,0,0,0,0,0,0,0,0,1,0,1,0,0,0,1,0,0,0,0,0,0,0,0,0,0,uuid:b4ff7422-1179-4fa6-aef5-8f3773b70854,uuid:b4ff7422-1179-4fa6-aef5-8f3773b70854/staff[5]
6,,,10,,No technical qualification / nurse aide,2,Employed,1,Full-time,0,,,,,1,,0,0,0,0,0,0,0,0,0,1,0,0,0,0,0,0,1,0,0,0,1,0,0,0,0,0,0,0,0,0,0,uuid:b4ff7422-1179-4fa6-aef5-8f3773b70854,uuid:b4ff7422-1179-4fa6-aef5-8f3773b70854/staff[6]
7,,,10,,No technical qualification / nurse aide,4,Volunteer,2,Part-time,0,,,,,1,,0,0,0,0,0,0,0,0,0,1,0,0,0,0,0,0,0,0,1,0,0,0,0,0,0,0,0,0,0,0,0,uuid:b4ff7422-1179-4fa6-aef5-8f3773b70854,uuid:b4ff7422-1179-4fa6-aef5-8f3773b70854/staff[7]
8,,,10,,No technical qualification / nurse aide,4,Volunteer,2,Part-time,0,,,,,0,,0,0,0,0,0,0,0,0,0,1,0,0,0,0,0,0,0,0,1,0,0,0,0,0,0,0,0,0,0,0,0,uuid:b4ff7422-1179-4fa6-aef5-8f3773b70854,uuid:b4ff7422-1179-4fa6-aef5-8f3773b70854/staff[8]
9,,,10,,No technical qualification / nurse aide,4,Volunteer,2,Part-time,0,,,,,0,,0,0,0,0,0,0,0,0,0,1,0,0,0,0,0,0,0,0,1,0,0,0,0,0,0,0,0,0,0,0,0,uuid:b4ff7422-1179-4fa6-aef5-8f3773b70854,uuid:b4ff7422-1179-4fa6-aef5-8f3773b70854/staff[9]
1,,,4,,Non-physician clinician,2,Employed,1,Full-time,1,1,1,1,96,1,,0,0,0,1,0,0,0,0,0,0,0,0,0,0,0,0,1,0,0,0,1,0,1,0,1,0,1,1,0,0,1,uuid:6f2f5d66-022c-4a0d-ad0d-ecf0e827e82f,uuid:6f2f5d66-022c-4a0d-ad0d-ecf0e827e82f/staff[1]
2,,,6,,Associate degree nurse,2,Employed,1,Full-time,0,,,,,1,,0,0,0,0,0,1,0,0,0,0,0,0,0,0,0,0,1,0,0,0,1,0,0,0,0,0,0,0,0,0,0,uuid:6f2f5d66-022c-4a0d-ad0d-ecf0e827e82f,uuid:6f2f5d66-022c-4a0d-ad0d-ecf0e827e82f/staff[2]
3,,,9,,Enrolled nurse / enrolled midwife,2,Employed,1,Full-time,1,1,1,1,96,1,,0,0,0,0,0,0,0,0,1,0,0,0,0,0,0,0,1,0,0,0,1,0,1,0,1,0,1,1,0,0,1,uuid:6f2f5d66-022c-4a0d-ad0d-ecf0e827e82f,uuid:6f2f5d66-022c-4a0d-ad0d-ecf0e827e82f/staff[3]
4,,,9,,Enrolled nurse / enrolled midwife,2,Employed,1,Full-time,0,,,,,1,,0,0,0,0,0,0,0,0,1,0,0,0,0,0,0,0,1,0,0,0,1,0,0,0,0,0,0,0,0,0,0,uuid:6f2f5d66-022c-4a0d-ad0d-ecf0e827e82f,uuid:6f2f5d66-022c-4a0d-ad0d-ecf0e827e82f/staff[4]
5,,,99,LAB TECHNICIAN,LAB TECHNICIAN,3,Seconded,1,Full-time,1,0,,,96,1,,0,0,0,0,0,0,0,0,0,0,0,0,0,0,1,0,1,0,0,0,1,0,1,0,0,0,0,0,0,0,0,uuid:6f2f5d66-022c-4a0d-ad0d-ecf0e827e82f,uuid:6f2f5d66-022c-4a0d-ad0d-ecf0e827e82f/staff[5]
6,,,10,,No technical qualification / nurse aide,2,Employed,1,Full-time,0,,,,,1,,0,0,0,0,0,0,0,0,0,1,0,0,0,0,0,0,1,0,0,0,1,0,0,0,0,0,0,0,0,0,0,uuid:6f2f5d66-022c-4a0d-ad0d-ecf0e827e82f,uuid:6f2f5d66-022c-4a0d-ad0d-ecf0e827e82f/staff[6]
7,,,10,,No technical qualification / nurse aide,2,Employed,1,Full-time,0,,,,,0,,0,0,0,0,0,0,0,0,0,1,0,0,0,0,0,0,1,0,0,0,1,0,0,0,0,0,0,0,0,0,0,uuid:6f2f5d66-022c-4a0d-ad0d-ecf0e827e82f,uuid:6f2f5d66-022c-4a0d-ad0d-ecf0e827e82f/staff[7]
1,,,4,,Non-physician clinician,3,Seconded,1,Full-time,1,0,,,96,1,,0,0,0,1,0,0,0,0,0,0,0,0,0,0,0,0,1,0,0,0,1,0,1,0,1,0,0,0,0,0,0,uuid:2925ca93-365f-40e7-9107-0d414c60c115,uuid:2925ca93-365f-40e7-9107-0d414c60c115/staff[1]
2,,,10,,No technical qualification / nurse aide,1,Assigned,1,Full-time,0,,,,,1,,0,0,0,0,0,0,0,0,0,1,0,0,0,0,0,0,1,0,0,0,1,0,0,0,0,0,0,0,0,0,0,uuid:2925ca93-365f-40e7-9107-0d414c60c115,uuid:2925ca93-365f-40e7-9107-0d414c60c115/staff[2]
3,,,10,,No technical qualification / nurse aide,1,Assigned,1,Full-time,0,,,,,1,,0,0,0,0,0,0,0,0,0,1,0,0,0,0,0,0,1,0,0,0,1,0,0,0,0,0,0,0,0,0,0,uuid:2925ca93-365f-40e7-9107-0d414c60c115,uuid:2925ca93-365f-40e7-9107-0d414c60c115/staff[3]
4,,,9,,Enrolled nurse / enrolled midwife,1,Assigned,1,Full-time,0,,,,,1,,0,0,0,0,0,0,0,0,1,0,0,0,0,0,0,0,1,0,0,0,1,0,0,0,0,0,0,0,0,0,0,uuid:2925ca93-365f-40e7-9107-0d414c60c115,uuid:2925ca93-365f-40e7-9107-0d414c60c115/staff[4]
5,,,99,Lab Technician,Lab Technician,1,Assigned,1,Full-time,1,1,1,1,96,0,,0,0,0,0,0,0,0,0,0,0,0,0,0,0,1,0,1,0,0,0,1,0,1,0,0,0,1,1,0,0,1,uuid:2925ca93-365f-40e7-9107-0d414c60c115,uuid:2925ca93-365f-40e7-9107-0d414c60c115/staff[5]
1,,,3,,Generalist medical doctor,2,Employed,1,Full-time,1,1,1,1,3 4,1,,0,0,1,0,0,0,0,0,0,0,0,0,0,0,0,0,1,0,0,0,1,0,1,1,0,0,1,1,0,0,1,uuid:a5486fea-489d-47c3-9041-b2631b594022,uuid:a5486fea-489d-47c3-9041-b2631b594022/staff[1]
2,,,4,,Non-physician clinician,2,Employed,1,Full-time,1,1,1,1,6,1,,0,0,0,1,0,0,0,0,0,0,0,0,0,0,0,0,1,0,0,0,1,0,1,0,1,0,1,1,0,0,1,uuid:a5486fea-489d-47c3-9041-b2631b594022,uuid:a5486fea-489d-47c3-9041-b2631b594022/staff[2]
3,,,5,,Nursing professional,2,Employed,1,Full-time,1,1,1,1,6,1,,0,0,0,0,1,0,0,0,0,0,0,0,0,0,0,0,1,0,0,0,1,0,1,0,1,0,1,1,0,0,1,uuid:a5486fea-489d-47c3-9041-b2631b594022,uuid:a5486fea-489d-47c3-9041-b2631b594022/staff[3]
4,,,9,,Enrolled nurse / enrolled midwife,4,Volunteer,2,Part-time,1,,,,,0,,0,0,0,0,0,0,0,0,1,0,0,0,0,0,0,0,0,0,1,0,0,0,1,0,1,0,0,0,0,0,0,uuid:a5486fea-489d-47c3-9041-b2631b594022,uuid:a5486fea-489d-47c3-9041-b2631b594022/staff[4]
1,,,3,,Generalist medical doctor,2,Employed,1,Full-time,1,1,98,1,96,1,,0,0,1,0,0,0,0,0,0,0,0,0,0,0,0,0,1,0,0,0,1,0,1,1,0,0,1,0,0,1,0,uuid:7f0c1f07-5778-4532-9c39-104aa2760fac,uuid:7f0c1f07-5778-4532-9c39-104aa2760fac/staff[1]
2,,,5,,Nursing professional,4,Volunteer,1,Full-time,1,,,,,1,,0,0,0,0,1,0,0,0,0,0,0,0,0,0,0,0,0,0,1,0,0,0,1,0,1,0,0,0,0,0,0,uuid:7f0c1f07-5778-4532-9c39-104aa2760fac,uuid:7f0c1f07-5778-4532-9c39-104aa2760fac/staff[2]
3,,,9,,Enrolled nurse / enrolled midwife,2,Employed,1,Full-time,1,1,98,1,8,1,,0,0,0,0,0,0,0,0,1,0,0,0,0,0,0,0,1,0,0,0,1,0,1,0,1,0,1,0,0,1,0,uuid:7f0c1f07-5778-4532-9c39-104aa2760fac,uuid:7f0c1f07-5778-4532-9c39-104aa2760fac/staff[3]
4,,,99,CLINICAL OFFICER,CLINICAL OFFICER,2,Employed,1,Full-time,1,1,98,1,4,1,,0,0,0,0,0,0,0,0,0,0,0,0,0,0,1,0,1,0,0,0,1,0,1,0,0,0,1,0,0,1,0,uuid:7f0c1f07-5778-4532-9c39-104aa2760fac,uuid:7f0c1f07-5778-4532-9c39-104aa2760fac/staff[4]
5,,,9,,Enrolled nurse / enrolled midwife,3,Seconded,2,Part-time,1,0,,,96,0,,0,0,0,0,0,0,0,0,1,0,0,0,0,0,0,0,1,0,0,0,0,1,1,0,1,0,0,0,0,0,0,uuid:7f0c1f07-5778-4532-9c39-104aa2760fac,uuid:7f0c1f07-5778-4532-9c39-104aa2760fac/staff[5]
1,,,4,,Non-physician clinician,2,Employed,1,Full-time,1,0,,,96,1,,0,0,0,1,0,0,0,0,0,0,0,0,0,0,0,0,1,0,0,0,1,0,1,0,1,0,0,0,0,0,0,uuid:96e00cf6-f424-4718-8896-bb26df922bfe,uuid:96e00cf6-f424-4718-8896-bb26df922bfe/staff[1]
2,,,9,,Enrolled nurse / enrolled midwife,2,Employed,1,Full-time,1,0,,,96,1,,0,0,0,0,0,0,0,0,1,0,0,0,0,0,0,0,1,0,0,0,1,0,1,0,1,0,0,0,0,0,0,uuid:96e00cf6-f424-4718-8896-bb26df922bfe,uuid:96e00cf6-f424-4718-8896-bb26df922bfe/staff[2]
3,,,99,Medical attendant,Medical attendant,2,Employed,1,Full-time,1,0,,,96,0,,0,0,0,0,0,0,0,0,0,0,0,0,0,0,1,0,1,0,0,0,1,0,1,0,0,0,0,0,0,0,0,uuid:96e00cf6-f424-4718-8896-bb26df922bfe,uuid:96e00cf6-f424-4718-8896-bb26df922bfe/staff[3]
4,,,100,,Other non-clinical staff,2,Employed,2,Part-time,,,,,,0,,0,0,0,0,0,0,0,0,0,0,0,0,0,0,0,1,0,1,0,0,0,0,0,0,0,0,0,0,0,0,0,uuid:96e00cf6-f424-4718-8896-bb26df922bfe,uuid:96e00cf6-f424-4718-8896-bb26df922bfe/staff[4]
1,,,3,,Generalist medical doctor,2,Employed,1,Full-time,1,0,,,8,1,,0,0,1,0,0,0,0,0,0,0,0,0,0,0,0,0,1,0,0,0,1,0,1,1,0,0,0,0,0,0,0,uuid:84f29a8e-87e6-4d1f-8d1f-41baf168ca49,uuid:84f29a8e-87e6-4d1f-8d1f-41baf168ca49/staff[1]
2,,,4,,Non-physician clinician,2,Employed,1,Full-time,1,0,,,8,1,,0,0,0,1,0,0,0,0,0,0,0,0,0,0,0,0,1,0,0,0,1,0,1,0,1,0,0,0,0,0,0,uuid:84f29a8e-87e6-4d1f-8d1f-41baf168ca49,uuid:84f29a8e-87e6-4d1f-8d1f-41baf168ca49/staff[2]
3,,,7,,Midwifery professional,2,Employed,1,Full-time,1,0,,,8,0,,0,0,0,0,0,0,1,0,0,0,0,0,0,0,0,0,1,0,0,0,1,0,1,0,1,0,0,0,0,0,0,uuid:84f29a8e-87e6-4d1f-8d1f-41baf168ca49,uuid:84f29a8e-87e6-4d1f-8d1f-41baf168ca49/staff[3]
1,,,99,Clinical Officer,Clinical Officer,2,Employed,1,Full-time,1,1,1,1,96,1,,0,0,0,0,0,0,0,0,0,0,0,0,0,0,1,0,1,0,0,0,1,0,1,0,0,0,1,1,0,0,1,uuid:2603a98e-fcf9-4293-9367-855933d2f4bc,uuid:2603a98e-fcf9-4293-9367-855933d2f4bc/staff[1]
2,,,9,,Enrolled nurse / enrolled midwife,1,Assigned,1,Full-time,1,0,,,96,1,,0,0,0,0,0,0,0,0,1,0,0,0,0,0,0,0,1,0,0,0,1,0,1,0,1,0,0,0,0,0,0,uuid:2603a98e-fcf9-4293-9367-855933d2f4bc,uuid:2603a98e-fcf9-4293-9367-855933d2f4bc/staff[2]
3,,,99,Lab technician ,Lab technician ,2,Employed,1,Full-time,1,0,,,96,0,,0,0,0,0,0,0,0,0,0,0,0,0,0,0,1,0,1,0,0,0,1,0,1,0,0,0,0,0,0,0,0,uuid:2603a98e-fcf9-4293-9367-855933d2f4bc,uuid:2603a98e-fcf9-4293-9367-855933d2f4bc/staff[3]
1,,,4,,Non-physician clinician,2,Employed,1,Full-time,1,0,,,9,1,,0,0,0,1,0,0,0,0,0,0,0,0,0,0,0,0,1,0,0,0,1,0,1,0,1,0,0,0,0,0,0,uuid:7f027f18-e9f3-4553-aec7-b39367604cb0,uuid:7f027f18-e9f3-4553-aec7-b39367604cb0/staff[1]
2,,,4,,Non-physician clinician,2,Employed,1,Full-time,1,0,,,9,1,,0,0,0,1,0,0,0,0,0,0,0,0,0,0,0,0,1,0,0,0,1,0,1,0,1,0,0,0,0,0,0,uuid:7f027f18-e9f3-4553-aec7-b39367604cb0,uuid:7f027f18-e9f3-4553-aec7-b39367604cb0/staff[2]
3,,,4,,Non-physician clinician,2,Employed,1,Full-time,1,0,,,9,1,,0,0,0,1,0,0,0,0,0,0,0,0,0,0,0,0,1,0,0,0,1,0,1,0,1,0,0,0,0,0,0,uuid:7f027f18-e9f3-4553-aec7-b39367604cb0,uuid:7f027f18-e9f3-4553-aec7-b39367604cb0/staff[3]
4,,,6,,Associate degree nurse,2,Employed,1,Full-time,1,0,,,9,1,,0,0,0,0,0,1,0,0,0,0,0,0,0,0,0,0,1,0,0,0,1,0,1,0,1,0,0,0,0,0,0,uuid:7f027f18-e9f3-4553-aec7-b39367604cb0,uuid:7f027f18-e9f3-4553-aec7-b39367604cb0/staff[4]
5,,,9,,Enrolled nurse / enrolled midwife,2,Employed,1,Full-time,1,0,,,9,1,,0,0,0,0,0,0,0,0,1,0,0,0,0,0,0,0,1,0,0,0,1,0,1,0,1,0,0,0,0,0,0,uuid:7f027f18-e9f3-4553-aec7-b39367604cb0,uuid:7f027f18-e9f3-4553-aec7-b39367604cb0/staff[5]
6,,,9,,Enrolled nurse / enrolled midwife,2,Employed,1,Full-time,1,0,,,9,1,,0,0,0,0,0,0,0,0,1,0,0,0,0,0,0,0,1,0,0,0,1,0,1,0,1,0,0,0,0,0,0,uuid:7f027f18-e9f3-4553-aec7-b39367604cb0,uuid:7f027f18-e9f3-4553-aec7-b39367604cb0/staff[6]
7,,,10,,No technical qualification / nurse aide,2,Employed,1,Full-time,1,0,,,96,1,,0,0,0,0,0,0,0,0,0,1,0,0,0,0,0,0,1,0,0,0,1,0,1,0,0,1,0,0,0,0,0,uuid:7f027f18-e9f3-4553-aec7-b39367604cb0,uuid:7f027f18-e9f3-4553-aec7-b39367604cb0/staff[7]
8,,,10,,No technical qualification / nurse aide,2,Employed,1,Full-time,1,0,,,96,1,,0,0,0,0,0,0,0,0,0,1,0,0,0,0,0,0,1,0,0,0,1,0,1,0,0,1,0,0,0,0,0,uuid:7f027f18-e9f3-4553-aec7-b39367604cb0,uuid:7f027f18-e9f3-4553-aec7-b39367604cb0/staff[8]
9,,,10,,No technical qualification / nurse aide,2,Employed,1,Full-time,1,0,,,96,1,,0,0,0,0,0,0,0,0,0,1,0,0,0,0,0,0,1,0,0,0,1,0,1,0,0,1,0,0,0,0,0,uuid:7f027f18-e9f3-4553-aec7-b39367604cb0,uuid:7f027f18-e9f3-4553-aec7-b39367604cb0/staff[9]
10,,,11,,No technical qualification / triage assistant,2,Employed,1,Full-time,1,0,,,2,1,,0,0,0,0,0,0,0,0,0,0,1,0,0,0,0,0,1,0,0,0,1,0,1,0,0,1,0,0,0,0,0,uuid:7f027f18-e9f3-4553-aec7-b39367604cb0,uuid:7f027f18-e9f3-4553-aec7-b39367604cb0/staff[10]
11,,,99,Laboratory technician,Laboratory technician,2,Employed,1,Full-time,1,0,,,96,0,,0,0,0,0,0,0,0,0,0,0,0,0,0,0,1,0,1,0,0,0,1,0,1,0,0,0,0,0,0,0,0,uuid:7f027f18-e9f3-4553-aec7-b39367604cb0,uuid:7f027f18-e9f3-4553-aec7-b39367604cb0/staff[11]
